[255月2025 13:35:17.359] [main/INFO] [cpw.mods.modlauncher.Launcher/MODLAUNCHER]: ModLauncher running: args [--launchTarget, forgedatauserdev, --assetIndex, 5, --assetsDir, D:\Users\addor\.gradle\caches\forge_gradle\assets, --gameDir, ., --fml.forgeVersion, 47.1.3, --fml.mcVersion, 1.20.1, --fml.forgeGroup, net.minecraftforge, --fml.mcpVersion, 20230612.114412, --mod, maidsoulkitchen, --all, --output, G:\mc-mods\maidsoulkitchen\MaidsoulKitchen-1.20.1\src\generated\resources, --existing, G:\mc-mods\maidsoulkitchen\MaidsoulKitchen-1.20.1\src\main\resources, --mixin.config, maidsoulkitchen.mixins.json]
[255月2025 13:35:17.363] [main/INFO] [cpw.mods.modlauncher.Launcher/MODLAUNCHER]: ModLauncher 10.0.9+10.0.9+main.dcd20f30 starting: java version 17.0.14 by JetBrains s.r.o.; OS Windows 10 arch amd64 version 10.0
[255月2025 13:35:17.385] [main/DEBUG] [cpw.mods.modlauncher.LaunchServiceHandler/MODLAUNCHER]: Found launch services [fmlclientdev,forgeclient,minecraft,forgegametestserverdev,fmlserveruserdev,fmlclient,fmldatauserdev,forgeserverdev,forgeserveruserdev,forgeclientdev,forgeclientuserdev,forgeserver,forgedatadev,fmlserver,fmlclientuserdev,fmlserverdev,forgedatauserdev,testharness,forgegametestserveruserdev]
[255月2025 13:35:17.396] [main/DEBUG] [cpw.mods.modlauncher.NameMappingServiceHandler/MODLAUNCHER]: Found naming services : [srgtomcp]
[255月2025 13:35:17.410] [main/DEBUG] [cpw.mods.modlauncher.LaunchPluginHandler/MODLAUNCHER]: Found launch plugins: [mixin,eventbus,slf4jfixer,object_holder_definalize,runtime_enum_extender,capability_token_subclass,accesstransformer,runtimedistcleaner]
[255月2025 13:35:17.419] [main/DEBUG] [cpw.mods.modlauncher.TransformationServicesHandler/MODLAUNCHER]: Discovering transformation services
[255月2025 13:35:17.425] [main/DEBUG] [net.minecraftforge.fml.loading.FMLPaths/CORE]: Path GAMEDIR is G:\mc-mods\maidsoulkitchen\MaidsoulKitchen-1.20.1\run-data
[255月2025 13:35:17.426] [main/DEBUG] [net.minecraftforge.fml.loading.FMLPaths/CORE]: Path MODSDIR is G:\mc-mods\maidsoulkitchen\MaidsoulKitchen-1.20.1\run-data\mods
[255月2025 13:35:17.427] [main/DEBUG] [net.minecraftforge.fml.loading.FMLPaths/CORE]: Path CONFIGDIR is G:\mc-mods\maidsoulkitchen\MaidsoulKitchen-1.20.1\run-data\config
[255月2025 13:35:17.427] [main/DEBUG] [net.minecraftforge.fml.loading.FMLPaths/CORE]: Path FMLCONFIG is G:\mc-mods\maidsoulkitchen\MaidsoulKitchen-1.20.1\run-data\config\fml.toml
[255月2025 13:35:17.470] [main/WARN] [net.minecraftforge.fml.loading.FMLConfig/CORE]: Configuration file G:\mc-mods\maidsoulkitchen\MaidsoulKitchen-1.20.1\run-data\config\fml.toml is not correct. Correcting
[255月2025 13:35:17.471] [main/INFO] [net.minecraftforge.fml.loading.FMLConfig/CORE]: Incorrect key [earlyWindowSkipGLVersions] was corrected from null to []
[255月2025 13:35:17.471] [main/INFO] [net.minecraftforge.fml.loading.FMLConfig/CORE]: Incorrect key [earlyWindowSquir] was corrected from null to false
[255月2025 13:35:17.479] [main/DEBUG] [cpw.mods.modlauncher.TransformationServicesHandler/MODLAUNCHER]: Found additional transformation services from discovery services: 
[255月2025 13:35:17.483] [main/INFO] [net.minecraftforge.fml.loading.ImmediateWindowHandler/]: ImmediateWindowProvider not loading because launch target is forgedatauserdev
[255月2025 13:35:17.490] [main/DEBUG] [cpw.mods.modlauncher.TransformationServicesHandler/MODLAUNCHER]: Found transformer services : [mixin,fml]
[255月2025 13:35:17.490] [main/DEBUG] [cpw.mods.modlauncher.TransformationServicesHandler/MODLAUNCHER]: Transformation services loading
[255月2025 13:35:17.490] [main/DEBUG] [cpw.mods.modlauncher.TransformationServiceDecorator/MODLAUNCHER]: Loading service mixin
[255月2025 13:35:17.491] [main/DEBUG] [cpw.mods.modlauncher.TransformationServiceDecorator/MODLAUNCHER]: Loaded service mixin
[255月2025 13:35:17.491] [main/DEBUG] [cpw.mods.modlauncher.TransformationServiceDecorator/MODLAUNCHER]: Loading service fml
[255月2025 13:35:17.492] [main/DEBUG] [net.minecraftforge.fml.loading.LauncherVersion/CORE]: Found FMLLauncher version 1.0
[255月2025 13:35:17.492] [main/DEBUG] [net.minecraftforge.fml.loading.FMLLoader/CORE]: FML 1.0 loading
[255月2025 13:35:17.492] [main/DEBUG] [net.minecraftforge.fml.loading.FMLLoader/CORE]: FML found ModLauncher version : 10.0.9+10.0.9+main.dcd20f30
[255月2025 13:35:17.493] [main/DEBUG] [net.minecraftforge.fml.loading.FMLLoader/CORE]: FML found AccessTransformer version : 8.0.4+66+master.c09db6d7
[255月2025 13:35:17.494] [main/DEBUG] [net.minecraftforge.fml.loading.FMLLoader/CORE]: FML found EventBus version : 6.0.5+6.0.5+master.eb8e549b
[255月2025 13:35:17.494] [main/DEBUG] [net.minecraftforge.fml.loading.FMLLoader/CORE]: Found Runtime Dist Cleaner
[255月2025 13:35:17.496] [main/DEBUG] [net.minecraftforge.fml.loading.FMLLoader/CORE]: FML found CoreMod version : 5.0.1+15+master.dc5a2922
[255月2025 13:35:17.496] [main/DEBUG] [net.minecraftforge.fml.loading.FMLLoader/CORE]: Found ForgeSPI package implementation version 7.0.1+7.0.1+master.d2b38bf6
[255月2025 13:35:17.496] [main/DEBUG] [net.minecraftforge.fml.loading.FMLLoader/CORE]: Found ForgeSPI package specification 5
[255月2025 13:35:17.497] [main/DEBUG] [cpw.mods.modlauncher.TransformationServiceDecorator/MODLAUNCHER]: Loaded service fml
[255月2025 13:35:17.497] [main/DEBUG] [cpw.mods.modlauncher.TransformationServicesHandler/MODLAUNCHER]: Configuring option handling for services
[255月2025 13:35:17.503] [main/DEBUG] [cpw.mods.modlauncher.TransformationServicesHandler/MODLAUNCHER]: Transformation services initializing
[255月2025 13:35:17.503] [main/DEBUG] [cpw.mods.modlauncher.TransformationServiceDecorator/MODLAUNCHER]: Initializing transformation service mixin
[255月2025 13:35:17.513] [main/DEBUG] [mixin/]: MixinService [ModLauncher] was successfully booted in cpw.mods.cl.ModuleClassLoader@50eac852
[255月2025 13:35:17.524] [main/INFO] [mixin/]: SpongePowered MIXIN Subsystem Version=0.8.5 Source=union:/D:/Users/addor/.gradle/caches/modules-2/files-2.1/org.spongepowered/mixin/0.8.5/9d1c0c3a304ae6697ecd477218fa61b850bf57fc/mixin-0.8.5.jar%23129!/ Service=ModLauncher Env=CLIENT
[255月2025 13:35:17.527] [main/DEBUG] [mixin/]: Initialising Mixin Platform Manager
[255月2025 13:35:17.527] [main/DEBUG] [mixin/]: Adding mixin platform agents for container ModLauncher Root Container(ModLauncher:4f56a0a2)
[255月2025 13:35:17.528] [main/DEBUG] [mixin/]: Instancing new MixinPlatformAgentMinecraftForge for ModLauncher Root Container(ModLauncher:4f56a0a2)
[255月2025 13:35:17.528] [main/DEBUG] [mixin/]: MixinPlatformAgentMinecraftForge rejected container ModLauncher Root Container(ModLauncher:4f56a0a2)
[255月2025 13:35:17.528] [main/DEBUG] [mixin/]: Instancing new MixinPlatformAgentDefault for ModLauncher Root Container(ModLauncher:4f56a0a2)
[255月2025 13:35:17.529] [main/DEBUG] [mixin/]: MixinPlatformAgentDefault accepted container ModLauncher Root Container(ModLauncher:4f56a0a2)
[255月2025 13:35:17.530] [main/DEBUG] [cpw.mods.modlauncher.TransformationServiceDecorator/MODLAUNCHER]: Initialized transformation service mixin
[255月2025 13:35:17.530] [main/DEBUG] [cpw.mods.modlauncher.TransformationServiceDecorator/MODLAUNCHER]: Initializing transformation service fml
[255月2025 13:35:17.530] [main/DEBUG] [net.minecraftforge.fml.loading.FMLServiceProvider/CORE]: Setting up basic FML game directories
[255月2025 13:35:17.531] [main/DEBUG] [net.minecraftforge.fml.loading.FMLPaths/CORE]: Path GAMEDIR is G:\mc-mods\maidsoulkitchen\MaidsoulKitchen-1.20.1\run-data
[255月2025 13:35:17.531] [main/DEBUG] [net.minecraftforge.fml.loading.FMLPaths/CORE]: Path MODSDIR is G:\mc-mods\maidsoulkitchen\MaidsoulKitchen-1.20.1\run-data\mods
[255月2025 13:35:17.531] [main/DEBUG] [net.minecraftforge.fml.loading.FMLPaths/CORE]: Path CONFIGDIR is G:\mc-mods\maidsoulkitchen\MaidsoulKitchen-1.20.1\run-data\config
[255月2025 13:35:17.531] [main/DEBUG] [net.minecraftforge.fml.loading.FMLPaths/CORE]: Path FMLCONFIG is G:\mc-mods\maidsoulkitchen\MaidsoulKitchen-1.20.1\run-data\config\fml.toml
[255月2025 13:35:17.531] [main/DEBUG] [net.minecraftforge.fml.loading.FMLServiceProvider/CORE]: Loading configuration
[255月2025 13:35:17.533] [main/DEBUG] [net.minecraftforge.fml.loading.FMLServiceProvider/CORE]: Preparing ModFile
[255月2025 13:35:17.536] [main/DEBUG] [net.minecraftforge.fml.loading.FMLServiceProvider/CORE]: Preparing launch handler
[255月2025 13:35:17.536] [main/DEBUG] [net.minecraftforge.fml.loading.FMLLoader/CORE]: Using forgedatauserdev as launch service
[255月2025 13:35:17.545] [main/DEBUG] [net.minecraftforge.fml.loading.FMLLoader/CORE]: Received command line version data  : VersionInfo[forgeVersion=47.1.3, mcVersion=1.20.1, mcpVersion=20230612.114412, forgeGroup=net.minecraftforge]
[255月2025 13:35:17.546] [main/DEBUG] [cpw.mods.modlauncher.TransformationServiceDecorator/MODLAUNCHER]: Initialized transformation service fml
[255月2025 13:35:17.547] [main/DEBUG] [cpw.mods.modlauncher.NameMappingServiceHandler/MODLAUNCHER]: Current naming domain is 'mcp'
[255月2025 13:35:17.547] [main/DEBUG] [cpw.mods.modlauncher.NameMappingServiceHandler/MODLAUNCHER]: Identified name mapping providers {srg=srgtomcp:1234}
[255月2025 13:35:17.547] [main/DEBUG] [cpw.mods.modlauncher.TransformationServicesHandler/MODLAUNCHER]: Transformation services begin scanning
[255月2025 13:35:17.547] [main/DEBUG] [cpw.mods.modlauncher.TransformationServiceDecorator/MODLAUNCHER]: Beginning scan trigger - transformation service mixin
[255月2025 13:35:17.548] [main/DEBUG] [cpw.mods.modlauncher.TransformationServiceDecorator/MODLAUNCHER]: End scan trigger - transformation service mixin
[255月2025 13:35:17.548] [main/DEBUG] [cpw.mods.modlauncher.TransformationServiceDecorator/MODLAUNCHER]: Beginning scan trigger - transformation service fml
[255月2025 13:35:17.548] [main/DEBUG] [net.minecraftforge.fml.loading.FMLServiceProvider/CORE]: Initiating mod scan
[255月2025 13:35:17.557] [main/DEBUG] [net.minecraftforge.fml.loading.moddiscovery.ModListHandler/CORE]: Found mod coordinates from lists: []
[255月2025 13:35:17.561] [main/DEBUG] [net.minecraftforge.fml.loading.moddiscovery.ModDiscoverer/CORE]: Found Mod Locators : (mods folder:null),(maven libs:null),(exploded directory:null),(minecraft:null),(userdev classpath:null)
[255月2025 13:35:17.561] [main/DEBUG] [net.minecraftforge.fml.loading.moddiscovery.ModDiscoverer/CORE]: Found Dependency Locators : (JarInJar:null)
[255月2025 13:35:17.565] [main/DEBUG] [net.minecraftforge.fml.loading.targets.CommonLaunchHandler/CORE]: Got mod coordinates maidsoulkitchen%%G:\mc-mods\maidsoulkitchen\MaidsoulKitchen-1.20.1\build\resources\main;maidsoulkitchen%%G:\mc-mods\maidsoulkitchen\MaidsoulKitchen-1.20.1\build\classes\java\main from env
[255月2025 13:35:17.566] [main/DEBUG] [net.minecraftforge.fml.loading.targets.CommonLaunchHandler/CORE]: Found supplied mod coordinates [{maidsoulkitchen=[G:\mc-mods\maidsoulkitchen\MaidsoulKitchen-1.20.1\build\resources\main, G:\mc-mods\maidsoulkitchen\MaidsoulKitchen-1.20.1\build\classes\java\main]}]
[255月2025 13:35:17.799] [main/DEBUG] [net.minecraftforge.fml.loading.moddiscovery.ModFileInfo/LOADING]: Found valid mod file forge-1.20.1-47.1.3_mapped_parchment_2023.09.03-1.20.1.jar with {minecraft} mods - versions {1.20.1}
[255月2025 13:35:17.802] [main/DEBUG] [net.minecraftforge.fml.loading.moddiscovery.ModFileParser/LOADING]: Considering mod file candidate D:\Users\addor\.gradle\caches\modules-2\files-2.1\net.minecraftforge\javafmllanguage\1.20.1-47.1.3\9775dc3f284cdb3e0d33b372c328c6ef88e434b0\javafmllanguage-1.20.1-47.1.3.jar
[255月2025 13:35:17.802] [main/WARN] [net.minecraftforge.fml.loading.moddiscovery.ModFileParser/LOADING]: Mod file D:\Users\addor\.gradle\caches\modules-2\files-2.1\net.minecraftforge\javafmllanguage\1.20.1-47.1.3\9775dc3f284cdb3e0d33b372c328c6ef88e434b0\javafmllanguage-1.20.1-47.1.3.jar is missing mods.toml file
[255月2025 13:35:17.805] [main/DEBUG] [net.minecraftforge.fml.loading.moddiscovery.ModFileParser/LOADING]: Considering mod file candidate D:\Users\addor\.gradle\caches\modules-2\files-2.1\net.minecraftforge\lowcodelanguage\1.20.1-47.1.3\d785f4087ec3be094fd5aed801f5366ca958a81b\lowcodelanguage-1.20.1-47.1.3.jar
[255月2025 13:35:17.806] [main/WARN] [net.minecraftforge.fml.loading.moddiscovery.ModFileParser/LOADING]: Mod file D:\Users\addor\.gradle\caches\modules-2\files-2.1\net.minecraftforge\lowcodelanguage\1.20.1-47.1.3\d785f4087ec3be094fd5aed801f5366ca958a81b\lowcodelanguage-1.20.1-47.1.3.jar is missing mods.toml file
[255月2025 13:35:17.808] [main/DEBUG] [net.minecraftforge.fml.loading.moddiscovery.ModFileParser/LOADING]: Considering mod file candidate D:\Users\addor\.gradle\caches\modules-2\files-2.1\net.minecraftforge\mclanguage\1.20.1-47.1.3\be60c45f3578cdf944a669c6ea16fd91bec50f2e\mclanguage-1.20.1-47.1.3.jar
[255月2025 13:35:17.808] [main/WARN] [net.minecraftforge.fml.loading.moddiscovery.ModFileParser/LOADING]: Mod file D:\Users\addor\.gradle\caches\modules-2\files-2.1\net.minecraftforge\mclanguage\1.20.1-47.1.3\be60c45f3578cdf944a669c6ea16fd91bec50f2e\mclanguage-1.20.1-47.1.3.jar is missing mods.toml file
[255月2025 13:35:17.811] [main/DEBUG] [net.minecraftforge.fml.loading.moddiscovery.ModFileParser/LOADING]: Considering mod file candidate D:\Users\addor\.gradle\caches\modules-2\files-2.1\net.minecraftforge\fmlcore\1.20.1-47.1.3\1aadc0201d8e97b107d9978c7fe066bb54bbb9dc\fmlcore-1.20.1-47.1.3.jar
[255月2025 13:35:17.811] [main/WARN] [net.minecraftforge.fml.loading.moddiscovery.ModFileParser/LOADING]: Mod file D:\Users\addor\.gradle\caches\modules-2\files-2.1\net.minecraftforge\fmlcore\1.20.1-47.1.3\1aadc0201d8e97b107d9978c7fe066bb54bbb9dc\fmlcore-1.20.1-47.1.3.jar is missing mods.toml file
[255月2025 13:35:17.813] [main/DEBUG] [net.minecraftforge.fml.loading.moddiscovery.ModFileParser/LOADING]: Considering mod file candidate G:\mc-mods\maidsoulkitchen\MaidsoulKitchen-1.20.1\build\resources\main
[255月2025 13:35:17.838] [main/DEBUG] [net.minecraftforge.fml.loading.moddiscovery.ModFileInfo/LOADING]: Found valid mod file main with {maidsoulkitchen} mods - versions {0.1.4}
[255月2025 13:35:17.840] [main/DEBUG] [net.minecraftforge.fml.loading.moddiscovery.ModFileParser/LOADING]: Considering mod file candidate /
[255月2025 13:35:17.842] [main/DEBUG] [net.minecraftforge.fml.loading.moddiscovery.ModFileInfo/LOADING]: Found valid mod file  with {forge} mods - versions {47.1.3}
[255月2025 13:35:17.861] [main/DEBUG] [net.minecraftforge.fml.loading.moddiscovery.ModFileParser/LOADING]: Considering mod file candidate G:\mc-mods\maidsoulkitchen\MaidsoulKitchen-1.20.1\libs\1.20.1\runtimeOnly\quickmodstart-forge-1.20.1-1.0.0.jar
[255月2025 13:35:17.862] [main/DEBUG] [net.minecraftforge.fml.loading.moddiscovery.ModFileInfo/LOADING]: Found valid mod file quickmodstart-forge-1.20.1-1.0.0.jar with {quickmodstart} mods - versions {1.0.0}
[255月2025 13:35:17.868] [main/DEBUG] [net.minecraftforge.fml.loading.moddiscovery.ModFileParser/LOADING]: Considering mod file candidate D:\Users\addor\.gradle\caches\forge_gradle\deobf_dependencies\maven\modrinth\touhou-little-maid\1.2.2-hotfix-forge,1.20.1_mapped_parchment_2023.09.03-1.20.1\touhou-little-maid-1.2.2-hotfix-forge,1.20.1_mapped_parchment_2023.09.03-1.20.1.jar
[255月2025 13:35:17.872] [main/DEBUG] [net.minecraftforge.fml.loading.moddiscovery.ModFileInfo/LOADING]: Found valid mod file touhou-little-maid-1.2.2-hotfix-forge,1.20.1_mapped_parchment_2023.09.03-1.20.1.jar with {touhou_little_maid} mods - versions {1.2.2}
[255月2025 13:35:17.876] [main/DEBUG] [net.minecraftforge.fml.loading.moddiscovery.ModFileParser/LOADING]: Considering mod file candidate D:\Users\addor\.gradle\caches\forge_gradle\deobf_dependencies\maven\modrinth\farmers-delight\1.20.1-1.2.5-forge,1.20.1_mapped_parchment_2023.09.03-1.20.1\farmers-delight-1.20.1-1.2.5-forge,1.20.1_mapped_parchment_2023.09.03-1.20.1.jar
[255月2025 13:35:17.877] [main/DEBUG] [net.minecraftforge.fml.loading.moddiscovery.ModFileInfo/LOADING]: Found valid mod file farmers-delight-1.20.1-1.2.5-forge,1.20.1_mapped_parchment_2023.09.03-1.20.1.jar with {farmersdelight} mods - versions {1.20.1-1.2.5}
[255月2025 13:35:17.880] [main/DEBUG] [net.minecraftforge.fml.loading.moddiscovery.ModFileParser/LOADING]: Considering mod file candidate D:\Users\addor\.gradle\caches\forge_gradle\deobf_dependencies\maven\modrinth\miners-delight\1.20.1-1.2.3-forge,1.20.1_mapped_parchment_2023.09.03-1.20.1\miners-delight-1.20.1-1.2.3-forge,1.20.1_mapped_parchment_2023.09.03-1.20.1.jar
[255月2025 13:35:17.881] [main/DEBUG] [net.minecraftforge.fml.loading.moddiscovery.ModFileInfo/LOADING]: Found valid mod file miners-delight-1.20.1-1.2.3-forge,1.20.1_mapped_parchment_2023.09.03-1.20.1.jar with {miners_delight} mods - versions {1.20.1-1.2.3}
[255月2025 13:35:17.884] [main/DEBUG] [net.minecraftforge.fml.loading.moddiscovery.ModFileParser/LOADING]: Considering mod file candidate D:\Users\addor\.gradle\caches\forge_gradle\deobf_dependencies\maven\modrinth\my-nethers-delight\1.20.1-1.6-forge,1.20.1_mapped_parchment_2023.09.03-1.20.1\my-nethers-delight-1.20.1-1.6-forge,1.20.1_mapped_parchment_2023.09.03-1.20.1.jar
[255月2025 13:35:17.884] [main/DEBUG] [net.minecraftforge.fml.loading.moddiscovery.ModFileInfo/LOADING]: Found valid mod file my-nethers-delight-1.20.1-1.6-forge,1.20.1_mapped_parchment_2023.09.03-1.20.1.jar with {mynethersdelight} mods - versions {1.20.1-1.6}
[255月2025 13:35:17.889] [main/DEBUG] [net.minecraftforge.fml.loading.moddiscovery.ModFileParser/LOADING]: Considering mod file candidate D:\Users\addor\.gradle\caches\forge_gradle\deobf_dependencies\maven\modrinth\youkaishomecoming\2.3.4-forge,1.20.1_mapped_parchment_2023.09.03-1.20.1\youkaishomecoming-2.3.4-forge,1.20.1_mapped_parchment_2023.09.03-1.20.1.jar
[255月2025 13:35:17.891] [main/DEBUG] [net.minecraftforge.fml.loading.moddiscovery.ModFileInfo/LOADING]: Found valid mod file youkaishomecoming-2.3.4-forge,1.20.1_mapped_parchment_2023.09.03-1.20.1.jar with {youkaishomecoming} mods - versions {2.3.4}
[255月2025 13:35:17.897] [main/DEBUG] [net.minecraftforge.fml.loading.moddiscovery.ModFileParser/LOADING]: Considering mod file candidate D:\Users\addor\.gradle\caches\forge_gradle\deobf_dependencies\maven\modrinth\brewin-and-chewin\1.20.1-3.2.1-forge,1.20.1_mapped_parchment_2023.09.03-1.20.1\brewin-and-chewin-1.20.1-3.2.1-forge,1.20.1_mapped_parchment_2023.09.03-1.20.1.jar
[255月2025 13:35:17.897] [main/DEBUG] [net.minecraftforge.fml.loading.moddiscovery.ModFileInfo/LOADING]: Found valid mod file brewin-and-chewin-1.20.1-3.2.1-forge,1.20.1_mapped_parchment_2023.09.03-1.20.1.jar with {brewinandchewin} mods - versions {1.20.1-3.2.1}
[255月2025 13:35:17.901] [main/DEBUG] [net.minecraftforge.fml.loading.moddiscovery.ModFileParser/LOADING]: Considering mod file candidate D:\Users\addor\.gradle\caches\forge_gradle\deobf_dependencies\curse\maven\farmers-respite-551453\5543547_mapped_parchment_2023.09.03-1.20.1\farmers-respite-551453-5543547_mapped_parchment_2023.09.03-1.20.1.jar
[255月2025 13:35:17.901] [main/DEBUG] [net.minecraftforge.fml.loading.moddiscovery.ModFileInfo/LOADING]: Found valid mod file farmers-respite-551453-5543547_mapped_parchment_2023.09.03-1.20.1.jar with {farmersrespite} mods - versions {1.20.1-2.1}
[255月2025 13:35:17.906] [main/DEBUG] [net.minecraftforge.fml.loading.moddiscovery.ModFileParser/LOADING]: Considering mod file candidate D:\Users\addor\.gradle\caches\forge_gradle\deobf_dependencies\maven\modrinth\vintage-delight\0.1.6-forge,1.20.1_mapped_parchment_2023.09.03-1.20.1\vintage-delight-0.1.6-forge,1.20.1_mapped_parchment_2023.09.03-1.20.1.jar
[255月2025 13:35:17.906] [main/DEBUG] [net.minecraftforge.fml.loading.moddiscovery.ModFileInfo/LOADING]: Found valid mod file vintage-delight-0.1.6-forge,1.20.1_mapped_parchment_2023.09.03-1.20.1.jar with {vintagedelight} mods - versions {0.1.6}
[255月2025 13:35:17.912] [main/DEBUG] [net.minecraftforge.fml.loading.moddiscovery.ModFileParser/LOADING]: Considering mod file candidate D:\Users\addor\.gradle\caches\forge_gradle\deobf_dependencies\maven\modrinth\cuisine-delight\1.1.16-forge,1.20.1_mapped_parchment_2023.09.03-1.20.1\cuisine-delight-1.1.16-forge,1.20.1_mapped_parchment_2023.09.03-1.20.1.jar
[255月2025 13:35:17.914] [main/DEBUG] [net.minecraftforge.fml.loading.moddiscovery.ModFileInfo/LOADING]: Found valid mod file cuisine-delight-1.1.16-forge,1.20.1_mapped_parchment_2023.09.03-1.20.1.jar with {cuisinedelight} mods - versions {1.1.16}
[255月2025 13:35:17.917] [main/DEBUG] [net.minecraftforge.fml.loading.moddiscovery.ModFileParser/LOADING]: Considering mod file candidate D:\Users\addor\.gradle\caches\forge_gradle\deobf_dependencies\maven\modrinth\barbeques-delight-forge\1.0.5-forge,1.20.1_mapped_parchment_2023.09.03-1.20.1\barbeques-delight-forge-1.0.5-forge,1.20.1_mapped_parchment_2023.09.03-1.20.1.jar
[255月2025 13:35:17.918] [main/DEBUG] [net.minecraftforge.fml.loading.moddiscovery.ModFileInfo/LOADING]: Found valid mod file barbeques-delight-forge-1.0.5-forge,1.20.1_mapped_parchment_2023.09.03-1.20.1.jar with {barbequesdelight} mods - versions {1.0.5}
[255月2025 13:35:17.921] [main/DEBUG] [net.minecraftforge.fml.loading.moddiscovery.ModFileParser/LOADING]: Considering mod file candidate D:\Users\addor\.gradle\caches\forge_gradle\deobf_dependencies\maven\modrinth\kitchen-karrot\1.20.1-0.5.4-forge,1.20.1_mapped_parchment_2023.09.03-1.20.1\kitchen-karrot-1.20.1-0.5.4-forge,1.20.1_mapped_parchment_2023.09.03-1.20.1.jar
[255月2025 13:35:17.922] [main/DEBUG] [net.minecraftforge.fml.loading.moddiscovery.ModFileInfo/LOADING]: Found valid mod file kitchen-karrot-1.20.1-0.5.4-forge,1.20.1_mapped_parchment_2023.09.03-1.20.1.jar with {kitchenkarrot} mods - versions {1.20.1-0.5.4}
[255月2025 13:35:17.925] [main/DEBUG] [net.minecraftforge.fml.loading.moddiscovery.ModFileParser/LOADING]: Considering mod file candidate D:\Users\addor\.gradle\caches\forge_gradle\deobf_dependencies\maven\modrinth\drink-beer-refill\1.0.5-forge,1.20.1_mapped_parchment_2023.09.03-1.20.1\drink-beer-refill-1.0.5-forge,1.20.1_mapped_parchment_2023.09.03-1.20.1.jar
[255月2025 13:35:17.926] [main/DEBUG] [net.minecraftforge.fml.loading.moddiscovery.ModFileInfo/LOADING]: Found valid mod file drink-beer-refill-1.0.5-forge,1.20.1_mapped_parchment_2023.09.03-1.20.1.jar with {drinkbeer} mods - versions {1.0.5}
[255月2025 13:35:17.929] [main/DEBUG] [net.minecraftforge.fml.loading.moddiscovery.ModFileParser/LOADING]: Considering mod file candidate D:\Users\addor\.gradle\caches\forge_gradle\deobf_dependencies\curse\maven\crock-pot-404523\5458905_mapped_parchment_2023.09.03-1.20.1\crock-pot-404523-5458905_mapped_parchment_2023.09.03-1.20.1.jar
[255月2025 13:35:17.930] [main/DEBUG] [net.minecraftforge.fml.loading.moddiscovery.ModFileInfo/LOADING]: Found valid mod file crock-pot-404523-5458905_mapped_parchment_2023.09.03-1.20.1.jar with {crockpot} mods - versions {1.0.1}
[255月2025 13:35:17.933] [main/DEBUG] [net.minecraftforge.fml.loading.moddiscovery.ModFileParser/LOADING]: Considering mod file candidate D:\Users\addor\.gradle\caches\forge_gradle\deobf_dependencies\maven\modrinth\storagedrawers\12.0.3-forge,1.20.1_mapped_parchment_2023.09.03-1.20.1\storagedrawers-12.0.3-forge,1.20.1_mapped_parchment_2023.09.03-1.20.1.jar
[255月2025 13:35:17.933] [main/DEBUG] [net.minecraftforge.fml.loading.moddiscovery.ModFileInfo/LOADING]: Found valid mod file storagedrawers-12.0.3-forge,1.20.1_mapped_parchment_2023.09.03-1.20.1.jar with {storagedrawers} mods - versions {12.0.3}
[255月2025 13:35:17.935] [main/DEBUG] [net.minecraftforge.fml.loading.moddiscovery.ModFileParser/LOADING]: Considering mod file candidate D:\Users\addor\.gradle\caches\forge_gradle\deobf_dependencies\maven\modrinth\toms-storage\1.20-1.6.8-forge,1.20.1_mapped_parchment_2023.09.03-1.20.1\toms-storage-1.20-1.6.8-forge,1.20.1_mapped_parchment_2023.09.03-1.20.1.jar
[255月2025 13:35:17.935] [main/DEBUG] [net.minecraftforge.fml.loading.moddiscovery.ModFileInfo/LOADING]: Found valid mod file toms-storage-1.20-1.6.8-forge,1.20.1_mapped_parchment_2023.09.03-1.20.1.jar with {toms_storage} mods - versions {1.6.8}
[255月2025 13:35:17.938] [main/DEBUG] [net.minecraftforge.fml.loading.moddiscovery.ModFileParser/LOADING]: Considering mod file candidate D:\Users\addor\.gradle\caches\forge_gradle\deobf_dependencies\maven\modrinth\sophisticated-core\1.20.1-1.2.20.894-forge,1.20.1_mapped_parchment_2023.09.03-1.20.1\sophisticated-core-1.20.1-1.2.20.894-forge,1.20.1_mapped_parchment_2023.09.03-1.20.1.jar
[255月2025 13:35:17.938] [main/DEBUG] [net.minecraftforge.fml.loading.moddiscovery.ModFileInfo/LOADING]: Found valid mod file sophisticated-core-1.20.1-1.2.20.894-forge,1.20.1_mapped_parchment_2023.09.03-1.20.1.jar with {sophisticatedcore} mods - versions {1.2.20.894}
[255月2025 13:35:17.942] [main/DEBUG] [net.minecraftforge.fml.loading.moddiscovery.ModFileParser/LOADING]: Considering mod file candidate D:\Users\addor\.gradle\caches\forge_gradle\deobf_dependencies\maven\modrinth\sophisticated-storage\1.20.1-1.3.9.1075-forge,1.20.1_mapped_parchment_2023.09.03-1.20.1\sophisticated-storage-1.20.1-1.3.9.1075-forge,1.20.1_mapped_parchment_2023.09.03-1.20.1.jar
[255月2025 13:35:17.943] [main/DEBUG] [net.minecraftforge.fml.loading.moddiscovery.ModFileInfo/LOADING]: Found valid mod file sophisticated-storage-1.20.1-1.3.9.1075-forge,1.20.1_mapped_parchment_2023.09.03-1.20.1.jar with {sophisticatedstorage} mods - versions {1.3.9.1075}
[255月2025 13:35:17.946] [main/DEBUG] [net.minecraftforge.fml.loading.moddiscovery.ModFileParser/LOADING]: Considering mod file candidate D:\Users\addor\.gradle\caches\forge_gradle\deobf_dependencies\curse\maven\simple-farming-327554\4711850_mapped_parchment_2023.09.03-1.20.1\simple-farming-327554-4711850_mapped_parchment_2023.09.03-1.20.1.jar
[255月2025 13:35:17.947] [main/DEBUG] [net.minecraftforge.fml.loading.moddiscovery.ModFileInfo/LOADING]: Found valid mod file simple-farming-327554-4711850_mapped_parchment_2023.09.03-1.20.1.jar with {simplefarming} mods - versions {1.20.1-2.0.6}
[255月2025 13:35:17.949] [main/DEBUG] [net.minecraftforge.fml.loading.moddiscovery.ModFileParser/LOADING]: Considering mod file candidate D:\Users\addor\.gradle\caches\forge_gradle\deobf_dependencies\top\theillusivec4\curios\curios-forge\5.4.5+1.20.1_mapped_parchment_2023.09.03-1.20.1\curios-forge-5.4.5+1.20.1_mapped_parchment_2023.09.03-1.20.1.jar
[255月2025 13:35:17.949] [main/DEBUG] [net.minecraftforge.fml.loading.moddiscovery.ModFileInfo/LOADING]: Found valid mod file curios-forge-5.4.5+1.20.1_mapped_parchment_2023.09.03-1.20.1.jar with {curios} mods - versions {5.4.5+1.20.1}
[255月2025 13:35:17.951] [main/DEBUG] [net.minecraftforge.fml.loading.moddiscovery.ModFileParser/LOADING]: Considering mod file candidate D:\Users\addor\.gradle\caches\forge_gradle\deobf_dependencies\maven\modrinth\patchouli\1.20.1-84.1-forge-forge,1.20.1_mapped_parchment_2023.09.03-1.20.1\patchouli-1.20.1-84.1-forge-forge,1.20.1_mapped_parchment_2023.09.03-1.20.1.jar
[255月2025 13:35:17.952] [main/DEBUG] [net.minecraftforge.fml.loading.moddiscovery.ModFileInfo/LOADING]: Found valid mod file patchouli-1.20.1-84.1-forge-forge,1.20.1_mapped_parchment_2023.09.03-1.20.1.jar with {patchouli} mods - versions {1.20.1-84.1-FORGE}
[255月2025 13:35:17.956] [main/DEBUG] [net.minecraftforge.fml.loading.moddiscovery.ModFileParser/LOADING]: Considering mod file candidate D:\Users\addor\.gradle\caches\forge_gradle\deobf_dependencies\maven\modrinth\jade\11.6.1-forge,1.20.1_mapped_parchment_2023.09.03-1.20.1\jade-11.6.1-forge,1.20.1_mapped_parchment_2023.09.03-1.20.1.jar
[255月2025 13:35:17.956] [main/DEBUG] [net.minecraftforge.fml.loading.moddiscovery.ModFileInfo/LOADING]: Found valid mod file jade-11.6.1-forge,1.20.1_mapped_parchment_2023.09.03-1.20.1.jar with {jade} mods - versions {11.6.1}
[255月2025 13:35:17.959] [main/DEBUG] [net.minecraftforge.fml.loading.moddiscovery.ModFileParser/LOADING]: Considering mod file candidate D:\Users\addor\.gradle\caches\forge_gradle\deobf_dependencies\maven\modrinth\the-one-probe\1.20.1-10.0.2-forge,1.20.1_mapped_parchment_2023.09.03-1.20.1\the-one-probe-1.20.1-10.0.2-forge,1.20.1_mapped_parchment_2023.09.03-1.20.1.jar
[255月2025 13:35:17.960] [main/DEBUG] [net.minecraftforge.fml.loading.moddiscovery.ModFileInfo/LOADING]: Found valid mod file the-one-probe-1.20.1-10.0.2-forge,1.20.1_mapped_parchment_2023.09.03-1.20.1.jar with {theoneprobe} mods - versions {1.20.1-10.0.2}
[255月2025 13:35:17.962] [main/DEBUG] [net.minecraftforge.fml.loading.moddiscovery.ModFileParser/LOADING]: Considering mod file candidate D:\Users\addor\.gradle\caches\forge_gradle\deobf_dependencies\maven\modrinth\cloth-config\11.1.136+forge-forge,1.20.1_mapped_parchment_2023.09.03-1.20.1\cloth-config-11.1.136+forge-forge,1.20.1_mapped_parchment_2023.09.03-1.20.1.jar
[255月2025 13:35:17.963] [main/DEBUG] [net.minecraftforge.fml.loading.moddiscovery.ModFileInfo/LOADING]: Found valid mod file cloth-config-11.1.136+forge-forge,1.20.1_mapped_parchment_2023.09.03-1.20.1.jar with {cloth_config} mods - versions {11.1.136}
[255月2025 13:35:17.966] [main/DEBUG] [net.minecraftforge.fml.loading.moddiscovery.ModFileParser/LOADING]: Considering mod file candidate D:\Users\addor\.gradle\caches\forge_gradle\deobf_dependencies\maven\modrinth\jei\15.20.0.106-forge,1.20.1_mapped_parchment_2023.09.03-1.20.1\jei-15.20.0.106-forge,1.20.1_mapped_parchment_2023.09.03-1.20.1.jar
[255月2025 13:35:17.966] [main/DEBUG] [net.minecraftforge.fml.loading.moddiscovery.ModFileInfo/LOADING]: Found valid mod file jei-15.20.0.106-forge,1.20.1_mapped_parchment_2023.09.03-1.20.1.jar with {jei} mods - versions {15.20.0.106}
[255月2025 13:35:17.969] [main/DEBUG] [net.minecraftforge.fml.loading.moddiscovery.ModFileParser/LOADING]: Considering mod file candidate D:\Users\addor\.gradle\caches\forge_gradle\deobf_dependencies\dev\architectury\architectury-forge\9.1.12_mapped_parchment_2023.09.03-1.20.1\architectury-forge-9.1.12_mapped_parchment_2023.09.03-1.20.1.jar
[255月2025 13:35:17.969] [main/DEBUG] [net.minecraftforge.fml.loading.moddiscovery.ModFileInfo/LOADING]: Found valid mod file architectury-forge-9.1.12_mapped_parchment_2023.09.03-1.20.1.jar with {architectury} mods - versions {9.1.12}
[255月2025 13:35:17.973] [main/DEBUG] [net.minecraftforge.fml.loading.moddiscovery.ModFileParser/LOADING]: Considering mod file candidate D:\Users\addor\.gradle\caches\forge_gradle\deobf_dependencies\maven\modrinth\pneumaticcraft-repressurized\6.0.20-forge,1.20.1_mapped_parchment_2023.09.03-1.20.1\pneumaticcraft-repressurized-6.0.20-forge,1.20.1_mapped_parchment_2023.09.03-1.20.1.jar
[255月2025 13:35:17.974] [main/DEBUG] [net.minecraftforge.fml.loading.moddiscovery.ModFileInfo/LOADING]: Found valid mod file pneumaticcraft-repressurized-6.0.20-forge,1.20.1_mapped_parchment_2023.09.03-1.20.1.jar with {pneumaticcraft} mods - versions {6.0.20+mc1.20.1}
[255月2025 13:35:17.977] [main/DEBUG] [net.minecraftforge.fml.loading.moddiscovery.ModFileParser/LOADING]: Considering mod file candidate D:\Users\addor\.gradle\caches\modules-2\files-2.1\io.github.llamalad7\mixinextras-forge\0.4.0\95567f46545b29722b1ad56aa218b842bc47b726\mixinextras-forge-0.4.0.jar
[255月2025 13:35:17.977] [main/DEBUG] [net.minecraftforge.fml.loading.moddiscovery.ModFileInfo/LOADING]: Found valid mod file mixinextras-forge-0.4.0.jar with {mixinextras} mods - versions {0.4.0}
[255月2025 13:35:17.980] [main/DEBUG] [net.minecraftforge.fml.loading.moddiscovery.ModFileParser/LOADING]: Considering mod file candidate D:\Users\addor\.gradle\caches\forge_gradle\deobf_dependencies\maven\modrinth\libipn\forge-1.20-4.0.1-forge,1.20.1_mapped_parchment_2023.09.03-1.20.1\libipn-forge-1.20-4.0.1-forge,1.20.1_mapped_parchment_2023.09.03-1.20.1.jar
[255月2025 13:35:17.981] [main/DEBUG] [net.minecraftforge.fml.loading.moddiscovery.ModFileInfo/LOADING]: Found valid mod file libipn-forge-1.20-4.0.1-forge,1.20.1_mapped_parchment_2023.09.03-1.20.1.jar with {libipn} mods - versions {4.0.1}
[255月2025 13:35:17.984] [main/DEBUG] [net.minecraftforge.fml.loading.moddiscovery.ModFileParser/LOADING]: Considering mod file candidate D:\Users\addor\.gradle\caches\forge_gradle\deobf_dependencies\maven\modrinth\kiwi\11.5.5-forge,1.20.1_mapped_parchment_2023.09.03-1.20.1\kiwi-11.5.5-forge,1.20.1_mapped_parchment_2023.09.03-1.20.1.jar
[255月2025 13:35:17.985] [main/DEBUG] [net.minecraftforge.fml.loading.moddiscovery.ModFileInfo/LOADING]: Found valid mod file kiwi-11.5.5-forge,1.20.1_mapped_parchment_2023.09.03-1.20.1.jar with {kiwi} mods - versions {11.5.5}
[255月2025 13:35:17.987] [main/DEBUG] [net.minecraftforge.fml.loading.moddiscovery.ModFileParser/LOADING]: Considering mod file candidate D:\Users\addor\.gradle\caches\forge_gradle\deobf_dependencies\maven\modrinth\appleskin\2.5.1+mc1.20.1-forge,1.20.1_mapped_parchment_2023.09.03-1.20.1\appleskin-2.5.1+mc1.20.1-forge,1.20.1_mapped_parchment_2023.09.03-1.20.1.jar
[255月2025 13:35:17.989] [main/DEBUG] [net.minecraftforge.fml.loading.moddiscovery.ModFileInfo/LOADING]: Found valid mod file appleskin-2.5.1+mc1.20.1-forge,1.20.1_mapped_parchment_2023.09.03-1.20.1.jar with {appleskin} mods - versions {2.5.1+mc1.20.1}
[255月2025 13:35:17.991] [main/DEBUG] [net.minecraftforge.fml.loading.moddiscovery.ModFileParser/LOADING]: Considering mod file candidate D:\Users\addor\.gradle\caches\forge_gradle\deobf_dependencies\maven\modrinth\nbtedit-reborn\5.0.3+mc1.20.1-forge,1.20.1_mapped_parchment_2023.09.03-1.20.1\nbtedit-reborn-5.0.3+mc1.20.1-forge,1.20.1_mapped_parchment_2023.09.03-1.20.1.jar
[255月2025 13:35:17.992] [main/DEBUG] [net.minecraftforge.fml.loading.moddiscovery.ModFileInfo/LOADING]: Found valid mod file nbtedit-reborn-5.0.3+mc1.20.1-forge,1.20.1_mapped_parchment_2023.09.03-1.20.1.jar with {nbtedit} mods - versions {5.0.3}
[255月2025 13:35:17.993] [main/DEBUG] [net.minecraftforge.fml.loading.moddiscovery.ModFileParser/LOADING]: Considering mod file candidate G:\mc-mods\maidsoulkitchen\MaidsoulKitchen-1.20.1\libs\1.20.1\runtimeOnly\quickmodstart-forge-1.20.1-1.0.0.jar
[255月2025 13:35:17.994] [main/DEBUG] [net.minecraftforge.fml.loading.moddiscovery.ModFileInfo/LOADING]: Found valid mod file quickmodstart-forge-1.20.1-1.0.0.jar with {quickmodstart} mods - versions {1.0.0}
[255月2025 13:35:17.997] [main/DEBUG] [net.minecraftforge.fml.loading.moddiscovery.ModFileParser/LOADING]: Considering mod file candidate D:\Users\addor\.gradle\caches\forge_gradle\deobf_dependencies\maven\modrinth\touhou-little-maid\1.2.2-hotfix-forge,1.20.1_mapped_parchment_2023.09.03-1.20.1\touhou-little-maid-1.2.2-hotfix-forge,1.20.1_mapped_parchment_2023.09.03-1.20.1.jar
[255月2025 13:35:17.998] [main/DEBUG] [net.minecraftforge.fml.loading.moddiscovery.ModFileInfo/LOADING]: Found valid mod file touhou-little-maid-1.2.2-hotfix-forge,1.20.1_mapped_parchment_2023.09.03-1.20.1.jar with {touhou_little_maid} mods - versions {1.2.2}
[255月2025 13:35:18.002] [main/DEBUG] [net.minecraftforge.fml.loading.moddiscovery.ModFileParser/LOADING]: Considering mod file candidate D:\Users\addor\.gradle\caches\forge_gradle\deobf_dependencies\maven\modrinth\farmers-delight\1.20.1-1.2.5-forge,1.20.1_mapped_parchment_2023.09.03-1.20.1\farmers-delight-1.20.1-1.2.5-forge,1.20.1_mapped_parchment_2023.09.03-1.20.1.jar
[255月2025 13:35:18.003] [main/DEBUG] [net.minecraftforge.fml.loading.moddiscovery.ModFileInfo/LOADING]: Found valid mod file farmers-delight-1.20.1-1.2.5-forge,1.20.1_mapped_parchment_2023.09.03-1.20.1.jar with {farmersdelight} mods - versions {1.20.1-1.2.5}
[255月2025 13:35:18.007] [main/DEBUG] [net.minecraftforge.fml.loading.moddiscovery.ModFileParser/LOADING]: Considering mod file candidate D:\Users\addor\.gradle\caches\forge_gradle\deobf_dependencies\maven\modrinth\miners-delight\1.20.1-1.2.3-forge,1.20.1_mapped_parchment_2023.09.03-1.20.1\miners-delight-1.20.1-1.2.3-forge,1.20.1_mapped_parchment_2023.09.03-1.20.1.jar
[255月2025 13:35:18.008] [main/DEBUG] [net.minecraftforge.fml.loading.moddiscovery.ModFileInfo/LOADING]: Found valid mod file miners-delight-1.20.1-1.2.3-forge,1.20.1_mapped_parchment_2023.09.03-1.20.1.jar with {miners_delight} mods - versions {1.20.1-1.2.3}
[255月2025 13:35:18.011] [main/DEBUG] [net.minecraftforge.fml.loading.moddiscovery.ModFileParser/LOADING]: Considering mod file candidate D:\Users\addor\.gradle\caches\forge_gradle\deobf_dependencies\maven\modrinth\my-nethers-delight\1.20.1-1.6-forge,1.20.1_mapped_parchment_2023.09.03-1.20.1\my-nethers-delight-1.20.1-1.6-forge,1.20.1_mapped_parchment_2023.09.03-1.20.1.jar
[255月2025 13:35:18.012] [main/DEBUG] [net.minecraftforge.fml.loading.moddiscovery.ModFileInfo/LOADING]: Found valid mod file my-nethers-delight-1.20.1-1.6-forge,1.20.1_mapped_parchment_2023.09.03-1.20.1.jar with {mynethersdelight} mods - versions {1.20.1-1.6}
[255月2025 13:35:18.017] [main/DEBUG] [net.minecraftforge.fml.loading.moddiscovery.ModFileParser/LOADING]: Considering mod file candidate D:\Users\addor\.gradle\caches\forge_gradle\deobf_dependencies\maven\modrinth\youkaishomecoming\2.3.4-forge,1.20.1_mapped_parchment_2023.09.03-1.20.1\youkaishomecoming-2.3.4-forge,1.20.1_mapped_parchment_2023.09.03-1.20.1.jar
[255月2025 13:35:18.018] [main/DEBUG] [net.minecraftforge.fml.loading.moddiscovery.ModFileInfo/LOADING]: Found valid mod file youkaishomecoming-2.3.4-forge,1.20.1_mapped_parchment_2023.09.03-1.20.1.jar with {youkaishomecoming} mods - versions {2.3.4}
[255月2025 13:35:18.021] [main/DEBUG] [net.minecraftforge.fml.loading.moddiscovery.ModFileParser/LOADING]: Considering mod file candidate D:\Users\addor\.gradle\caches\forge_gradle\deobf_dependencies\maven\modrinth\brewin-and-chewin\1.20.1-3.2.1-forge,1.20.1_mapped_parchment_2023.09.03-1.20.1\brewin-and-chewin-1.20.1-3.2.1-forge,1.20.1_mapped_parchment_2023.09.03-1.20.1.jar
[255月2025 13:35:18.022] [main/DEBUG] [net.minecraftforge.fml.loading.moddiscovery.ModFileInfo/LOADING]: Found valid mod file brewin-and-chewin-1.20.1-3.2.1-forge,1.20.1_mapped_parchment_2023.09.03-1.20.1.jar with {brewinandchewin} mods - versions {1.20.1-3.2.1}
[255月2025 13:35:18.025] [main/DEBUG] [net.minecraftforge.fml.loading.moddiscovery.ModFileParser/LOADING]: Considering mod file candidate D:\Users\addor\.gradle\caches\forge_gradle\deobf_dependencies\curse\maven\farmers-respite-551453\5543547_mapped_parchment_2023.09.03-1.20.1\farmers-respite-551453-5543547_mapped_parchment_2023.09.03-1.20.1.jar
[255月2025 13:35:18.026] [main/DEBUG] [net.minecraftforge.fml.loading.moddiscovery.ModFileInfo/LOADING]: Found valid mod file farmers-respite-551453-5543547_mapped_parchment_2023.09.03-1.20.1.jar with {farmersrespite} mods - versions {1.20.1-2.1}
[255月2025 13:35:18.029] [main/DEBUG] [net.minecraftforge.fml.loading.moddiscovery.ModFileParser/LOADING]: Considering mod file candidate D:\Users\addor\.gradle\caches\forge_gradle\deobf_dependencies\maven\modrinth\vintage-delight\0.1.6-forge,1.20.1_mapped_parchment_2023.09.03-1.20.1\vintage-delight-0.1.6-forge,1.20.1_mapped_parchment_2023.09.03-1.20.1.jar
[255月2025 13:35:18.030] [main/DEBUG] [net.minecraftforge.fml.loading.moddiscovery.ModFileInfo/LOADING]: Found valid mod file vintage-delight-0.1.6-forge,1.20.1_mapped_parchment_2023.09.03-1.20.1.jar with {vintagedelight} mods - versions {0.1.6}
[255月2025 13:35:18.032] [main/DEBUG] [net.minecraftforge.fml.loading.moddiscovery.ModFileParser/LOADING]: Considering mod file candidate D:\Users\addor\.gradle\caches\forge_gradle\deobf_dependencies\maven\modrinth\cuisine-delight\1.1.16-forge,1.20.1_mapped_parchment_2023.09.03-1.20.1\cuisine-delight-1.1.16-forge,1.20.1_mapped_parchment_2023.09.03-1.20.1.jar
[255月2025 13:35:18.033] [main/DEBUG] [net.minecraftforge.fml.loading.moddiscovery.ModFileInfo/LOADING]: Found valid mod file cuisine-delight-1.1.16-forge,1.20.1_mapped_parchment_2023.09.03-1.20.1.jar with {cuisinedelight} mods - versions {1.1.16}
[255月2025 13:35:18.037] [main/DEBUG] [net.minecraftforge.fml.loading.moddiscovery.ModFileParser/LOADING]: Considering mod file candidate D:\Users\addor\.gradle\caches\forge_gradle\deobf_dependencies\maven\modrinth\barbeques-delight-forge\1.0.5-forge,1.20.1_mapped_parchment_2023.09.03-1.20.1\barbeques-delight-forge-1.0.5-forge,1.20.1_mapped_parchment_2023.09.03-1.20.1.jar
[255月2025 13:35:18.038] [main/DEBUG] [net.minecraftforge.fml.loading.moddiscovery.ModFileInfo/LOADING]: Found valid mod file barbeques-delight-forge-1.0.5-forge,1.20.1_mapped_parchment_2023.09.03-1.20.1.jar with {barbequesdelight} mods - versions {1.0.5}
[255月2025 13:35:18.042] [main/DEBUG] [net.minecraftforge.fml.loading.moddiscovery.ModFileParser/LOADING]: Considering mod file candidate D:\Users\addor\.gradle\caches\forge_gradle\deobf_dependencies\maven\modrinth\kitchen-karrot\1.20.1-0.5.4-forge,1.20.1_mapped_parchment_2023.09.03-1.20.1\kitchen-karrot-1.20.1-0.5.4-forge,1.20.1_mapped_parchment_2023.09.03-1.20.1.jar
[255月2025 13:35:18.043] [main/DEBUG] [net.minecraftforge.fml.loading.moddiscovery.ModFileInfo/LOADING]: Found valid mod file kitchen-karrot-1.20.1-0.5.4-forge,1.20.1_mapped_parchment_2023.09.03-1.20.1.jar with {kitchenkarrot} mods - versions {1.20.1-0.5.4}
[255月2025 13:35:18.048] [main/DEBUG] [net.minecraftforge.fml.loading.moddiscovery.ModFileParser/LOADING]: Considering mod file candidate D:\Users\addor\.gradle\caches\forge_gradle\deobf_dependencies\maven\modrinth\drink-beer-refill\1.0.5-forge,1.20.1_mapped_parchment_2023.09.03-1.20.1\drink-beer-refill-1.0.5-forge,1.20.1_mapped_parchment_2023.09.03-1.20.1.jar
[255月2025 13:35:18.048] [main/DEBUG] [net.minecraftforge.fml.loading.moddiscovery.ModFileInfo/LOADING]: Found valid mod file drink-beer-refill-1.0.5-forge,1.20.1_mapped_parchment_2023.09.03-1.20.1.jar with {drinkbeer} mods - versions {1.0.5}
[255月2025 13:35:18.053] [main/DEBUG] [net.minecraftforge.fml.loading.moddiscovery.ModFileParser/LOADING]: Considering mod file candidate D:\Users\addor\.gradle\caches\forge_gradle\deobf_dependencies\curse\maven\crock-pot-404523\5458905_mapped_parchment_2023.09.03-1.20.1\crock-pot-404523-5458905_mapped_parchment_2023.09.03-1.20.1.jar
[255月2025 13:35:18.054] [main/DEBUG] [net.minecraftforge.fml.loading.moddiscovery.ModFileInfo/LOADING]: Found valid mod file crock-pot-404523-5458905_mapped_parchment_2023.09.03-1.20.1.jar with {crockpot} mods - versions {1.0.1}
[255月2025 13:35:18.058] [main/DEBUG] [net.minecraftforge.fml.loading.moddiscovery.ModFileParser/LOADING]: Considering mod file candidate D:\Users\addor\.gradle\caches\forge_gradle\deobf_dependencies\maven\modrinth\storagedrawers\12.0.3-forge,1.20.1_mapped_parchment_2023.09.03-1.20.1\storagedrawers-12.0.3-forge,1.20.1_mapped_parchment_2023.09.03-1.20.1.jar
[255月2025 13:35:18.058] [main/DEBUG] [net.minecraftforge.fml.loading.moddiscovery.ModFileInfo/LOADING]: Found valid mod file storagedrawers-12.0.3-forge,1.20.1_mapped_parchment_2023.09.03-1.20.1.jar with {storagedrawers} mods - versions {12.0.3}
[255月2025 13:35:18.061] [main/DEBUG] [net.minecraftforge.fml.loading.moddiscovery.ModFileParser/LOADING]: Considering mod file candidate D:\Users\addor\.gradle\caches\forge_gradle\deobf_dependencies\maven\modrinth\toms-storage\1.20-1.6.8-forge,1.20.1_mapped_parchment_2023.09.03-1.20.1\toms-storage-1.20-1.6.8-forge,1.20.1_mapped_parchment_2023.09.03-1.20.1.jar
[255月2025 13:35:18.061] [main/DEBUG] [net.minecraftforge.fml.loading.moddiscovery.ModFileInfo/LOADING]: Found valid mod file toms-storage-1.20-1.6.8-forge,1.20.1_mapped_parchment_2023.09.03-1.20.1.jar with {toms_storage} mods - versions {1.6.8}
[255月2025 13:35:18.064] [main/DEBUG] [net.minecraftforge.fml.loading.moddiscovery.ModFileParser/LOADING]: Considering mod file candidate D:\Users\addor\.gradle\caches\forge_gradle\deobf_dependencies\maven\modrinth\sophisticated-core\1.20.1-1.2.20.894-forge,1.20.1_mapped_parchment_2023.09.03-1.20.1\sophisticated-core-1.20.1-1.2.20.894-forge,1.20.1_mapped_parchment_2023.09.03-1.20.1.jar
[255月2025 13:35:18.065] [main/DEBUG] [net.minecraftforge.fml.loading.moddiscovery.ModFileInfo/LOADING]: Found valid mod file sophisticated-core-1.20.1-1.2.20.894-forge,1.20.1_mapped_parchment_2023.09.03-1.20.1.jar with {sophisticatedcore} mods - versions {1.2.20.894}
[255月2025 13:35:18.068] [main/DEBUG] [net.minecraftforge.fml.loading.moddiscovery.ModFileParser/LOADING]: Considering mod file candidate D:\Users\addor\.gradle\caches\forge_gradle\deobf_dependencies\maven\modrinth\sophisticated-storage\1.20.1-1.3.9.1075-forge,1.20.1_mapped_parchment_2023.09.03-1.20.1\sophisticated-storage-1.20.1-1.3.9.1075-forge,1.20.1_mapped_parchment_2023.09.03-1.20.1.jar
[255月2025 13:35:18.068] [main/DEBUG] [net.minecraftforge.fml.loading.moddiscovery.ModFileInfo/LOADING]: Found valid mod file sophisticated-storage-1.20.1-1.3.9.1075-forge,1.20.1_mapped_parchment_2023.09.03-1.20.1.jar with {sophisticatedstorage} mods - versions {1.3.9.1075}
[255月2025 13:35:18.071] [main/DEBUG] [net.minecraftforge.fml.loading.moddiscovery.ModFileParser/LOADING]: Considering mod file candidate D:\Users\addor\.gradle\caches\forge_gradle\deobf_dependencies\curse\maven\simple-farming-327554\4711850_mapped_parchment_2023.09.03-1.20.1\simple-farming-327554-4711850_mapped_parchment_2023.09.03-1.20.1.jar
[255月2025 13:35:18.072] [main/DEBUG] [net.minecraftforge.fml.loading.moddiscovery.ModFileInfo/LOADING]: Found valid mod file simple-farming-327554-4711850_mapped_parchment_2023.09.03-1.20.1.jar with {simplefarming} mods - versions {1.20.1-2.0.6}
[255月2025 13:35:18.074] [main/DEBUG] [net.minecraftforge.fml.loading.moddiscovery.ModFileParser/LOADING]: Considering mod file candidate D:\Users\addor\.gradle\caches\forge_gradle\deobf_dependencies\top\theillusivec4\curios\curios-forge\5.4.5+1.20.1_mapped_parchment_2023.09.03-1.20.1\curios-forge-5.4.5+1.20.1_mapped_parchment_2023.09.03-1.20.1.jar
[255月2025 13:35:18.075] [main/DEBUG] [net.minecraftforge.fml.loading.moddiscovery.ModFileInfo/LOADING]: Found valid mod file curios-forge-5.4.5+1.20.1_mapped_parchment_2023.09.03-1.20.1.jar with {curios} mods - versions {5.4.5+1.20.1}
[255月2025 13:35:18.078] [main/DEBUG] [net.minecraftforge.fml.loading.moddiscovery.ModFileParser/LOADING]: Considering mod file candidate D:\Users\addor\.gradle\caches\forge_gradle\deobf_dependencies\maven\modrinth\patchouli\1.20.1-84.1-forge-forge,1.20.1_mapped_parchment_2023.09.03-1.20.1\patchouli-1.20.1-84.1-forge-forge,1.20.1_mapped_parchment_2023.09.03-1.20.1.jar
[255月2025 13:35:18.078] [main/DEBUG] [net.minecraftforge.fml.loading.moddiscovery.ModFileInfo/LOADING]: Found valid mod file patchouli-1.20.1-84.1-forge-forge,1.20.1_mapped_parchment_2023.09.03-1.20.1.jar with {patchouli} mods - versions {1.20.1-84.1-FORGE}
[255月2025 13:35:18.080] [main/DEBUG] [net.minecraftforge.fml.loading.moddiscovery.ModFileParser/LOADING]: Considering mod file candidate D:\Users\addor\.gradle\caches\forge_gradle\deobf_dependencies\maven\modrinth\jade\11.6.1-forge,1.20.1_mapped_parchment_2023.09.03-1.20.1\jade-11.6.1-forge,1.20.1_mapped_parchment_2023.09.03-1.20.1.jar
[255月2025 13:35:18.082] [main/DEBUG] [net.minecraftforge.fml.loading.moddiscovery.ModFileInfo/LOADING]: Found valid mod file jade-11.6.1-forge,1.20.1_mapped_parchment_2023.09.03-1.20.1.jar with {jade} mods - versions {11.6.1}
[255月2025 13:35:18.084] [main/DEBUG] [net.minecraftforge.fml.loading.moddiscovery.ModFileParser/LOADING]: Considering mod file candidate D:\Users\addor\.gradle\caches\forge_gradle\deobf_dependencies\maven\modrinth\the-one-probe\1.20.1-10.0.2-forge,1.20.1_mapped_parchment_2023.09.03-1.20.1\the-one-probe-1.20.1-10.0.2-forge,1.20.1_mapped_parchment_2023.09.03-1.20.1.jar
[255月2025 13:35:18.084] [main/DEBUG] [net.minecraftforge.fml.loading.moddiscovery.ModFileInfo/LOADING]: Found valid mod file the-one-probe-1.20.1-10.0.2-forge,1.20.1_mapped_parchment_2023.09.03-1.20.1.jar with {theoneprobe} mods - versions {1.20.1-10.0.2}
[255月2025 13:35:18.087] [main/DEBUG] [net.minecraftforge.fml.loading.moddiscovery.ModFileParser/LOADING]: Considering mod file candidate D:\Users\addor\.gradle\caches\forge_gradle\deobf_dependencies\maven\modrinth\cloth-config\11.1.136+forge-forge,1.20.1_mapped_parchment_2023.09.03-1.20.1\cloth-config-11.1.136+forge-forge,1.20.1_mapped_parchment_2023.09.03-1.20.1.jar
[255月2025 13:35:18.087] [main/DEBUG] [net.minecraftforge.fml.loading.moddiscovery.ModFileInfo/LOADING]: Found valid mod file cloth-config-11.1.136+forge-forge,1.20.1_mapped_parchment_2023.09.03-1.20.1.jar with {cloth_config} mods - versions {11.1.136}
[255月2025 13:35:18.090] [main/DEBUG] [net.minecraftforge.fml.loading.moddiscovery.ModFileParser/LOADING]: Considering mod file candidate D:\Users\addor\.gradle\caches\forge_gradle\deobf_dependencies\maven\modrinth\jei\15.20.0.106-forge,1.20.1_mapped_parchment_2023.09.03-1.20.1\jei-15.20.0.106-forge,1.20.1_mapped_parchment_2023.09.03-1.20.1.jar
[255月2025 13:35:18.091] [main/DEBUG] [net.minecraftforge.fml.loading.moddiscovery.ModFileInfo/LOADING]: Found valid mod file jei-15.20.0.106-forge,1.20.1_mapped_parchment_2023.09.03-1.20.1.jar with {jei} mods - versions {15.20.0.106}
[255月2025 13:35:18.093] [main/DEBUG] [net.minecraftforge.fml.loading.moddiscovery.ModFileParser/LOADING]: Considering mod file candidate D:\Users\addor\.gradle\caches\forge_gradle\deobf_dependencies\dev\architectury\architectury-forge\9.1.12_mapped_parchment_2023.09.03-1.20.1\architectury-forge-9.1.12_mapped_parchment_2023.09.03-1.20.1.jar
[255月2025 13:35:18.093] [main/DEBUG] [net.minecraftforge.fml.loading.moddiscovery.ModFileInfo/LOADING]: Found valid mod file architectury-forge-9.1.12_mapped_parchment_2023.09.03-1.20.1.jar with {architectury} mods - versions {9.1.12}
[255月2025 13:35:18.098] [main/DEBUG] [net.minecraftforge.fml.loading.moddiscovery.ModFileParser/LOADING]: Considering mod file candidate D:\Users\addor\.gradle\caches\forge_gradle\deobf_dependencies\maven\modrinth\pneumaticcraft-repressurized\6.0.20-forge,1.20.1_mapped_parchment_2023.09.03-1.20.1\pneumaticcraft-repressurized-6.0.20-forge,1.20.1_mapped_parchment_2023.09.03-1.20.1.jar
[255月2025 13:35:18.099] [main/DEBUG] [net.minecraftforge.fml.loading.moddiscovery.ModFileInfo/LOADING]: Found valid mod file pneumaticcraft-repressurized-6.0.20-forge,1.20.1_mapped_parchment_2023.09.03-1.20.1.jar with {pneumaticcraft} mods - versions {6.0.20+mc1.20.1}
[255月2025 13:35:18.101] [main/DEBUG] [net.minecraftforge.fml.loading.moddiscovery.ModFileParser/LOADING]: Considering mod file candidate D:\Users\addor\.gradle\caches\modules-2\files-2.1\io.github.llamalad7\mixinextras-forge\0.4.0\95567f46545b29722b1ad56aa218b842bc47b726\mixinextras-forge-0.4.0.jar
[255月2025 13:35:18.101] [main/DEBUG] [net.minecraftforge.fml.loading.moddiscovery.ModFileInfo/LOADING]: Found valid mod file mixinextras-forge-0.4.0.jar with {mixinextras} mods - versions {0.4.0}
[255月2025 13:35:18.194] [main/DEBUG] [net.minecraftforge.fml.loading.moddiscovery.ModFileParser/LOADING]: Considering mod file candidate D:\Users\addor\.gradle\caches\forge_gradle\deobf_dependencies\maven\modrinth\libipn\forge-1.20-4.0.1-forge,1.20.1_mapped_parchment_2023.09.03-1.20.1\libipn-forge-1.20-4.0.1-forge,1.20.1_mapped_parchment_2023.09.03-1.20.1.jar
[255月2025 13:35:18.195] [main/DEBUG] [net.minecraftforge.fml.loading.moddiscovery.ModFileInfo/LOADING]: Found valid mod file libipn-forge-1.20-4.0.1-forge,1.20.1_mapped_parchment_2023.09.03-1.20.1.jar with {libipn} mods - versions {4.0.1}
[255月2025 13:35:18.200] [main/DEBUG] [net.minecraftforge.fml.loading.moddiscovery.ModFileParser/LOADING]: Considering mod file candidate D:\Users\addor\.gradle\caches\forge_gradle\deobf_dependencies\maven\modrinth\kiwi\11.5.5-forge,1.20.1_mapped_parchment_2023.09.03-1.20.1\kiwi-11.5.5-forge,1.20.1_mapped_parchment_2023.09.03-1.20.1.jar
[255月2025 13:35:18.201] [main/DEBUG] [net.minecraftforge.fml.loading.moddiscovery.ModFileInfo/LOADING]: Found valid mod file kiwi-11.5.5-forge,1.20.1_mapped_parchment_2023.09.03-1.20.1.jar with {kiwi} mods - versions {11.5.5}
[255月2025 13:35:18.205] [main/DEBUG] [net.minecraftforge.fml.loading.moddiscovery.ModFileParser/LOADING]: Considering mod file candidate D:\Users\addor\.gradle\caches\forge_gradle\deobf_dependencies\maven\modrinth\appleskin\2.5.1+mc1.20.1-forge,1.20.1_mapped_parchment_2023.09.03-1.20.1\appleskin-2.5.1+mc1.20.1-forge,1.20.1_mapped_parchment_2023.09.03-1.20.1.jar
[255月2025 13:35:18.205] [main/DEBUG] [net.minecraftforge.fml.loading.moddiscovery.ModFileInfo/LOADING]: Found valid mod file appleskin-2.5.1+mc1.20.1-forge,1.20.1_mapped_parchment_2023.09.03-1.20.1.jar with {appleskin} mods - versions {2.5.1+mc1.20.1}
[255月2025 13:35:18.211] [main/DEBUG] [net.minecraftforge.fml.loading.moddiscovery.ModFileParser/LOADING]: Considering mod file candidate D:\Users\addor\.gradle\caches\forge_gradle\deobf_dependencies\maven\modrinth\nbtedit-reborn\5.0.3+mc1.20.1-forge,1.20.1_mapped_parchment_2023.09.03-1.20.1\nbtedit-reborn-5.0.3+mc1.20.1-forge,1.20.1_mapped_parchment_2023.09.03-1.20.1.jar
[255月2025 13:35:18.212] [main/DEBUG] [net.minecraftforge.fml.loading.moddiscovery.ModFileInfo/LOADING]: Found valid mod file nbtedit-reborn-5.0.3+mc1.20.1-forge,1.20.1_mapped_parchment_2023.09.03-1.20.1.jar with {nbtedit} mods - versions {5.0.3}
[255月2025 13:35:18.219] [main/DEBUG] [net.minecraftforge.fml.loading.UniqueModListBuilder/]: Found 2 mods for first modid farmersdelight, selecting most recent based on version data
[255月2025 13:35:18.219] [main/DEBUG] [net.minecraftforge.fml.loading.UniqueModListBuilder/]: Selected file farmers-delight-1.20.1-1.2.5-forge,1.20.1_mapped_parchment_2023.09.03-1.20.1.jar for modid farmersdelight with version 1.20.1-1.2.5
[255月2025 13:35:18.220] [main/DEBUG] [net.minecraftforge.fml.loading.UniqueModListBuilder/]: Found 2 mods for first modid kiwi, selecting most recent based on version data
[255月2025 13:35:18.220] [main/DEBUG] [net.minecraftforge.fml.loading.UniqueModListBuilder/]: Selected file kiwi-11.5.5-forge,1.20.1_mapped_parchment_2023.09.03-1.20.1.jar for modid kiwi with version 11.5.5
[255月2025 13:35:18.221] [main/DEBUG] [net.minecraftforge.fml.loading.UniqueModListBuilder/]: Found 2 mods for first modid vintagedelight, selecting most recent based on version data
[255月2025 13:35:18.221] [main/DEBUG] [net.minecraftforge.fml.loading.UniqueModListBuilder/]: Selected file vintage-delight-0.1.6-forge,1.20.1_mapped_parchment_2023.09.03-1.20.1.jar for modid vintagedelight with version 0.1.6
[255月2025 13:35:18.221] [main/DEBUG] [net.minecraftforge.fml.loading.UniqueModListBuilder/]: Found 2 mods for first modid libipn, selecting most recent based on version data
[255月2025 13:35:18.221] [main/DEBUG] [net.minecraftforge.fml.loading.UniqueModListBuilder/]: Selected file libipn-forge-1.20-4.0.1-forge,1.20.1_mapped_parchment_2023.09.03-1.20.1.jar for modid libipn with version 4.0.1
[255月2025 13:35:18.221] [main/DEBUG] [net.minecraftforge.fml.loading.UniqueModListBuilder/]: Found 2 mods for first modid kitchenkarrot, selecting most recent based on version data
[255月2025 13:35:18.221] [main/DEBUG] [net.minecraftforge.fml.loading.UniqueModListBuilder/]: Selected file kitchen-karrot-1.20.1-0.5.4-forge,1.20.1_mapped_parchment_2023.09.03-1.20.1.jar for modid kitchenkarrot with version 1.20.1-0.5.4
[255月2025 13:35:18.221] [main/DEBUG] [net.minecraftforge.fml.loading.UniqueModListBuilder/]: Found 2 mods for first modid theoneprobe, selecting most recent based on version data
[255月2025 13:35:18.221] [main/DEBUG] [net.minecraftforge.fml.loading.UniqueModListBuilder/]: Selected file the-one-probe-1.20.1-10.0.2-forge,1.20.1_mapped_parchment_2023.09.03-1.20.1.jar for modid theoneprobe with version 1.20.1-10.0.2
[255月2025 13:35:18.221] [main/DEBUG] [net.minecraftforge.fml.loading.UniqueModListBuilder/]: Found 2 mods for first modid youkaishomecoming, selecting most recent based on version data
[255月2025 13:35:18.221] [main/DEBUG] [net.minecraftforge.fml.loading.UniqueModListBuilder/]: Selected file youkaishomecoming-2.3.4-forge,1.20.1_mapped_parchment_2023.09.03-1.20.1.jar for modid youkaishomecoming with version 2.3.4
[255月2025 13:35:18.221] [main/DEBUG] [net.minecraftforge.fml.loading.UniqueModListBuilder/]: Found 2 mods for first modid jade, selecting most recent based on version data
[255月2025 13:35:18.221] [main/DEBUG] [net.minecraftforge.fml.loading.UniqueModListBuilder/]: Selected file jade-11.6.1-forge,1.20.1_mapped_parchment_2023.09.03-1.20.1.jar for modid jade with version 11.6.1
[255月2025 13:35:18.221] [main/DEBUG] [net.minecraftforge.fml.loading.UniqueModListBuilder/]: Found 2 mods for first modid sophisticatedstorage, selecting most recent based on version data
[255月2025 13:35:18.221] [main/DEBUG] [net.minecraftforge.fml.loading.UniqueModListBuilder/]: Selected file sophisticated-storage-1.20.1-1.3.9.1075-forge,1.20.1_mapped_parchment_2023.09.03-1.20.1.jar for modid sophisticatedstorage with version 1.3.9.1075
[255月2025 13:35:18.221] [main/DEBUG] [net.minecraftforge.fml.loading.UniqueModListBuilder/]: Found 2 mods for first modid jei, selecting most recent based on version data
[255月2025 13:35:18.221] [main/DEBUG] [net.minecraftforge.fml.loading.UniqueModListBuilder/]: Selected file jei-15.20.0.106-forge,1.20.1_mapped_parchment_2023.09.03-1.20.1.jar for modid jei with version 15.20.0.106
[255月2025 13:35:18.221] [main/DEBUG] [net.minecraftforge.fml.loading.UniqueModListBuilder/]: Found 2 mods for first modid simplefarming, selecting most recent based on version data
[255月2025 13:35:18.221] [main/DEBUG] [net.minecraftforge.fml.loading.UniqueModListBuilder/]: Selected file simple-farming-327554-4711850_mapped_parchment_2023.09.03-1.20.1.jar for modid simplefarming with version 1.20.1-2.0.6
[255月2025 13:35:18.221] [main/DEBUG] [net.minecraftforge.fml.loading.UniqueModListBuilder/]: Found 2 mods for first modid sophisticatedcore, selecting most recent based on version data
[255月2025 13:35:18.222] [main/DEBUG] [net.minecraftforge.fml.loading.UniqueModListBuilder/]: Selected file sophisticated-core-1.20.1-1.2.20.894-forge,1.20.1_mapped_parchment_2023.09.03-1.20.1.jar for modid sophisticatedcore with version 1.2.20.894
[255月2025 13:35:18.222] [main/DEBUG] [net.minecraftforge.fml.loading.UniqueModListBuilder/]: Found 2 mods for first modid brewinandchewin, selecting most recent based on version data
[255月2025 13:35:18.222] [main/DEBUG] [net.minecraftforge.fml.loading.UniqueModListBuilder/]: Selected file brewin-and-chewin-1.20.1-3.2.1-forge,1.20.1_mapped_parchment_2023.09.03-1.20.1.jar for modid brewinandchewin with version 1.20.1-3.2.1
[255月2025 13:35:18.222] [main/DEBUG] [net.minecraftforge.fml.loading.UniqueModListBuilder/]: Found 2 mods for first modid curios, selecting most recent based on version data
[255月2025 13:35:18.223] [main/DEBUG] [net.minecraftforge.fml.loading.UniqueModListBuilder/]: Selected file curios-forge-5.4.5+1.20.1_mapped_parchment_2023.09.03-1.20.1.jar for modid curios with version 5.4.5+1.20.1
[255月2025 13:35:18.223] [main/DEBUG] [net.minecraftforge.fml.loading.UniqueModListBuilder/]: Found 2 mods for first modid farmersrespite, selecting most recent based on version data
[255月2025 13:35:18.223] [main/DEBUG] [net.minecraftforge.fml.loading.UniqueModListBuilder/]: Selected file farmers-respite-551453-5543547_mapped_parchment_2023.09.03-1.20.1.jar for modid farmersrespite with version 1.20.1-2.1
[255月2025 13:35:18.223] [main/DEBUG] [net.minecraftforge.fml.loading.UniqueModListBuilder/]: Found 2 mods for first modid touhou_little_maid, selecting most recent based on version data
[255月2025 13:35:18.223] [main/DEBUG] [net.minecraftforge.fml.loading.UniqueModListBuilder/]: Selected file touhou-little-maid-1.2.2-hotfix-forge,1.20.1_mapped_parchment_2023.09.03-1.20.1.jar for modid touhou_little_maid with version 1.2.2
[255月2025 13:35:18.224] [main/DEBUG] [net.minecraftforge.fml.loading.UniqueModListBuilder/]: Found 2 mods for first modid patchouli, selecting most recent based on version data
[255月2025 13:35:18.224] [main/DEBUG] [net.minecraftforge.fml.loading.UniqueModListBuilder/]: Selected file patchouli-1.20.1-84.1-forge-forge,1.20.1_mapped_parchment_2023.09.03-1.20.1.jar for modid patchouli with version 1.20.1-84.1-FORGE
[255月2025 13:35:18.224] [main/DEBUG] [net.minecraftforge.fml.loading.UniqueModListBuilder/]: Found 2 mods for first modid mynethersdelight, selecting most recent based on version data
[255月2025 13:35:18.224] [main/DEBUG] [net.minecraftforge.fml.loading.UniqueModListBuilder/]: Selected file my-nethers-delight-1.20.1-1.6-forge,1.20.1_mapped_parchment_2023.09.03-1.20.1.jar for modid mynethersdelight with version 1.20.1-1.6
[255月2025 13:35:18.224] [main/DEBUG] [net.minecraftforge.fml.loading.UniqueModListBuilder/]: Found 2 mods for first modid barbequesdelight, selecting most recent based on version data
[255月2025 13:35:18.224] [main/DEBUG] [net.minecraftforge.fml.loading.UniqueModListBuilder/]: Selected file barbeques-delight-forge-1.0.5-forge,1.20.1_mapped_parchment_2023.09.03-1.20.1.jar for modid barbequesdelight with version 1.0.5
[255月2025 13:35:18.225] [main/DEBUG] [net.minecraftforge.fml.loading.UniqueModListBuilder/]: Found 2 mods for first modid storagedrawers, selecting most recent based on version data
[255月2025 13:35:18.225] [main/DEBUG] [net.minecraftforge.fml.loading.UniqueModListBuilder/]: Selected file storagedrawers-12.0.3-forge,1.20.1_mapped_parchment_2023.09.03-1.20.1.jar for modid storagedrawers with version 12.0.3
[255月2025 13:35:18.225] [main/DEBUG] [net.minecraftforge.fml.loading.UniqueModListBuilder/]: Found 2 mods for first modid mixinextras, selecting most recent based on version data
[255月2025 13:35:18.225] [main/DEBUG] [net.minecraftforge.fml.loading.UniqueModListBuilder/]: Selected file mixinextras-forge-0.4.0.jar for modid mixinextras with version 0.4.0
[255月2025 13:35:18.225] [main/DEBUG] [net.minecraftforge.fml.loading.UniqueModListBuilder/]: Found 2 mods for first modid miners_delight, selecting most recent based on version data
[255月2025 13:35:18.225] [main/DEBUG] [net.minecraftforge.fml.loading.UniqueModListBuilder/]: Selected file miners-delight-1.20.1-1.2.3-forge,1.20.1_mapped_parchment_2023.09.03-1.20.1.jar for modid miners_delight with version 1.20.1-1.2.3
[255月2025 13:35:18.225] [main/DEBUG] [net.minecraftforge.fml.loading.UniqueModListBuilder/]: Found 2 mods for first modid pneumaticcraft, selecting most recent based on version data
[255月2025 13:35:18.226] [main/DEBUG] [net.minecraftforge.fml.loading.UniqueModListBuilder/]: Selected file pneumaticcraft-repressurized-6.0.20-forge,1.20.1_mapped_parchment_2023.09.03-1.20.1.jar for modid pneumaticcraft with version 6.0.20+mc1.20.1
[255月2025 13:35:18.226] [main/DEBUG] [net.minecraftforge.fml.loading.UniqueModListBuilder/]: Found 2 mods for first modid crockpot, selecting most recent based on version data
[255月2025 13:35:18.226] [main/DEBUG] [net.minecraftforge.fml.loading.UniqueModListBuilder/]: Selected file crock-pot-404523-5458905_mapped_parchment_2023.09.03-1.20.1.jar for modid crockpot with version 1.0.1
[255月2025 13:35:18.226] [main/DEBUG] [net.minecraftforge.fml.loading.UniqueModListBuilder/]: Found 2 mods for first modid appleskin, selecting most recent based on version data
[255月2025 13:35:18.226] [main/DEBUG] [net.minecraftforge.fml.loading.UniqueModListBuilder/]: Selected file appleskin-2.5.1+mc1.20.1-forge,1.20.1_mapped_parchment_2023.09.03-1.20.1.jar for modid appleskin with version 2.5.1+mc1.20.1
[255月2025 13:35:18.226] [main/DEBUG] [net.minecraftforge.fml.loading.UniqueModListBuilder/]: Found 2 mods for first modid architectury, selecting most recent based on version data
[255月2025 13:35:18.226] [main/DEBUG] [net.minecraftforge.fml.loading.UniqueModListBuilder/]: Selected file architectury-forge-9.1.12_mapped_parchment_2023.09.03-1.20.1.jar for modid architectury with version 9.1.12
[255月2025 13:35:18.226] [main/DEBUG] [net.minecraftforge.fml.loading.UniqueModListBuilder/]: Found 2 mods for first modid nbtedit, selecting most recent based on version data
[255月2025 13:35:18.226] [main/DEBUG] [net.minecraftforge.fml.loading.UniqueModListBuilder/]: Selected file nbtedit-reborn-5.0.3+mc1.20.1-forge,1.20.1_mapped_parchment_2023.09.03-1.20.1.jar for modid nbtedit with version 5.0.3
[255月2025 13:35:18.226] [main/DEBUG] [net.minecraftforge.fml.loading.UniqueModListBuilder/]: Found 2 mods for first modid cloth_config, selecting most recent based on version data
[255月2025 13:35:18.227] [main/DEBUG] [net.minecraftforge.fml.loading.UniqueModListBuilder/]: Selected file cloth-config-11.1.136+forge-forge,1.20.1_mapped_parchment_2023.09.03-1.20.1.jar for modid cloth_config with version 11.1.136
[255月2025 13:35:18.227] [main/DEBUG] [net.minecraftforge.fml.loading.UniqueModListBuilder/]: Found 2 mods for first modid quickmodstart, selecting most recent based on version data
[255月2025 13:35:18.227] [main/DEBUG] [net.minecraftforge.fml.loading.UniqueModListBuilder/]: Selected file quickmodstart-forge-1.20.1-1.0.0.jar for modid quickmodstart with version 1.0.0
[255月2025 13:35:18.227] [main/DEBUG] [net.minecraftforge.fml.loading.UniqueModListBuilder/]: Found 2 mods for first modid toms_storage, selecting most recent based on version data
[255月2025 13:35:18.227] [main/DEBUG] [net.minecraftforge.fml.loading.UniqueModListBuilder/]: Selected file toms-storage-1.20-1.6.8-forge,1.20.1_mapped_parchment_2023.09.03-1.20.1.jar for modid toms_storage with version 1.6.8
[255月2025 13:35:18.227] [main/DEBUG] [net.minecraftforge.fml.loading.UniqueModListBuilder/]: Found 2 mods for first modid cuisinedelight, selecting most recent based on version data
[255月2025 13:35:18.227] [main/DEBUG] [net.minecraftforge.fml.loading.UniqueModListBuilder/]: Selected file cuisine-delight-1.1.16-forge,1.20.1_mapped_parchment_2023.09.03-1.20.1.jar for modid cuisinedelight with version 1.1.16
[255月2025 13:35:18.227] [main/DEBUG] [net.minecraftforge.fml.loading.UniqueModListBuilder/]: Found 2 mods for first modid drinkbeer, selecting most recent based on version data
[255月2025 13:35:18.228] [main/DEBUG] [net.minecraftforge.fml.loading.UniqueModListBuilder/]: Selected file drink-beer-refill-1.0.5-forge,1.20.1_mapped_parchment_2023.09.03-1.20.1.jar for modid drinkbeer with version 1.0.5
[255月2025 13:35:18.235] [main/DEBUG] [net.minecraftforge.fml.loading.moddiscovery.AbstractJarFileDependencyLocator/]: Failed to load resource META-INF\jarjar\metadata.json from farmers-delight-1.20.1-1.2.5-forge,1.20.1_mapped_parchment_2023.09.03-1.20.1.jar, it does not contain dependency information.
[255月2025 13:35:18.236] [main/DEBUG] [net.minecraftforge.fml.loading.moddiscovery.AbstractJarFileDependencyLocator/]: Failed to load resource META-INF\jarjar\metadata.json from forge-1.20.1-47.1.3_mapped_parchment_2023.09.03-1.20.1.jar, it does not contain dependency information.
[255月2025 13:35:18.236] [main/DEBUG] [net.minecraftforge.fml.loading.moddiscovery.AbstractJarFileDependencyLocator/]: Failed to load resource META-INF\jarjar\metadata.json from kiwi-11.5.5-forge,1.20.1_mapped_parchment_2023.09.03-1.20.1.jar, it does not contain dependency information.
[255月2025 13:35:18.236] [main/DEBUG] [net.minecraftforge.fml.loading.moddiscovery.AbstractJarFileDependencyLocator/]: Failed to load resource META-INF\jarjar\metadata.json from vintage-delight-0.1.6-forge,1.20.1_mapped_parchment_2023.09.03-1.20.1.jar, it does not contain dependency information.
[255月2025 13:35:18.236] [main/DEBUG] [net.minecraftforge.fml.loading.moddiscovery.AbstractJarFileDependencyLocator/]: Failed to load resource META-INF\jarjar\metadata.json from libipn-forge-1.20-4.0.1-forge,1.20.1_mapped_parchment_2023.09.03-1.20.1.jar, it does not contain dependency information.
[255月2025 13:35:18.236] [main/DEBUG] [net.minecraftforge.fml.loading.moddiscovery.AbstractJarFileDependencyLocator/]: Failed to load resource META-INF\jarjar\metadata.json from kitchen-karrot-1.20.1-0.5.4-forge,1.20.1_mapped_parchment_2023.09.03-1.20.1.jar, it does not contain dependency information.
[255月2025 13:35:18.236] [main/DEBUG] [net.minecraftforge.fml.loading.moddiscovery.AbstractJarFileDependencyLocator/]: Failed to load resource META-INF\jarjar\metadata.json from the-one-probe-1.20.1-10.0.2-forge,1.20.1_mapped_parchment_2023.09.03-1.20.1.jar, it does not contain dependency information.
[255月2025 13:35:18.237] [main/DEBUG] [net.minecraftforge.fml.loading.moddiscovery.AbstractJarFileDependencyLocator/]: Failed to load resource META-INF\jarjar\metadata.json from jade-11.6.1-forge,1.20.1_mapped_parchment_2023.09.03-1.20.1.jar, it does not contain dependency information.
[255月2025 13:35:18.237] [main/DEBUG] [net.minecraftforge.fml.loading.moddiscovery.AbstractJarFileDependencyLocator/]: Failed to load resource META-INF\jarjar\metadata.json from sophisticated-storage-1.20.1-1.3.9.1075-forge,1.20.1_mapped_parchment_2023.09.03-1.20.1.jar, it does not contain dependency information.
[255月2025 13:35:18.237] [main/DEBUG] [net.minecraftforge.fml.loading.moddiscovery.AbstractJarFileDependencyLocator/]: Failed to load resource META-INF\jarjar\metadata.json from jei-15.20.0.106-forge,1.20.1_mapped_parchment_2023.09.03-1.20.1.jar, it does not contain dependency information.
[255月2025 13:35:18.238] [main/DEBUG] [net.minecraftforge.fml.loading.moddiscovery.AbstractJarFileDependencyLocator/]: Failed to load resource META-INF\jarjar\metadata.json from simple-farming-327554-4711850_mapped_parchment_2023.09.03-1.20.1.jar, it does not contain dependency information.
[255月2025 13:35:18.238] [main/DEBUG] [net.minecraftforge.fml.loading.moddiscovery.AbstractJarFileDependencyLocator/]: Failed to load resource META-INF\jarjar\metadata.json from sophisticated-core-1.20.1-1.2.20.894-forge,1.20.1_mapped_parchment_2023.09.03-1.20.1.jar, it does not contain dependency information.
[255月2025 13:35:18.238] [main/DEBUG] [net.minecraftforge.fml.loading.moddiscovery.AbstractJarFileDependencyLocator/]: Failed to load resource META-INF\jarjar\metadata.json from curios-forge-5.4.5+1.20.1_mapped_parchment_2023.09.03-1.20.1.jar, it does not contain dependency information.
[255月2025 13:35:18.238] [main/DEBUG] [net.minecraftforge.fml.loading.moddiscovery.AbstractJarFileDependencyLocator/]: Failed to load resource META-INF\jarjar\metadata.json from farmers-respite-551453-5543547_mapped_parchment_2023.09.03-1.20.1.jar, it does not contain dependency information.
[255月2025 13:35:18.239] [main/DEBUG] [net.minecraftforge.fml.loading.moddiscovery.AbstractJarFileDependencyLocator/]: Failed to load resource META-INF\jarjar\metadata.json from patchouli-1.20.1-84.1-forge-forge,1.20.1_mapped_parchment_2023.09.03-1.20.1.jar, it does not contain dependency information.
[255月2025 13:35:18.239] [main/DEBUG] [net.minecraftforge.fml.loading.moddiscovery.AbstractJarFileDependencyLocator/]: Failed to load resource META-INF\jarjar\metadata.json from my-nethers-delight-1.20.1-1.6-forge,1.20.1_mapped_parchment_2023.09.03-1.20.1.jar, it does not contain dependency information.
[255月2025 13:35:18.240] [main/DEBUG] [net.minecraftforge.fml.loading.moddiscovery.AbstractJarFileDependencyLocator/]: Failed to load resource META-INF\jarjar\metadata.json from storagedrawers-12.0.3-forge,1.20.1_mapped_parchment_2023.09.03-1.20.1.jar, it does not contain dependency information.
[255月2025 13:35:18.240] [main/DEBUG] [net.minecraftforge.fml.loading.moddiscovery.AbstractJarFileDependencyLocator/]: Failed to load resource META-INF\jarjar\metadata.json from miners-delight-1.20.1-1.2.3-forge,1.20.1_mapped_parchment_2023.09.03-1.20.1.jar, it does not contain dependency information.
[255月2025 13:35:18.240] [main/DEBUG] [net.minecraftforge.fml.loading.moddiscovery.AbstractJarFileDependencyLocator/]: Failed to load resource META-INF\jarjar\metadata.json from pneumaticcraft-repressurized-6.0.20-forge,1.20.1_mapped_parchment_2023.09.03-1.20.1.jar, it does not contain dependency information.
[255月2025 13:35:18.240] [main/DEBUG] [net.minecraftforge.fml.loading.moddiscovery.AbstractJarFileDependencyLocator/]: Failed to load resource META-INF\jarjar\metadata.json from crock-pot-404523-5458905_mapped_parchment_2023.09.03-1.20.1.jar, it does not contain dependency information.
[255月2025 13:35:18.241] [main/DEBUG] [net.minecraftforge.fml.loading.moddiscovery.AbstractJarFileDependencyLocator/]: Failed to load resource META-INF\jarjar\metadata.json from main, it does not contain dependency information.
[255月2025 13:35:18.241] [main/DEBUG] [net.minecraftforge.fml.loading.moddiscovery.AbstractJarFileDependencyLocator/]: Failed to load resource META-INF\jarjar\metadata.json from appleskin-2.5.1+mc1.20.1-forge,1.20.1_mapped_parchment_2023.09.03-1.20.1.jar, it does not contain dependency information.
[255月2025 13:35:18.241] [main/DEBUG] [net.minecraftforge.fml.loading.moddiscovery.AbstractJarFileDependencyLocator/]: Failed to load resource META-INF\jarjar\metadata.json from architectury-forge-9.1.12_mapped_parchment_2023.09.03-1.20.1.jar, it does not contain dependency information.
[255月2025 13:35:18.241] [main/DEBUG] [net.minecraftforge.fml.loading.moddiscovery.AbstractJarFileDependencyLocator/]: Failed to load resource META-INF\jarjar\metadata.json from nbtedit-reborn-5.0.3+mc1.20.1-forge,1.20.1_mapped_parchment_2023.09.03-1.20.1.jar, it does not contain dependency information.
[255月2025 13:35:18.241] [main/DEBUG] [net.minecraftforge.fml.loading.moddiscovery.AbstractJarFileDependencyLocator/]: Failed to load resource META-INF\jarjar\metadata.json from cloth-config-11.1.136+forge-forge,1.20.1_mapped_parchment_2023.09.03-1.20.1.jar, it does not contain dependency information.
[255月2025 13:35:18.241] [main/DEBUG] [net.minecraftforge.fml.loading.moddiscovery.AbstractJarFileDependencyLocator/]: Failed to load resource META-INF\jarjar\metadata.json from quickmodstart-forge-1.20.1-1.0.0.jar, it does not contain dependency information.
[255月2025 13:35:18.241] [main/DEBUG] [net.minecraftforge.fml.loading.moddiscovery.AbstractJarFileDependencyLocator/]: Failed to load resource META-INF\jarjar\metadata.json from toms-storage-1.20-1.6.8-forge,1.20.1_mapped_parchment_2023.09.03-1.20.1.jar, it does not contain dependency information.
[255月2025 13:35:18.242] [main/DEBUG] [net.minecraftforge.fml.loading.moddiscovery.AbstractJarFileDependencyLocator/]: Failed to load resource META-INF\jarjar\metadata.json from , it does not contain dependency information.
[255月2025 13:35:18.242] [main/DEBUG] [net.minecraftforge.fml.loading.moddiscovery.AbstractJarFileDependencyLocator/]: Failed to load resource META-INF\jarjar\metadata.json from drink-beer-refill-1.0.5-forge,1.20.1_mapped_parchment_2023.09.03-1.20.1.jar, it does not contain dependency information.
[255月2025 13:35:18.242] [main/DEBUG] [net.minecraftforge.fml.loading.moddiscovery.AbstractJarFileDependencyLocator/]: Failed to load resource META-INF\jarjar\metadata.json from mclanguage-1.20.1-47.1.3.jar, it does not contain dependency information.
[255月2025 13:35:18.242] [main/DEBUG] [net.minecraftforge.fml.loading.moddiscovery.AbstractJarFileDependencyLocator/]: Failed to load resource META-INF\jarjar\metadata.json from javafmllanguage-1.20.1-47.1.3.jar, it does not contain dependency information.
[255月2025 13:35:18.243] [main/DEBUG] [net.minecraftforge.fml.loading.moddiscovery.AbstractJarFileDependencyLocator/]: Failed to load resource META-INF\jarjar\metadata.json from fmlcore-1.20.1-47.1.3.jar, it does not contain dependency information.
[255月2025 13:35:18.243] [main/DEBUG] [net.minecraftforge.fml.loading.moddiscovery.AbstractJarFileDependencyLocator/]: Failed to load resource META-INF\jarjar\metadata.json from lowcodelanguage-1.20.1-47.1.3.jar, it does not contain dependency information.
[255月2025 13:35:18.283] [main/DEBUG] [net.minecraftforge.fml.loading.moddiscovery.ModFileParser/LOADING]: Considering mod file candidate 
[255月2025 13:35:18.284] [main/DEBUG] [net.minecraftforge.fml.loading.moddiscovery.ModFileInfo/LOADING]: Found valid mod file mixinextras-forge-0.2.0-beta.8.jar with {mixinextras} mods - versions {0.2.0-beta.8}
[255月2025 13:35:18.295] [main/DEBUG] [net.minecraftforge.fml.loading.moddiscovery.ModFileParser/LOADING]: Considering mod file candidate 
[255月2025 13:35:18.296] [main/DEBUG] [net.minecraftforge.fml.loading.moddiscovery.ModFileInfo/LOADING]: Found valid mod file l2library-2.4.25-slim.jar with {l2library} mods - versions {2.4.25}
[255月2025 13:35:18.348] [main/DEBUG] [net.minecraftforge.fml.loading.moddiscovery.ModFileParser/LOADING]: Considering mod file candidate 
[255月2025 13:35:18.348] [main/DEBUG] [net.minecraftforge.fml.loading.moddiscovery.ModFileInfo/LOADING]: Found valid mod file simplebedrockmodel-1.20.1-release-1.1.0.jar with {simplebedrockmodel} mods - versions {1.1.0}
[255月2025 13:35:18.351] [main/DEBUG] [net.minecraftforge.fml.loading.moddiscovery.ModFileParser/LOADING]: Considering mod file candidate 
[255月2025 13:35:18.351] [main/DEBUG] [net.minecraftforge.fml.loading.moddiscovery.ModFileInfo/LOADING]: Found valid mod file mixinextras-forge-0.3.6.jar with {mixinextras} mods - versions {0.3.6}
[255月2025 13:35:18.352] [main/DEBUG] [net.minecraftforge.fml.loading.moddiscovery.ModFileParser/LOADING]: Considering mod file candidate 
[255月2025 13:35:18.353] [main/DEBUG] [net.minecraftforge.fml.loading.moddiscovery.ModFileInfo/LOADING]: Found valid mod file mixinextras-forge-0.2.0-beta.8.jar with {mixinextras} mods - versions {0.2.0-beta.8}
[255月2025 13:35:18.358] [main/DEBUG] [net.minecraftforge.fml.loading.moddiscovery.ModFileParser/LOADING]: Considering mod file candidate 
[255月2025 13:35:18.358] [main/DEBUG] [net.minecraftforge.fml.loading.moddiscovery.ModFileInfo/LOADING]: Found valid mod file l2harvester-0.1.0.jar with {l2harvester} mods - versions {0.1.0}
[255月2025 13:35:18.367] [main/DEBUG] [net.minecraftforge.fml.loading.moddiscovery.ModFileParser/LOADING]: Considering mod file candidate 
[255月2025 13:35:18.368] [main/DEBUG] [net.minecraftforge.fml.loading.moddiscovery.ModFileInfo/LOADING]: Found valid mod file l2damagetracker-0.3.7.jar with {l2damagetracker} mods - versions {0.3.7}
[255月2025 13:35:18.375] [main/DEBUG] [net.minecraftforge.fml.loading.moddiscovery.ModFileParser/LOADING]: Considering mod file candidate 
[255月2025 13:35:18.375] [main/DEBUG] [net.minecraftforge.fml.loading.moddiscovery.ModFileInfo/LOADING]: Found valid mod file l2library-2.4.25-slim.jar with {l2library} mods - versions {2.4.25}
[255月2025 13:35:18.382] [main/DEBUG] [net.minecraftforge.fml.loading.moddiscovery.ModFileParser/LOADING]: Considering mod file candidate 
[255月2025 13:35:18.382] [main/DEBUG] [net.minecraftforge.fml.loading.moddiscovery.ModFileInfo/LOADING]: Found valid mod file kffmod-4.10.0.jar with {kotlinforforge} mods - versions {4.10.0}
[255月2025 13:35:18.384] [main/DEBUG] [net.minecraftforge.fml.loading.moddiscovery.ModFileParser/LOADING]: Considering mod file candidate 
[255月2025 13:35:18.384] [main/DEBUG] [net.minecraftforge.fml.loading.moddiscovery.ModFileInfo/LOADING]: Found valid mod file mixinextras-forge-0.2.0-beta.8.jar with {mixinextras} mods - versions {0.2.0-beta.8}
[255月2025 13:35:18.395] [main/DEBUG] [net.minecraftforge.fml.loading.moddiscovery.ModFileParser/LOADING]: Considering mod file candidate 
[255月2025 13:35:18.396] [main/DEBUG] [net.minecraftforge.fml.loading.moddiscovery.ModFileInfo/LOADING]: Found valid mod file l2library-2.4.14-slim.jar with {l2library} mods - versions {2.4.14}
[255月2025 13:35:18.401] [main/DEBUG] [net.minecraftforge.fml.loading.moddiscovery.AbstractJarFileDependencyLocator/]: Failed to load resource META-INF\jarjar\metadata.json from Registrate-MC1.20-1.3.11.jar, it does not contain dependency information.
[255月2025 13:35:18.401] [main/DEBUG] [net.minecraftforge.fml.loading.moddiscovery.AbstractJarFileDependencyLocator/]: Failed to load resource META-INF\jarjar\metadata.json from l2library-2.4.25-slim.jar, it does not contain dependency information.
[255月2025 13:35:18.401] [main/DEBUG] [net.minecraftforge.fml.loading.moddiscovery.AbstractJarFileDependencyLocator/]: Failed to load resource META-INF\jarjar\metadata.json from l2serial-1.2.2.jar, it does not contain dependency information.
[255月2025 13:35:18.401] [main/DEBUG] [net.minecraftforge.fml.loading.moddiscovery.AbstractJarFileDependencyLocator/]: Failed to load resource META-INF\jarjar\metadata.json from l2modularblock-1.1.1.jar, it does not contain dependency information.
[255月2025 13:35:18.401] [main/DEBUG] [net.minecraftforge.fml.loading.moddiscovery.AbstractJarFileDependencyLocator/]: Failed to load resource META-INF\jarjar\metadata.json from MixinExtras-0.4.0.jar, it does not contain dependency information.
[255月2025 13:35:18.401] [main/DEBUG] [net.minecraftforge.fml.loading.moddiscovery.AbstractJarFileDependencyLocator/]: Failed to load resource META-INF\jarjar\metadata.json from vorbis-java-core-0.8.jar, it does not contain dependency information.
[255月2025 13:35:18.401] [main/DEBUG] [net.minecraftforge.fml.loading.moddiscovery.AbstractJarFileDependencyLocator/]: Failed to load resource META-INF\jarjar\metadata.json from concentus-1.0.2.jar, it does not contain dependency information.
[255月2025 13:35:18.401] [main/DEBUG] [net.minecraftforge.fml.loading.moddiscovery.AbstractJarFileDependencyLocator/]: Failed to load resource META-INF\jarjar\metadata.json from snakeyaml-2.4.jar, it does not contain dependency information.
[255月2025 13:35:18.401] [main/DEBUG] [net.minecraftforge.fml.loading.moddiscovery.AbstractJarFileDependencyLocator/]: Failed to load resource META-INF\jarjar\metadata.json from simplebedrockmodel-1.20.1-release-1.1.0.jar, it does not contain dependency information.
[255月2025 13:35:18.406] [main/DEBUG] [net.minecraftforge.fml.loading.moddiscovery.AbstractJarFileDependencyLocator/]: Failed to load resource META-INF\jarjar\metadata.json from Registrate-MC1.20-1.3.11.jar, it does not contain dependency information.
[255月2025 13:35:18.406] [main/DEBUG] [net.minecraftforge.fml.loading.moddiscovery.AbstractJarFileDependencyLocator/]: Failed to load resource META-INF\jarjar\metadata.json from l2harvester-0.1.0.jar, it does not contain dependency information.
[255月2025 13:35:18.406] [main/DEBUG] [net.minecraftforge.fml.loading.moddiscovery.AbstractJarFileDependencyLocator/]: Failed to load resource META-INF\jarjar\metadata.json from l2serial-1.2.3.jar, it does not contain dependency information.
[255月2025 13:35:18.406] [main/DEBUG] [net.minecraftforge.fml.loading.moddiscovery.AbstractJarFileDependencyLocator/]: Failed to load resource META-INF\jarjar\metadata.json from l2modularblock-1.1.0.jar, it does not contain dependency information.
[255月2025 13:35:18.406] [main/DEBUG] [net.minecraftforge.fml.loading.moddiscovery.AbstractJarFileDependencyLocator/]: Failed to load resource META-INF\jarjar\metadata.json from l2damagetracker-0.3.7.jar, it does not contain dependency information.
[255月2025 13:35:18.406] [main/DEBUG] [net.minecraftforge.fml.loading.moddiscovery.AbstractJarFileDependencyLocator/]: Failed to load resource META-INF\jarjar\metadata.json from l2library-2.4.25-slim.jar, it does not contain dependency information.
[255月2025 13:35:18.406] [main/DEBUG] [net.minecraftforge.fml.loading.moddiscovery.AbstractJarFileDependencyLocator/]: Failed to load resource META-INF\jarjar\metadata.json from kfflang-4.10.0.jar, it does not contain dependency information.
[255月2025 13:35:18.406] [main/DEBUG] [net.minecraftforge.fml.loading.moddiscovery.AbstractJarFileDependencyLocator/]: Failed to load resource META-INF\jarjar\metadata.json from kfflib-4.10.0.jar, it does not contain dependency information.
[255月2025 13:35:18.406] [main/DEBUG] [net.minecraftforge.fml.loading.moddiscovery.AbstractJarFileDependencyLocator/]: Failed to load resource META-INF\jarjar\metadata.json from kffmod-4.10.0.jar, it does not contain dependency information.
[255月2025 13:35:18.409] [main/DEBUG] [net.minecraftforge.fml.loading.moddiscovery.AbstractJarFileDependencyLocator/]: Failed to load resource META-INF\jarjar\metadata.json from Registrate-MC1.20-1.3.11.jar, it does not contain dependency information.
[255月2025 13:35:18.409] [main/DEBUG] [net.minecraftforge.fml.loading.moddiscovery.AbstractJarFileDependencyLocator/]: Failed to load resource META-INF\jarjar\metadata.json from l2library-2.4.14-slim.jar, it does not contain dependency information.
[255月2025 13:35:18.409] [main/DEBUG] [net.minecraftforge.fml.loading.moddiscovery.AbstractJarFileDependencyLocator/]: Failed to load resource META-INF\jarjar\metadata.json from l2serial-1.2.0.jar, it does not contain dependency information.
[255月2025 13:35:18.409] [main/DEBUG] [net.minecraftforge.fml.loading.moddiscovery.AbstractJarFileDependencyLocator/]: Failed to load resource META-INF\jarjar\metadata.json from MixinExtras-0.2.0-beta.8.jar, it does not contain dependency information.
[255月2025 13:35:18.409] [main/DEBUG] [net.minecraftforge.fml.loading.moddiscovery.AbstractJarFileDependencyLocator/]: Failed to load resource META-INF\jarjar\metadata.json from MixinExtras-0.3.6.jar, it does not contain dependency information.
[255月2025 13:35:18.410] [main/DEBUG] [net.minecraftforge.fml.loading.moddiscovery.AbstractJarFileDependencyLocator/]: Failed to load resource META-INF\jarjar\metadata.json from MixinExtras-0.2.0-beta.8.jar, it does not contain dependency information.
[255月2025 13:35:18.410] [main/DEBUG] [net.minecraftforge.fml.loading.moddiscovery.AbstractJarFileDependencyLocator/]: Failed to load resource META-INF\jarjar\metadata.json from MixinExtras-0.2.0-beta.8.jar, it does not contain dependency information.
[255月2025 13:35:18.455] [main/DEBUG] [net.minecraftforge.fml.loading.moddiscovery.ModFileParser/LOADING]: Considering mod file candidate 
[255月2025 13:35:18.455] [main/DEBUG] [net.minecraftforge.fml.loading.moddiscovery.ModFileInfo/LOADING]: Found valid mod file simplebedrockmodel-1.20.1-release-1.1.0.jar with {simplebedrockmodel} mods - versions {1.1.0}
[255月2025 13:35:18.456] [main/DEBUG] [net.minecraftforge.fml.loading.moddiscovery.ModFileParser/LOADING]: Considering mod file candidate 
[255月2025 13:35:18.456] [main/DEBUG] [net.minecraftforge.fml.loading.moddiscovery.ModFileInfo/LOADING]: Found valid mod file l2harvester-0.1.0.jar with {l2harvester} mods - versions {0.1.0}
[255月2025 13:35:18.459] [main/DEBUG] [net.minecraftforge.fml.loading.moddiscovery.ModFileParser/LOADING]: Considering mod file candidate 
[255月2025 13:35:18.459] [main/DEBUG] [net.minecraftforge.fml.loading.moddiscovery.ModFileInfo/LOADING]: Found valid mod file mixinextras-forge-0.3.6.jar with {mixinextras} mods - versions {0.3.6}
[255月2025 13:35:18.462] [main/DEBUG] [net.minecraftforge.fml.loading.moddiscovery.ModFileParser/LOADING]: Considering mod file candidate 
[255月2025 13:35:18.462] [main/DEBUG] [net.minecraftforge.fml.loading.moddiscovery.ModFileInfo/LOADING]: Found valid mod file l2damagetracker-0.3.7.jar with {l2damagetracker} mods - versions {0.3.7}
[255月2025 13:35:18.474] [main/DEBUG] [net.minecraftforge.fml.loading.moddiscovery.ModFileParser/LOADING]: Considering mod file candidate 
[255月2025 13:35:18.474] [main/DEBUG] [net.minecraftforge.fml.loading.moddiscovery.ModFileInfo/LOADING]: Found valid mod file mixinextras-forge-0.2.0-beta.8.jar with {mixinextras} mods - versions {0.2.0-beta.8}
[255月2025 13:35:18.481] [main/DEBUG] [net.minecraftforge.fml.loading.moddiscovery.ModFileParser/LOADING]: Considering mod file candidate 
[255月2025 13:35:18.482] [main/DEBUG] [net.minecraftforge.fml.loading.moddiscovery.ModFileInfo/LOADING]: Found valid mod file l2library-2.4.25-slim.jar with {l2library} mods - versions {2.4.25}
[255月2025 13:35:18.485] [main/DEBUG] [net.minecraftforge.fml.loading.moddiscovery.ModFileParser/LOADING]: Considering mod file candidate 
[255月2025 13:35:18.486] [main/DEBUG] [net.minecraftforge.fml.loading.moddiscovery.ModFileInfo/LOADING]: Found valid mod file kffmod-4.10.0.jar with {kotlinforforge} mods - versions {4.10.0}
[255月2025 13:35:18.486] [main/WARN] [net.minecraftforge.jarjar.selection.JarSelector/]: Attempted to select two dependency jars from JarJar which have the same identification: Mod File:  and Mod File: . Using Mod File: 
[255月2025 13:35:18.487] [main/WARN] [net.minecraftforge.jarjar.selection.JarSelector/]: Attempted to select a dependency jar for JarJar which was passed in as source: mixinextras. Using Mod File: D:\Users\addor\.gradle\caches\modules-2\files-2.1\io.github.llamalad7\mixinextras-forge\0.4.0\95567f46545b29722b1ad56aa218b842bc47b726\mixinextras-forge-0.4.0.jar
[255月2025 13:35:18.488] [main/INFO] [net.minecraftforge.fml.loading.moddiscovery.JarInJarDependencyLocator/]: Found 14 dependencies adding them to mods collection
[255月2025 13:35:18.489] [main/DEBUG] [net.minecraftforge.fml.loading.moddiscovery.ModFileParser/LOADING]: Considering mod file candidate D:\Users\addor\.gradle\caches\forge_gradle\deobf_dependencies\maven\modrinth\kiwi\11.5.5-forge,1.20.1_mapped_parchment_2023.09.03-1.20.1\kiwi-11.5.5-forge,1.20.1_mapped_parchment_2023.09.03-1.20.1.jar
[255月2025 13:35:18.490] [main/DEBUG] [net.minecraftforge.fml.loading.moddiscovery.ModFileInfo/LOADING]: Found valid mod file kiwi-11.5.5-forge,1.20.1_mapped_parchment_2023.09.03-1.20.1.jar with {kiwi} mods - versions {11.5.5}
[255月2025 13:35:18.493] [main/DEBUG] [net.minecraftforge.fml.loading.moddiscovery.ModFile/LOADING]: Loading mod file D:\Users\addor\.gradle\caches\forge_gradle\deobf_dependencies\maven\modrinth\kiwi\11.5.5-forge,1.20.1_mapped_parchment_2023.09.03-1.20.1\kiwi-11.5.5-forge,1.20.1_mapped_parchment_2023.09.03-1.20.1.jar with languages [LanguageSpec[languageName=javafml, acceptedVersions=[46,)]]
[255月2025 13:35:18.494] [main/DEBUG] [net.minecraftforge.fml.loading.moddiscovery.ModFileParser/LOADING]: Considering mod file candidate D:\Users\addor\.gradle\caches\forge_gradle\deobf_dependencies\maven\modrinth\youkaishomecoming\2.3.4-forge,1.20.1_mapped_parchment_2023.09.03-1.20.1\youkaishomecoming-2.3.4-forge,1.20.1_mapped_parchment_2023.09.03-1.20.1.jar
[255月2025 13:35:18.495] [main/DEBUG] [net.minecraftforge.fml.loading.moddiscovery.ModFileInfo/LOADING]: Found valid mod file youkaishomecoming-2.3.4-forge,1.20.1_mapped_parchment_2023.09.03-1.20.1.jar with {youkaishomecoming} mods - versions {2.3.4}
[255月2025 13:35:18.495] [main/DEBUG] [net.minecraftforge.fml.loading.moddiscovery.ModFile/LOADING]: Loading mod file D:\Users\addor\.gradle\caches\forge_gradle\deobf_dependencies\maven\modrinth\youkaishomecoming\2.3.4-forge,1.20.1_mapped_parchment_2023.09.03-1.20.1\youkaishomecoming-2.3.4-forge,1.20.1_mapped_parchment_2023.09.03-1.20.1.jar with languages [LanguageSpec[languageName=javafml, acceptedVersions=[47,)]]
[255月2025 13:35:18.495] [main/DEBUG] [net.minecraftforge.fml.loading.moddiscovery.ModFileParser/LOADING]: Considering mod file candidate D:\Users\addor\.gradle\caches\forge_gradle\deobf_dependencies\maven\modrinth\sophisticated-storage\1.20.1-1.3.9.1075-forge,1.20.1_mapped_parchment_2023.09.03-1.20.1\sophisticated-storage-1.20.1-1.3.9.1075-forge,1.20.1_mapped_parchment_2023.09.03-1.20.1.jar
[255月2025 13:35:18.495] [main/DEBUG] [net.minecraftforge.fml.loading.moddiscovery.ModFileInfo/LOADING]: Found valid mod file sophisticated-storage-1.20.1-1.3.9.1075-forge,1.20.1_mapped_parchment_2023.09.03-1.20.1.jar with {sophisticatedstorage} mods - versions {1.3.9.1075}
[255月2025 13:35:18.495] [main/DEBUG] [net.minecraftforge.fml.loading.moddiscovery.ModFile/LOADING]: Loading mod file D:\Users\addor\.gradle\caches\forge_gradle\deobf_dependencies\maven\modrinth\sophisticated-storage\1.20.1-1.3.9.1075-forge,1.20.1_mapped_parchment_2023.09.03-1.20.1\sophisticated-storage-1.20.1-1.3.9.1075-forge,1.20.1_mapped_parchment_2023.09.03-1.20.1.jar with languages [LanguageSpec[languageName=javafml, acceptedVersions=[47,)]]
[255月2025 13:35:18.495] [main/DEBUG] [net.minecraftforge.fml.loading.moddiscovery.ModFileParser/LOADING]: Considering mod file candidate D:\Users\addor\.gradle\caches\forge_gradle\deobf_dependencies\maven\modrinth\jei\15.20.0.106-forge,1.20.1_mapped_parchment_2023.09.03-1.20.1\jei-15.20.0.106-forge,1.20.1_mapped_parchment_2023.09.03-1.20.1.jar
[255月2025 13:35:18.496] [main/DEBUG] [net.minecraftforge.fml.loading.moddiscovery.ModFileInfo/LOADING]: Found valid mod file jei-15.20.0.106-forge,1.20.1_mapped_parchment_2023.09.03-1.20.1.jar with {jei} mods - versions {15.20.0.106}
[255月2025 13:35:18.496] [main/DEBUG] [net.minecraftforge.fml.loading.moddiscovery.ModFile/LOADING]: Loading mod file D:\Users\addor\.gradle\caches\forge_gradle\deobf_dependencies\maven\modrinth\jei\15.20.0.106-forge,1.20.1_mapped_parchment_2023.09.03-1.20.1\jei-15.20.0.106-forge,1.20.1_mapped_parchment_2023.09.03-1.20.1.jar with languages [LanguageSpec[languageName=javafml, acceptedVersions=[47,)]]
[255月2025 13:35:18.496] [main/DEBUG] [net.minecraftforge.fml.loading.moddiscovery.ModFileParser/LOADING]: Considering mod file candidate D:\Users\addor\.gradle\caches\forge_gradle\deobf_dependencies\maven\modrinth\sophisticated-core\1.20.1-1.2.20.894-forge,1.20.1_mapped_parchment_2023.09.03-1.20.1\sophisticated-core-1.20.1-1.2.20.894-forge,1.20.1_mapped_parchment_2023.09.03-1.20.1.jar
[255月2025 13:35:18.497] [main/DEBUG] [net.minecraftforge.fml.loading.moddiscovery.ModFileInfo/LOADING]: Found valid mod file sophisticated-core-1.20.1-1.2.20.894-forge,1.20.1_mapped_parchment_2023.09.03-1.20.1.jar with {sophisticatedcore} mods - versions {1.2.20.894}
[255月2025 13:35:18.497] [main/DEBUG] [net.minecraftforge.fml.loading.moddiscovery.ModFile/LOADING]: Loading mod file D:\Users\addor\.gradle\caches\forge_gradle\deobf_dependencies\maven\modrinth\sophisticated-core\1.20.1-1.2.20.894-forge,1.20.1_mapped_parchment_2023.09.03-1.20.1\sophisticated-core-1.20.1-1.2.20.894-forge,1.20.1_mapped_parchment_2023.09.03-1.20.1.jar with languages [LanguageSpec[languageName=javafml, acceptedVersions=[47,)]]
[255月2025 13:35:18.497] [main/DEBUG] [net.minecraftforge.fml.loading.moddiscovery.ModFileParser/LOADING]: Considering mod file candidate D:\Users\addor\.gradle\caches\forge_gradle\deobf_dependencies\maven\modrinth\pneumaticcraft-repressurized\6.0.20-forge,1.20.1_mapped_parchment_2023.09.03-1.20.1\pneumaticcraft-repressurized-6.0.20-forge,1.20.1_mapped_parchment_2023.09.03-1.20.1.jar
[255月2025 13:35:18.497] [main/DEBUG] [net.minecraftforge.fml.loading.moddiscovery.ModFileInfo/LOADING]: Found valid mod file pneumaticcraft-repressurized-6.0.20-forge,1.20.1_mapped_parchment_2023.09.03-1.20.1.jar with {pneumaticcraft} mods - versions {6.0.20+mc1.20.1}
[255月2025 13:35:18.498] [main/DEBUG] [net.minecraftforge.fml.loading.moddiscovery.ModFile/LOADING]: Loading mod file D:\Users\addor\.gradle\caches\forge_gradle\deobf_dependencies\maven\modrinth\pneumaticcraft-repressurized\6.0.20-forge,1.20.1_mapped_parchment_2023.09.03-1.20.1\pneumaticcraft-repressurized-6.0.20-forge,1.20.1_mapped_parchment_2023.09.03-1.20.1.jar with languages [LanguageSpec[languageName=javafml, acceptedVersions=[47,)]]
[255月2025 13:35:18.498] [main/DEBUG] [net.minecraftforge.fml.loading.moddiscovery.ModFileParser/LOADING]: Considering mod file candidate D:\Users\addor\.gradle\caches\forge_gradle\deobf_dependencies\curse\maven\crock-pot-404523\5458905_mapped_parchment_2023.09.03-1.20.1\crock-pot-404523-5458905_mapped_parchment_2023.09.03-1.20.1.jar
[255月2025 13:35:18.498] [main/DEBUG] [net.minecraftforge.fml.loading.moddiscovery.ModFileInfo/LOADING]: Found valid mod file crock-pot-404523-5458905_mapped_parchment_2023.09.03-1.20.1.jar with {crockpot} mods - versions {1.0.1}
[255月2025 13:35:18.499] [main/DEBUG] [net.minecraftforge.fml.loading.moddiscovery.ModFile/LOADING]: Loading mod file D:\Users\addor\.gradle\caches\forge_gradle\deobf_dependencies\curse\maven\crock-pot-404523\5458905_mapped_parchment_2023.09.03-1.20.1\crock-pot-404523-5458905_mapped_parchment_2023.09.03-1.20.1.jar with languages [LanguageSpec[languageName=javafml, acceptedVersions=[47,)]]
[255月2025 13:35:18.499] [main/DEBUG] [net.minecraftforge.fml.loading.moddiscovery.ModFileParser/LOADING]: Considering mod file candidate G:\mc-mods\maidsoulkitchen\MaidsoulKitchen-1.20.1\build\resources\main
[255月2025 13:35:18.500] [main/DEBUG] [net.minecraftforge.fml.loading.moddiscovery.ModFileInfo/LOADING]: Found valid mod file main with {maidsoulkitchen} mods - versions {0.1.4}
[255月2025 13:35:18.500] [main/DEBUG] [net.minecraftforge.fml.loading.moddiscovery.ModFile/LOADING]: Loading mod file G:\mc-mods\maidsoulkitchen\MaidsoulKitchen-1.20.1\build\resources\main with languages [LanguageSpec[languageName=javafml, acceptedVersions=[47,)]]
[255月2025 13:35:18.500] [main/DEBUG] [net.minecraftforge.fml.loading.moddiscovery.ModFileParser/LOADING]: Considering mod file candidate G:\mc-mods\maidsoulkitchen\MaidsoulKitchen-1.20.1\libs\1.20.1\runtimeOnly\quickmodstart-forge-1.20.1-1.0.0.jar
[255月2025 13:35:18.501] [main/DEBUG] [net.minecraftforge.fml.loading.moddiscovery.ModFileInfo/LOADING]: Found valid mod file quickmodstart-forge-1.20.1-1.0.0.jar with {quickmodstart} mods - versions {1.0.0}
[255月2025 13:35:18.501] [main/DEBUG] [net.minecraftforge.fml.loading.moddiscovery.ModFile/LOADING]: Loading mod file G:\mc-mods\maidsoulkitchen\MaidsoulKitchen-1.20.1\libs\1.20.1\runtimeOnly\quickmodstart-forge-1.20.1-1.0.0.jar with languages [LanguageSpec[languageName=javafml, acceptedVersions=[1,)]]
[255月2025 13:35:18.501] [main/DEBUG] [net.minecraftforge.fml.loading.moddiscovery.ModFileParser/LOADING]: Considering mod file candidate D:\Users\addor\.gradle\caches\forge_gradle\deobf_dependencies\maven\modrinth\cloth-config\11.1.136+forge-forge,1.20.1_mapped_parchment_2023.09.03-1.20.1\cloth-config-11.1.136+forge-forge,1.20.1_mapped_parchment_2023.09.03-1.20.1.jar
[255月2025 13:35:18.501] [main/DEBUG] [net.minecraftforge.fml.loading.moddiscovery.ModFileInfo/LOADING]: Found valid mod file cloth-config-11.1.136+forge-forge,1.20.1_mapped_parchment_2023.09.03-1.20.1.jar with {cloth_config} mods - versions {11.1.136}
[255月2025 13:35:18.501] [main/DEBUG] [net.minecraftforge.fml.loading.moddiscovery.ModFile/LOADING]: Loading mod file D:\Users\addor\.gradle\caches\forge_gradle\deobf_dependencies\maven\modrinth\cloth-config\11.1.136+forge-forge,1.20.1_mapped_parchment_2023.09.03-1.20.1\cloth-config-11.1.136+forge-forge,1.20.1_mapped_parchment_2023.09.03-1.20.1.jar with languages [LanguageSpec[languageName=javafml, acceptedVersions=[34,)]]
[255月2025 13:35:18.501] [main/DEBUG] [net.minecraftforge.fml.loading.moddiscovery.ModFileParser/LOADING]: Considering mod file candidate /
[255月2025 13:35:18.502] [main/DEBUG] [net.minecraftforge.fml.loading.moddiscovery.ModFileInfo/LOADING]: Found valid mod file  with {forge} mods - versions {47.1.3}
[255月2025 13:35:18.502] [main/DEBUG] [net.minecraftforge.fml.loading.moddiscovery.ModFile/LOADING]: Loading mod file / with languages [LanguageSpec[languageName=javafml, acceptedVersions=[24,]]]
[255月2025 13:35:18.505] [main/DEBUG] [net.minecraftforge.fml.loading.moddiscovery.ModFileParser/LOADING]: Found coremod field_to_method with Javascript path coremods/field_to_method.js
[255月2025 13:35:18.505] [main/DEBUG] [net.minecraftforge.fml.loading.moddiscovery.ModFileParser/LOADING]: Found coremod field_to_instanceof with Javascript path coremods/field_to_instanceof.js
[255月2025 13:35:18.505] [main/DEBUG] [net.minecraftforge.fml.loading.moddiscovery.ModFileParser/LOADING]: Found coremod add_bouncer_method with Javascript path coremods/add_bouncer_method.js
[255月2025 13:35:18.505] [main/DEBUG] [net.minecraftforge.fml.loading.moddiscovery.ModFileParser/LOADING]: Found coremod method_redirector with Javascript path coremods/method_redirector.js
[255月2025 13:35:18.505] [main/DEBUG] [net.minecraftforge.fml.loading.moddiscovery.ModFile/LOADING]: Found coremod coremods/field_to_method.js
[255月2025 13:35:18.505] [main/DEBUG] [net.minecraftforge.fml.loading.moddiscovery.ModFile/LOADING]: Found coremod coremods/field_to_instanceof.js
[255月2025 13:35:18.505] [main/DEBUG] [net.minecraftforge.fml.loading.moddiscovery.ModFile/LOADING]: Found coremod coremods/add_bouncer_method.js
[255月2025 13:35:18.505] [main/DEBUG] [net.minecraftforge.fml.loading.moddiscovery.ModFile/LOADING]: Found coremod coremods/method_redirector.js
[255月2025 13:35:18.505] [main/DEBUG] [net.minecraftforge.fml.loading.moddiscovery.ModFileParser/LOADING]: Considering mod file candidate 
[255月2025 13:35:18.506] [main/DEBUG] [net.minecraftforge.fml.loading.moddiscovery.ModFileInfo/LOADING]: Found valid mod file l2damagetracker-0.3.7.jar with {l2damagetracker} mods - versions {0.3.7}
[255月2025 13:35:18.506] [main/DEBUG] [net.minecraftforge.fml.loading.moddiscovery.ModFile/LOADING]: Loading mod file  with languages [LanguageSpec[languageName=javafml, acceptedVersions=[46,)]]
[255月2025 13:35:18.506] [main/DEBUG] [net.minecraftforge.fml.loading.moddiscovery.ModFileInfo/LOADING]: Found valid mod file forge-1.20.1-47.1.3_mapped_parchment_2023.09.03-1.20.1.jar with {minecraft} mods - versions {1.20.1}
[255月2025 13:35:18.506] [main/DEBUG] [net.minecraftforge.fml.loading.moddiscovery.ModFile/LOADING]: Loading mod file G:\mc-mods\maidsoulkitchen\MaidsoulKitchen-1.20.1\build\fg_cache\net\minecraftforge\forge\1.20.1-47.1.3_mapped_parchment_2023.09.03-1.20.1\forge-1.20.1-47.1.3_mapped_parchment_2023.09.03-1.20.1.jar with languages [LanguageSpec[languageName=minecraft, acceptedVersions=1]]
[255月2025 13:35:18.506] [main/DEBUG] [net.minecraftforge.fml.loading.moddiscovery.ModFileParser/LOADING]: Considering mod file candidate D:\Users\addor\.gradle\caches\forge_gradle\deobf_dependencies\maven\modrinth\farmers-delight\1.20.1-1.2.5-forge,1.20.1_mapped_parchment_2023.09.03-1.20.1\farmers-delight-1.20.1-1.2.5-forge,1.20.1_mapped_parchment_2023.09.03-1.20.1.jar
[255月2025 13:35:18.506] [main/DEBUG] [net.minecraftforge.fml.loading.moddiscovery.ModFileInfo/LOADING]: Found valid mod file farmers-delight-1.20.1-1.2.5-forge,1.20.1_mapped_parchment_2023.09.03-1.20.1.jar with {farmersdelight} mods - versions {1.20.1-1.2.5}
[255月2025 13:35:18.506] [main/DEBUG] [net.minecraftforge.fml.loading.moddiscovery.ModFile/LOADING]: Loading mod file D:\Users\addor\.gradle\caches\forge_gradle\deobf_dependencies\maven\modrinth\farmers-delight\1.20.1-1.2.5-forge,1.20.1_mapped_parchment_2023.09.03-1.20.1\farmers-delight-1.20.1-1.2.5-forge,1.20.1_mapped_parchment_2023.09.03-1.20.1.jar with languages [LanguageSpec[languageName=javafml, acceptedVersions=[46,)]]
[255月2025 13:35:18.507] [main/DEBUG] [net.minecraftforge.fml.loading.moddiscovery.ModFileParser/LOADING]: Considering mod file candidate D:\Users\addor\.gradle\caches\forge_gradle\deobf_dependencies\maven\modrinth\vintage-delight\0.1.6-forge,1.20.1_mapped_parchment_2023.09.03-1.20.1\vintage-delight-0.1.6-forge,1.20.1_mapped_parchment_2023.09.03-1.20.1.jar
[255月2025 13:35:18.507] [main/DEBUG] [net.minecraftforge.fml.loading.moddiscovery.ModFileInfo/LOADING]: Found valid mod file vintage-delight-0.1.6-forge,1.20.1_mapped_parchment_2023.09.03-1.20.1.jar with {vintagedelight} mods - versions {0.1.6}
[255月2025 13:35:18.507] [main/DEBUG] [net.minecraftforge.fml.loading.moddiscovery.ModFile/LOADING]: Loading mod file D:\Users\addor\.gradle\caches\forge_gradle\deobf_dependencies\maven\modrinth\vintage-delight\0.1.6-forge,1.20.1_mapped_parchment_2023.09.03-1.20.1\vintage-delight-0.1.6-forge,1.20.1_mapped_parchment_2023.09.03-1.20.1.jar with languages [LanguageSpec[languageName=javafml, acceptedVersions=[47,)]]
[255月2025 13:35:18.507] [main/DEBUG] [net.minecraftforge.fml.loading.moddiscovery.ModFileParser/LOADING]: Considering mod file candidate D:\Users\addor\.gradle\caches\forge_gradle\deobf_dependencies\maven\modrinth\kitchen-karrot\1.20.1-0.5.4-forge,1.20.1_mapped_parchment_2023.09.03-1.20.1\kitchen-karrot-1.20.1-0.5.4-forge,1.20.1_mapped_parchment_2023.09.03-1.20.1.jar
[255月2025 13:35:18.507] [main/DEBUG] [net.minecraftforge.fml.loading.moddiscovery.ModFileInfo/LOADING]: Found valid mod file kitchen-karrot-1.20.1-0.5.4-forge,1.20.1_mapped_parchment_2023.09.03-1.20.1.jar with {kitchenkarrot} mods - versions {1.20.1-0.5.4}
[255月2025 13:35:18.508] [main/DEBUG] [net.minecraftforge.fml.loading.moddiscovery.ModFile/LOADING]: Loading mod file D:\Users\addor\.gradle\caches\forge_gradle\deobf_dependencies\maven\modrinth\kitchen-karrot\1.20.1-0.5.4-forge,1.20.1_mapped_parchment_2023.09.03-1.20.1\kitchen-karrot-1.20.1-0.5.4-forge,1.20.1_mapped_parchment_2023.09.03-1.20.1.jar with languages [LanguageSpec[languageName=javafml, acceptedVersions=[40,)]]
[255月2025 13:35:18.508] [main/DEBUG] [net.minecraftforge.fml.loading.moddiscovery.ModFileParser/LOADING]: Considering mod file candidate D:\Users\addor\.gradle\caches\forge_gradle\deobf_dependencies\maven\modrinth\libipn\forge-1.20-4.0.1-forge,1.20.1_mapped_parchment_2023.09.03-1.20.1\libipn-forge-1.20-4.0.1-forge,1.20.1_mapped_parchment_2023.09.03-1.20.1.jar
[255月2025 13:35:18.508] [main/DEBUG] [net.minecraftforge.fml.loading.moddiscovery.ModFileInfo/LOADING]: Found valid mod file libipn-forge-1.20-4.0.1-forge,1.20.1_mapped_parchment_2023.09.03-1.20.1.jar with {libipn} mods - versions {4.0.1}
[255月2025 13:35:18.508] [main/DEBUG] [net.minecraftforge.fml.loading.moddiscovery.ModFile/LOADING]: Loading mod file D:\Users\addor\.gradle\caches\forge_gradle\deobf_dependencies\maven\modrinth\libipn\forge-1.20-4.0.1-forge,1.20.1_mapped_parchment_2023.09.03-1.20.1\libipn-forge-1.20-4.0.1-forge,1.20.1_mapped_parchment_2023.09.03-1.20.1.jar with languages [LanguageSpec[languageName=kotlinforforge, acceptedVersions=[4.3,)]]
[255月2025 13:35:18.508] [main/DEBUG] [net.minecraftforge.fml.loading.moddiscovery.ModFileParser/LOADING]: Considering mod file candidate D:\Users\addor\.gradle\caches\forge_gradle\deobf_dependencies\maven\modrinth\the-one-probe\1.20.1-10.0.2-forge,1.20.1_mapped_parchment_2023.09.03-1.20.1\the-one-probe-1.20.1-10.0.2-forge,1.20.1_mapped_parchment_2023.09.03-1.20.1.jar
[255月2025 13:35:18.508] [main/DEBUG] [net.minecraftforge.fml.loading.moddiscovery.ModFileInfo/LOADING]: Found valid mod file the-one-probe-1.20.1-10.0.2-forge,1.20.1_mapped_parchment_2023.09.03-1.20.1.jar with {theoneprobe} mods - versions {1.20.1-10.0.2}
[255月2025 13:35:18.508] [main/DEBUG] [net.minecraftforge.fml.loading.moddiscovery.ModFile/LOADING]: Loading mod file D:\Users\addor\.gradle\caches\forge_gradle\deobf_dependencies\maven\modrinth\the-one-probe\1.20.1-10.0.2-forge,1.20.1_mapped_parchment_2023.09.03-1.20.1\the-one-probe-1.20.1-10.0.2-forge,1.20.1_mapped_parchment_2023.09.03-1.20.1.jar with languages [LanguageSpec[languageName=javafml, acceptedVersions=[47,)]]
[255月2025 13:35:18.509] [main/DEBUG] [net.minecraftforge.fml.loading.moddiscovery.ModFileParser/LOADING]: Considering mod file candidate D:\Users\addor\.gradle\caches\forge_gradle\deobf_dependencies\maven\modrinth\jade\11.6.1-forge,1.20.1_mapped_parchment_2023.09.03-1.20.1\jade-11.6.1-forge,1.20.1_mapped_parchment_2023.09.03-1.20.1.jar
[255月2025 13:35:18.509] [main/DEBUG] [net.minecraftforge.fml.loading.moddiscovery.ModFileInfo/LOADING]: Found valid mod file jade-11.6.1-forge,1.20.1_mapped_parchment_2023.09.03-1.20.1.jar with {jade} mods - versions {11.6.1}
[255月2025 13:35:18.509] [main/DEBUG] [net.minecraftforge.fml.loading.moddiscovery.ModFile/LOADING]: Loading mod file D:\Users\addor\.gradle\caches\forge_gradle\deobf_dependencies\maven\modrinth\jade\11.6.1-forge,1.20.1_mapped_parchment_2023.09.03-1.20.1\jade-11.6.1-forge,1.20.1_mapped_parchment_2023.09.03-1.20.1.jar with languages [LanguageSpec[languageName=javafml, acceptedVersions=[46,)]]
[255月2025 13:35:18.509] [main/DEBUG] [net.minecraftforge.fml.loading.moddiscovery.ModFileParser/LOADING]: Considering mod file candidate 
[255月2025 13:35:18.509] [main/DEBUG] [net.minecraftforge.fml.loading.moddiscovery.ModFileInfo/LOADING]: Found valid mod file l2harvester-0.1.0.jar with {l2harvester} mods - versions {0.1.0}
[255月2025 13:35:18.509] [main/DEBUG] [net.minecraftforge.fml.loading.moddiscovery.ModFile/LOADING]: Loading mod file  with languages [LanguageSpec[languageName=javafml, acceptedVersions=[46,)]]
[255月2025 13:35:18.509] [main/DEBUG] [net.minecraftforge.fml.loading.moddiscovery.ModFileParser/LOADING]: Considering mod file candidate D:\Users\addor\.gradle\caches\forge_gradle\deobf_dependencies\curse\maven\simple-farming-327554\4711850_mapped_parchment_2023.09.03-1.20.1\simple-farming-327554-4711850_mapped_parchment_2023.09.03-1.20.1.jar
[255月2025 13:35:18.509] [main/DEBUG] [net.minecraftforge.fml.loading.moddiscovery.ModFileInfo/LOADING]: Found valid mod file simple-farming-327554-4711850_mapped_parchment_2023.09.03-1.20.1.jar with {simplefarming} mods - versions {1.20.1-2.0.6}
[255月2025 13:35:18.509] [main/DEBUG] [net.minecraftforge.fml.loading.moddiscovery.ModFile/LOADING]: Loading mod file D:\Users\addor\.gradle\caches\forge_gradle\deobf_dependencies\curse\maven\simple-farming-327554\4711850_mapped_parchment_2023.09.03-1.20.1\simple-farming-327554-4711850_mapped_parchment_2023.09.03-1.20.1.jar with languages [LanguageSpec[languageName=javafml, acceptedVersions=[47,)]]
[255月2025 13:35:18.509] [main/DEBUG] [net.minecraftforge.fml.loading.moddiscovery.ModFileParser/LOADING]: Considering mod file candidate 
[255月2025 13:35:18.510] [main/DEBUG] [net.minecraftforge.fml.loading.moddiscovery.ModFileInfo/LOADING]: Found valid mod file kffmod-4.10.0.jar with {kotlinforforge} mods - versions {4.10.0}
[255月2025 13:35:18.510] [main/DEBUG] [net.minecraftforge.fml.loading.moddiscovery.ModFile/LOADING]: Loading mod file  with languages [LanguageSpec[languageName=kotlinforforge, acceptedVersions=[4,)]]
[255月2025 13:35:18.510] [main/DEBUG] [net.minecraftforge.fml.loading.moddiscovery.ModFileParser/LOADING]: Considering mod file candidate D:\Users\addor\.gradle\caches\forge_gradle\deobf_dependencies\maven\modrinth\brewin-and-chewin\1.20.1-3.2.1-forge,1.20.1_mapped_parchment_2023.09.03-1.20.1\brewin-and-chewin-1.20.1-3.2.1-forge,1.20.1_mapped_parchment_2023.09.03-1.20.1.jar
[255月2025 13:35:18.510] [main/DEBUG] [net.minecraftforge.fml.loading.moddiscovery.ModFileInfo/LOADING]: Found valid mod file brewin-and-chewin-1.20.1-3.2.1-forge,1.20.1_mapped_parchment_2023.09.03-1.20.1.jar with {brewinandchewin} mods - versions {1.20.1-3.2.1}
[255月2025 13:35:18.510] [main/DEBUG] [net.minecraftforge.fml.loading.moddiscovery.ModFile/LOADING]: Loading mod file D:\Users\addor\.gradle\caches\forge_gradle\deobf_dependencies\maven\modrinth\brewin-and-chewin\1.20.1-3.2.1-forge,1.20.1_mapped_parchment_2023.09.03-1.20.1\brewin-and-chewin-1.20.1-3.2.1-forge,1.20.1_mapped_parchment_2023.09.03-1.20.1.jar with languages [LanguageSpec[languageName=javafml, acceptedVersions=[46,)]]
[255月2025 13:35:18.510] [main/DEBUG] [net.minecraftforge.fml.loading.moddiscovery.ModFileParser/LOADING]: Considering mod file candidate D:\Users\addor\.gradle\caches\forge_gradle\deobf_dependencies\maven\modrinth\touhou-little-maid\1.2.2-hotfix-forge,1.20.1_mapped_parchment_2023.09.03-1.20.1\touhou-little-maid-1.2.2-hotfix-forge,1.20.1_mapped_parchment_2023.09.03-1.20.1.jar
[255月2025 13:35:18.510] [main/DEBUG] [net.minecraftforge.fml.loading.moddiscovery.ModFileInfo/LOADING]: Found valid mod file touhou-little-maid-1.2.2-hotfix-forge,1.20.1_mapped_parchment_2023.09.03-1.20.1.jar with {touhou_little_maid} mods - versions {1.2.2}
[255月2025 13:35:18.510] [main/DEBUG] [net.minecraftforge.fml.loading.moddiscovery.ModFile/LOADING]: Loading mod file D:\Users\addor\.gradle\caches\forge_gradle\deobf_dependencies\maven\modrinth\touhou-little-maid\1.2.2-hotfix-forge,1.20.1_mapped_parchment_2023.09.03-1.20.1\touhou-little-maid-1.2.2-hotfix-forge,1.20.1_mapped_parchment_2023.09.03-1.20.1.jar with languages [LanguageSpec[languageName=javafml, acceptedVersions=[46,)]]
[255月2025 13:35:18.510] [main/DEBUG] [net.minecraftforge.fml.loading.moddiscovery.ModFileParser/LOADING]: Considering mod file candidate D:\Users\addor\.gradle\caches\forge_gradle\deobf_dependencies\curse\maven\farmers-respite-551453\5543547_mapped_parchment_2023.09.03-1.20.1\farmers-respite-551453-5543547_mapped_parchment_2023.09.03-1.20.1.jar
[255月2025 13:35:18.511] [main/DEBUG] [net.minecraftforge.fml.loading.moddiscovery.ModFileInfo/LOADING]: Found valid mod file farmers-respite-551453-5543547_mapped_parchment_2023.09.03-1.20.1.jar with {farmersrespite} mods - versions {1.20.1-2.1}
[255月2025 13:35:18.511] [main/DEBUG] [net.minecraftforge.fml.loading.moddiscovery.ModFile/LOADING]: Loading mod file D:\Users\addor\.gradle\caches\forge_gradle\deobf_dependencies\curse\maven\farmers-respite-551453\5543547_mapped_parchment_2023.09.03-1.20.1\farmers-respite-551453-5543547_mapped_parchment_2023.09.03-1.20.1.jar with languages [LanguageSpec[languageName=javafml, acceptedVersions=[47,)]]
[255月2025 13:35:18.511] [main/DEBUG] [net.minecraftforge.fml.loading.moddiscovery.ModFileParser/LOADING]: Considering mod file candidate D:\Users\addor\.gradle\caches\forge_gradle\deobf_dependencies\top\theillusivec4\curios\curios-forge\5.4.5+1.20.1_mapped_parchment_2023.09.03-1.20.1\curios-forge-5.4.5+1.20.1_mapped_parchment_2023.09.03-1.20.1.jar
[255月2025 13:35:18.512] [main/DEBUG] [net.minecraftforge.fml.loading.moddiscovery.ModFileInfo/LOADING]: Found valid mod file curios-forge-5.4.5+1.20.1_mapped_parchment_2023.09.03-1.20.1.jar with {curios} mods - versions {5.4.5+1.20.1}
[255月2025 13:35:18.512] [main/DEBUG] [net.minecraftforge.fml.loading.moddiscovery.ModFile/LOADING]: Loading mod file D:\Users\addor\.gradle\caches\forge_gradle\deobf_dependencies\top\theillusivec4\curios\curios-forge\5.4.5+1.20.1_mapped_parchment_2023.09.03-1.20.1\curios-forge-5.4.5+1.20.1_mapped_parchment_2023.09.03-1.20.1.jar with languages [LanguageSpec[languageName=javafml, acceptedVersions=[41,)]]
[255月2025 13:35:18.512] [main/DEBUG] [net.minecraftforge.fml.loading.moddiscovery.ModFileParser/LOADING]: Considering mod file candidate 
[255月2025 13:35:18.513] [main/DEBUG] [net.minecraftforge.fml.loading.moddiscovery.ModFileInfo/LOADING]: Found valid mod file simplebedrockmodel-1.20.1-release-1.1.0.jar with {simplebedrockmodel} mods - versions {1.1.0}
[255月2025 13:35:18.513] [main/DEBUG] [net.minecraftforge.fml.loading.moddiscovery.ModFile/LOADING]: Loading mod file  with languages [LanguageSpec[languageName=javafml, acceptedVersions=[47,)]]
[255月2025 13:35:18.513] [main/DEBUG] [net.minecraftforge.fml.loading.moddiscovery.ModFileParser/LOADING]: Considering mod file candidate D:\Users\addor\.gradle\caches\forge_gradle\deobf_dependencies\maven\modrinth\patchouli\1.20.1-84.1-forge-forge,1.20.1_mapped_parchment_2023.09.03-1.20.1\patchouli-1.20.1-84.1-forge-forge,1.20.1_mapped_parchment_2023.09.03-1.20.1.jar
[255月2025 13:35:18.513] [main/DEBUG] [net.minecraftforge.fml.loading.moddiscovery.ModFileInfo/LOADING]: Found valid mod file patchouli-1.20.1-84.1-forge-forge,1.20.1_mapped_parchment_2023.09.03-1.20.1.jar with {patchouli} mods - versions {1.20.1-84.1-FORGE}
[255月2025 13:35:18.513] [main/DEBUG] [net.minecraftforge.fml.loading.moddiscovery.ModFile/LOADING]: Loading mod file D:\Users\addor\.gradle\caches\forge_gradle\deobf_dependencies\maven\modrinth\patchouli\1.20.1-84.1-forge-forge,1.20.1_mapped_parchment_2023.09.03-1.20.1\patchouli-1.20.1-84.1-forge-forge,1.20.1_mapped_parchment_2023.09.03-1.20.1.jar with languages [LanguageSpec[languageName=javafml, acceptedVersions=[47,)]]
[255月2025 13:35:18.513] [main/DEBUG] [net.minecraftforge.fml.loading.moddiscovery.ModFileParser/LOADING]: Considering mod file candidate D:\Users\addor\.gradle\caches\forge_gradle\deobf_dependencies\maven\modrinth\my-nethers-delight\1.20.1-1.6-forge,1.20.1_mapped_parchment_2023.09.03-1.20.1\my-nethers-delight-1.20.1-1.6-forge,1.20.1_mapped_parchment_2023.09.03-1.20.1.jar
[255月2025 13:35:18.514] [main/DEBUG] [net.minecraftforge.fml.loading.moddiscovery.ModFileInfo/LOADING]: Found valid mod file my-nethers-delight-1.20.1-1.6-forge,1.20.1_mapped_parchment_2023.09.03-1.20.1.jar with {mynethersdelight} mods - versions {1.20.1-1.6}
[255月2025 13:35:18.514] [main/DEBUG] [net.minecraftforge.fml.loading.moddiscovery.ModFile/LOADING]: Loading mod file D:\Users\addor\.gradle\caches\forge_gradle\deobf_dependencies\maven\modrinth\my-nethers-delight\1.20.1-1.6-forge,1.20.1_mapped_parchment_2023.09.03-1.20.1\my-nethers-delight-1.20.1-1.6-forge,1.20.1_mapped_parchment_2023.09.03-1.20.1.jar with languages [LanguageSpec[languageName=javafml, acceptedVersions=[47,)]]
[255月2025 13:35:18.514] [main/DEBUG] [net.minecraftforge.fml.loading.moddiscovery.ModFileParser/LOADING]: Considering mod file candidate D:\Users\addor\.gradle\caches\forge_gradle\deobf_dependencies\maven\modrinth\barbeques-delight-forge\1.0.5-forge,1.20.1_mapped_parchment_2023.09.03-1.20.1\barbeques-delight-forge-1.0.5-forge,1.20.1_mapped_parchment_2023.09.03-1.20.1.jar
[255月2025 13:35:18.515] [main/DEBUG] [net.minecraftforge.fml.loading.moddiscovery.ModFileInfo/LOADING]: Found valid mod file barbeques-delight-forge-1.0.5-forge,1.20.1_mapped_parchment_2023.09.03-1.20.1.jar with {barbequesdelight} mods - versions {1.0.5}
[255月2025 13:35:18.516] [main/DEBUG] [net.minecraftforge.fml.loading.moddiscovery.ModFile/LOADING]: Loading mod file D:\Users\addor\.gradle\caches\forge_gradle\deobf_dependencies\maven\modrinth\barbeques-delight-forge\1.0.5-forge,1.20.1_mapped_parchment_2023.09.03-1.20.1\barbeques-delight-forge-1.0.5-forge,1.20.1_mapped_parchment_2023.09.03-1.20.1.jar with languages [LanguageSpec[languageName=javafml, acceptedVersions=[46,)]]
[255月2025 13:35:18.516] [main/DEBUG] [net.minecraftforge.fml.loading.moddiscovery.ModFileParser/LOADING]: Considering mod file candidate D:\Users\addor\.gradle\caches\forge_gradle\deobf_dependencies\maven\modrinth\storagedrawers\12.0.3-forge,1.20.1_mapped_parchment_2023.09.03-1.20.1\storagedrawers-12.0.3-forge,1.20.1_mapped_parchment_2023.09.03-1.20.1.jar
[255月2025 13:35:18.516] [main/DEBUG] [net.minecraftforge.fml.loading.moddiscovery.ModFileInfo/LOADING]: Found valid mod file storagedrawers-12.0.3-forge,1.20.1_mapped_parchment_2023.09.03-1.20.1.jar with {storagedrawers} mods - versions {12.0.3}
[255月2025 13:35:18.516] [main/DEBUG] [net.minecraftforge.fml.loading.moddiscovery.ModFile/LOADING]: Loading mod file D:\Users\addor\.gradle\caches\forge_gradle\deobf_dependencies\maven\modrinth\storagedrawers\12.0.3-forge,1.20.1_mapped_parchment_2023.09.03-1.20.1\storagedrawers-12.0.3-forge,1.20.1_mapped_parchment_2023.09.03-1.20.1.jar with languages [LanguageSpec[languageName=javafml, acceptedVersions=[46,)]]
[255月2025 13:35:18.516] [main/DEBUG] [net.minecraftforge.fml.loading.moddiscovery.ModFileParser/LOADING]: Considering mod file candidate D:\Users\addor\.gradle\caches\forge_gradle\deobf_dependencies\maven\modrinth\miners-delight\1.20.1-1.2.3-forge,1.20.1_mapped_parchment_2023.09.03-1.20.1\miners-delight-1.20.1-1.2.3-forge,1.20.1_mapped_parchment_2023.09.03-1.20.1.jar
[255月2025 13:35:18.517] [main/DEBUG] [net.minecraftforge.fml.loading.moddiscovery.ModFileInfo/LOADING]: Found valid mod file miners-delight-1.20.1-1.2.3-forge,1.20.1_mapped_parchment_2023.09.03-1.20.1.jar with {miners_delight} mods - versions {1.20.1-1.2.3}
[255月2025 13:35:18.517] [main/DEBUG] [net.minecraftforge.fml.loading.moddiscovery.ModFile/LOADING]: Loading mod file D:\Users\addor\.gradle\caches\forge_gradle\deobf_dependencies\maven\modrinth\miners-delight\1.20.1-1.2.3-forge,1.20.1_mapped_parchment_2023.09.03-1.20.1\miners-delight-1.20.1-1.2.3-forge,1.20.1_mapped_parchment_2023.09.03-1.20.1.jar with languages [LanguageSpec[languageName=javafml, acceptedVersions=[40,)]]
[255月2025 13:35:18.517] [main/DEBUG] [net.minecraftforge.fml.loading.moddiscovery.ModFileParser/LOADING]: Considering mod file candidate D:\Users\addor\.gradle\caches\forge_gradle\deobf_dependencies\dev\architectury\architectury-forge\9.1.12_mapped_parchment_2023.09.03-1.20.1\architectury-forge-9.1.12_mapped_parchment_2023.09.03-1.20.1.jar
[255月2025 13:35:18.517] [main/DEBUG] [net.minecraftforge.fml.loading.moddiscovery.ModFileInfo/LOADING]: Found valid mod file architectury-forge-9.1.12_mapped_parchment_2023.09.03-1.20.1.jar with {architectury} mods - versions {9.1.12}
[255月2025 13:35:18.517] [main/DEBUG] [net.minecraftforge.fml.loading.moddiscovery.ModFile/LOADING]: Loading mod file D:\Users\addor\.gradle\caches\forge_gradle\deobf_dependencies\dev\architectury\architectury-forge\9.1.12_mapped_parchment_2023.09.03-1.20.1\architectury-forge-9.1.12_mapped_parchment_2023.09.03-1.20.1.jar with languages [LanguageSpec[languageName=javafml, acceptedVersions=[46,)]]
[255月2025 13:35:18.517] [main/DEBUG] [net.minecraftforge.fml.loading.moddiscovery.ModFileParser/LOADING]: Considering mod file candidate D:\Users\addor\.gradle\caches\forge_gradle\deobf_dependencies\maven\modrinth\appleskin\2.5.1+mc1.20.1-forge,1.20.1_mapped_parchment_2023.09.03-1.20.1\appleskin-2.5.1+mc1.20.1-forge,1.20.1_mapped_parchment_2023.09.03-1.20.1.jar
[255月2025 13:35:18.518] [main/DEBUG] [net.minecraftforge.fml.loading.moddiscovery.ModFileInfo/LOADING]: Found valid mod file appleskin-2.5.1+mc1.20.1-forge,1.20.1_mapped_parchment_2023.09.03-1.20.1.jar with {appleskin} mods - versions {2.5.1+mc1.20.1}
[255月2025 13:35:18.518] [main/DEBUG] [net.minecraftforge.fml.loading.moddiscovery.ModFile/LOADING]: Loading mod file D:\Users\addor\.gradle\caches\forge_gradle\deobf_dependencies\maven\modrinth\appleskin\2.5.1+mc1.20.1-forge,1.20.1_mapped_parchment_2023.09.03-1.20.1\appleskin-2.5.1+mc1.20.1-forge,1.20.1_mapped_parchment_2023.09.03-1.20.1.jar with languages [LanguageSpec[languageName=javafml, acceptedVersions=[47,)]]
[255月2025 13:35:18.518] [main/DEBUG] [net.minecraftforge.fml.loading.moddiscovery.ModFileParser/LOADING]: Considering mod file candidate D:\Users\addor\.gradle\caches\forge_gradle\deobf_dependencies\maven\modrinth\nbtedit-reborn\5.0.3+mc1.20.1-forge,1.20.1_mapped_parchment_2023.09.03-1.20.1\nbtedit-reborn-5.0.3+mc1.20.1-forge,1.20.1_mapped_parchment_2023.09.03-1.20.1.jar
[255月2025 13:35:18.518] [main/DEBUG] [net.minecraftforge.fml.loading.moddiscovery.ModFileInfo/LOADING]: Found valid mod file nbtedit-reborn-5.0.3+mc1.20.1-forge,1.20.1_mapped_parchment_2023.09.03-1.20.1.jar with {nbtedit} mods - versions {5.0.3}
[255月2025 13:35:18.518] [main/DEBUG] [net.minecraftforge.fml.loading.moddiscovery.ModFile/LOADING]: Loading mod file D:\Users\addor\.gradle\caches\forge_gradle\deobf_dependencies\maven\modrinth\nbtedit-reborn\5.0.3+mc1.20.1-forge,1.20.1_mapped_parchment_2023.09.03-1.20.1\nbtedit-reborn-5.0.3+mc1.20.1-forge,1.20.1_mapped_parchment_2023.09.03-1.20.1.jar with languages [LanguageSpec[languageName=javafml, acceptedVersions=[47,)]]
[255月2025 13:35:18.518] [main/DEBUG] [net.minecraftforge.fml.loading.moddiscovery.ModFileParser/LOADING]: Considering mod file candidate 
[255月2025 13:35:18.518] [main/DEBUG] [net.minecraftforge.fml.loading.moddiscovery.ModFileInfo/LOADING]: Found valid mod file l2library-2.4.25-slim.jar with {l2library} mods - versions {2.4.25}
[255月2025 13:35:18.518] [main/DEBUG] [net.minecraftforge.fml.loading.moddiscovery.ModFile/LOADING]: Loading mod file  with languages [LanguageSpec[languageName=javafml, acceptedVersions=[46,)]]
[255月2025 13:35:18.519] [main/DEBUG] [net.minecraftforge.fml.loading.moddiscovery.ModFileParser/LOADING]: Considering mod file candidate D:\Users\addor\.gradle\caches\forge_gradle\deobf_dependencies\maven\modrinth\toms-storage\1.20-1.6.8-forge,1.20.1_mapped_parchment_2023.09.03-1.20.1\toms-storage-1.20-1.6.8-forge,1.20.1_mapped_parchment_2023.09.03-1.20.1.jar
[255月2025 13:35:18.519] [main/DEBUG] [net.minecraftforge.fml.loading.moddiscovery.ModFileInfo/LOADING]: Found valid mod file toms-storage-1.20-1.6.8-forge,1.20.1_mapped_parchment_2023.09.03-1.20.1.jar with {toms_storage} mods - versions {1.6.8}
[255月2025 13:35:18.519] [main/DEBUG] [net.minecraftforge.fml.loading.moddiscovery.ModFile/LOADING]: Loading mod file D:\Users\addor\.gradle\caches\forge_gradle\deobf_dependencies\maven\modrinth\toms-storage\1.20-1.6.8-forge,1.20.1_mapped_parchment_2023.09.03-1.20.1\toms-storage-1.20-1.6.8-forge,1.20.1_mapped_parchment_2023.09.03-1.20.1.jar with languages [LanguageSpec[languageName=javafml, acceptedVersions=[46,)]]
[255月2025 13:35:18.519] [main/DEBUG] [net.minecraftforge.fml.loading.moddiscovery.ModFileParser/LOADING]: Considering mod file candidate D:\Users\addor\.gradle\caches\forge_gradle\deobf_dependencies\maven\modrinth\cuisine-delight\1.1.16-forge,1.20.1_mapped_parchment_2023.09.03-1.20.1\cuisine-delight-1.1.16-forge,1.20.1_mapped_parchment_2023.09.03-1.20.1.jar
[255月2025 13:35:18.520] [main/DEBUG] [net.minecraftforge.fml.loading.moddiscovery.ModFileInfo/LOADING]: Found valid mod file cuisine-delight-1.1.16-forge,1.20.1_mapped_parchment_2023.09.03-1.20.1.jar with {cuisinedelight} mods - versions {1.1.16}
[255月2025 13:35:18.520] [main/DEBUG] [net.minecraftforge.fml.loading.moddiscovery.ModFile/LOADING]: Loading mod file D:\Users\addor\.gradle\caches\forge_gradle\deobf_dependencies\maven\modrinth\cuisine-delight\1.1.16-forge,1.20.1_mapped_parchment_2023.09.03-1.20.1\cuisine-delight-1.1.16-forge,1.20.1_mapped_parchment_2023.09.03-1.20.1.jar with languages [LanguageSpec[languageName=javafml, acceptedVersions=[46,)]]
[255月2025 13:35:18.520] [main/DEBUG] [net.minecraftforge.fml.loading.moddiscovery.ModFileParser/LOADING]: Considering mod file candidate D:\Users\addor\.gradle\caches\forge_gradle\deobf_dependencies\maven\modrinth\drink-beer-refill\1.0.5-forge,1.20.1_mapped_parchment_2023.09.03-1.20.1\drink-beer-refill-1.0.5-forge,1.20.1_mapped_parchment_2023.09.03-1.20.1.jar
[255月2025 13:35:18.521] [main/DEBUG] [net.minecraftforge.fml.loading.moddiscovery.ModFileInfo/LOADING]: Found valid mod file drink-beer-refill-1.0.5-forge,1.20.1_mapped_parchment_2023.09.03-1.20.1.jar with {drinkbeer} mods - versions {1.0.5}
[255月2025 13:35:18.521] [main/DEBUG] [net.minecraftforge.fml.loading.moddiscovery.ModFile/LOADING]: Loading mod file D:\Users\addor\.gradle\caches\forge_gradle\deobf_dependencies\maven\modrinth\drink-beer-refill\1.0.5-forge,1.20.1_mapped_parchment_2023.09.03-1.20.1\drink-beer-refill-1.0.5-forge,1.20.1_mapped_parchment_2023.09.03-1.20.1.jar with languages [LanguageSpec[languageName=javafml, acceptedVersions=[47,)]]
[255月2025 13:35:18.521] [main/DEBUG] [net.minecraftforge.fml.loading.moddiscovery.ModFile/LOADING]: Loading mod file  with languages []
[255月2025 13:35:18.521] [main/DEBUG] [net.minecraftforge.fml.loading.moddiscovery.ModFileParser/LOADING]: Considering mod file candidate D:\Users\addor\.gradle\caches\modules-2\files-2.1\io.github.llamalad7\mixinextras-forge\0.4.0\95567f46545b29722b1ad56aa218b842bc47b726\mixinextras-forge-0.4.0.jar
[255月2025 13:35:18.521] [main/DEBUG] [net.minecraftforge.fml.loading.moddiscovery.ModFileInfo/LOADING]: Found valid mod file mixinextras-forge-0.4.0.jar with {mixinextras} mods - versions {0.4.0}
[255月2025 13:35:18.522] [main/DEBUG] [net.minecraftforge.fml.loading.moddiscovery.ModFile/LOADING]: Loading mod file D:\Users\addor\.gradle\caches\modules-2\files-2.1\io.github.llamalad7\mixinextras-forge\0.4.0\95567f46545b29722b1ad56aa218b842bc47b726\mixinextras-forge-0.4.0.jar with languages [LanguageSpec[languageName=javafml, acceptedVersions=*]]
[255月2025 13:35:18.522] [main/DEBUG] [net.minecraftforge.fml.loading.moddiscovery.ModFile/LOADING]: Loading mod file  with languages []
[255月2025 13:35:18.522] [main/DEBUG] [net.minecraftforge.fml.loading.moddiscovery.ModFile/LOADING]: Loading mod file  with languages []
[255月2025 13:35:18.522] [main/DEBUG] [net.minecraftforge.fml.loading.moddiscovery.ModFile/LOADING]: Loading mod file  with languages []
[255月2025 13:35:18.522] [main/DEBUG] [net.minecraftforge.fml.loading.moddiscovery.ModFile/LOADING]: Loading mod file  with languages []
[255月2025 13:35:18.522] [main/DEBUG] [net.minecraftforge.fml.loading.moddiscovery.ModFile/LOADING]: Loading mod file  with languages []
[255月2025 13:35:18.522] [main/DEBUG] [net.minecraftforge.fml.loading.moddiscovery.ModFile/LOADING]: Loading mod file  with languages []
[255月2025 13:35:18.522] [main/DEBUG] [net.minecraftforge.fml.loading.moddiscovery.ModFile/LOADING]: Loading mod file  with languages []
[255月2025 13:35:18.523] [main/DEBUG] [cpw.mods.modlauncher.TransformationServiceDecorator/MODLAUNCHER]: End scan trigger - transformation service fml
[255月2025 13:35:18.536] [main/DEBUG] [net.minecraftforge.fml.loading.LanguageLoadingProvider/CORE]: Found 4 language providers
[255月2025 13:35:18.537] [main/DEBUG] [net.minecraftforge.fml.loading.LanguageLoadingProvider/CORE]: Found language provider minecraft, version 1.0
[255月2025 13:35:18.537] [main/DEBUG] [net.minecraftforge.fml.loading.LanguageLoadingProvider/CORE]: Found language provider javafml, version 47
[255月2025 13:35:18.537] [main/DEBUG] [net.minecraftforge.fml.loading.LanguageLoadingProvider/CORE]: Found language provider kotlinforforge, version 4.10.0
[255月2025 13:35:18.537] [main/DEBUG] [net.minecraftforge.fml.loading.LanguageLoadingProvider/CORE]: Found language provider lowcodefml, version 47
[255月2025 13:35:18.543] [main/DEBUG] [net.minecraftforge.fml.loading.ModSorter/]: Configured system mods: [minecraft, forge]
[255月2025 13:35:18.543] [main/DEBUG] [net.minecraftforge.fml.loading.ModSorter/]: Found system mod: minecraft
[255月2025 13:35:18.543] [main/DEBUG] [net.minecraftforge.fml.loading.ModSorter/]: Found system mod: forge
[255月2025 13:35:18.546] [main/DEBUG] [net.minecraftforge.fml.loading.ModSorter/LOADING]: Found 78 mod requirements (72 mandatory, 6 optional)
[255月2025 13:35:18.547] [main/DEBUG] [net.minecraftforge.fml.loading.ModSorter/LOADING]: Found 0 mod requirements missing (0 mandatory, 0 optional)
[255月2025 13:35:18.980] [main/DEBUG] [net.minecraftforge.fml.loading.MCPNamingService/CORE]: Loaded 34318 method mappings from methods.csv
[255月2025 13:35:19.000] [main/DEBUG] [net.minecraftforge.fml.loading.MCPNamingService/CORE]: Loaded 31014 field mappings from fields.csv
[255月2025 13:35:19.132] [main/DEBUG] [cpw.mods.modlauncher.TransformationServicesHandler/MODLAUNCHER]: Transformation services loading transformers
[255月2025 13:35:19.132] [main/DEBUG] [cpw.mods.modlauncher.TransformationServiceDecorator/MODLAUNCHER]: Initializing transformers for transformation service mixin
[255月2025 13:35:19.133] [main/DEBUG] [cpw.mods.modlauncher.TransformationServiceDecorator/MODLAUNCHER]: Initialized transformers for transformation service mixin
[255月2025 13:35:19.133] [main/DEBUG] [cpw.mods.modlauncher.TransformationServiceDecorator/MODLAUNCHER]: Initializing transformers for transformation service fml
[255月2025 13:35:19.133] [main/DEBUG] [net.minecraftforge.fml.loading.FMLServiceProvider/CORE]: Loading coremod transformers
[255月2025 13:35:19.133] [main/DEBUG] [net.minecraftforge.coremod.CoreModEngine/COREMOD]: Loading CoreMod from coremods/field_to_method.js
[255月2025 13:35:19.339] [main/DEBUG] [net.minecraftforge.coremod.CoreModEngine/COREMOD]: CoreMod loaded successfully
[255月2025 13:35:19.339] [main/DEBUG] [net.minecraftforge.coremod.CoreModEngine/COREMOD]: Loading CoreMod from coremods/field_to_instanceof.js
[255月2025 13:35:19.445] [main/DEBUG] [net.minecraftforge.coremod.CoreModEngine/COREMOD]: CoreMod loaded successfully
[255月2025 13:35:19.445] [main/DEBUG] [net.minecraftforge.coremod.CoreModEngine/COREMOD]: Loading CoreMod from coremods/add_bouncer_method.js
[255月2025 13:35:19.486] [main/DEBUG] [net.minecraftforge.coremod.CoreModEngine/COREMOD]: CoreMod loaded successfully
[255月2025 13:35:19.486] [main/DEBUG] [net.minecraftforge.coremod.CoreModEngine/COREMOD]: Loading CoreMod from coremods/method_redirector.js
[255月2025 13:35:19.560] [main/DEBUG] [net.minecraftforge.coremod.CoreModEngine/COREMOD]: CoreMod loaded successfully
[255月2025 13:35:19.574] [main/DEBUG] [cpw.mods.modlauncher.TransformStore/MODLAUNCHER]: Adding transformer net.minecraftforge.coremod.transformer.CoreModClassTransformer@d919544 to Target : CLASS {Lnet/minecraft/world/level/biome/Biome;} {} {V}
[255月2025 13:35:19.576] [main/DEBUG] [cpw.mods.modlauncher.TransformStore/MODLAUNCHER]: Adding transformer net.minecraftforge.coremod.transformer.CoreModClassTransformer@9f674ac to Target : CLASS {Lnet/minecraft/world/level/levelgen/structure/Structure;} {} {V}
[255月2025 13:35:19.576] [main/DEBUG] [cpw.mods.modlauncher.TransformStore/MODLAUNCHER]: Adding transformer net.minecraftforge.coremod.transformer.CoreModClassTransformer@1da4b3f9 to Target : CLASS {Lnet/minecraft/world/effect/MobEffectInstance;} {} {V}
[255月2025 13:35:19.576] [main/DEBUG] [cpw.mods.modlauncher.TransformStore/MODLAUNCHER]: Adding transformer net.minecraftforge.coremod.transformer.CoreModClassTransformer@23cbbd07 to Target : CLASS {Lnet/minecraft/world/level/block/LiquidBlock;} {} {V}
[255月2025 13:35:19.577] [main/DEBUG] [cpw.mods.modlauncher.TransformStore/MODLAUNCHER]: Adding transformer net.minecraftforge.coremod.transformer.CoreModClassTransformer@448b808a to Target : CLASS {Lnet/minecraft/world/item/BucketItem;} {} {V}
[255月2025 13:35:19.577] [main/DEBUG] [cpw.mods.modlauncher.TransformStore/MODLAUNCHER]: Adding transformer net.minecraftforge.coremod.transformer.CoreModClassTransformer@7e62cfa3 to Target : CLASS {Lnet/minecraft/world/level/block/StairBlock;} {} {V}
[255月2025 13:35:19.577] [main/DEBUG] [cpw.mods.modlauncher.TransformStore/MODLAUNCHER]: Adding transformer net.minecraftforge.coremod.transformer.CoreModClassTransformer@46e190ed to Target : CLASS {Lnet/minecraft/world/level/block/FlowerPotBlock;} {} {V}
[255月2025 13:35:19.577] [main/DEBUG] [cpw.mods.modlauncher.TransformStore/MODLAUNCHER]: Adding transformer net.minecraftforge.coremod.transformer.CoreModClassTransformer@383c3eb3 to Target : CLASS {Lnet/minecraft/world/item/ItemStack;} {} {V}
[255月2025 13:35:19.577] [main/DEBUG] [cpw.mods.modlauncher.TransformStore/MODLAUNCHER]: Adding transformer net.minecraftforge.coremod.transformer.CoreModClassTransformer@20ab76ee to Target : CLASS {Lnet/minecraft/network/play/client/CClientSettingsPacket;} {} {V}
[255月2025 13:35:19.577] [main/DEBUG] [cpw.mods.modlauncher.TransformStore/MODLAUNCHER]: Adding transformer net.minecraftforge.coremod.transformer.CoreModClassTransformer@485caa8f to Target : CLASS {Lnet/minecraft/world/level/NaturalSpawner;} {} {V}
[255月2025 13:35:19.577] [main/DEBUG] [cpw.mods.modlauncher.TransformStore/MODLAUNCHER]: Adding transformer net.minecraftforge.coremod.transformer.CoreModClassTransformer@485caa8f to Target : CLASS {Lnet/minecraft/world/entity/monster/Spider;} {} {V}
[255月2025 13:35:19.579] [main/DEBUG] [cpw.mods.modlauncher.TransformStore/MODLAUNCHER]: Adding transformer net.minecraftforge.coremod.transformer.CoreModClassTransformer@485caa8f to Target : CLASS {Lnet/minecraft/world/level/levelgen/PhantomSpawner;} {} {V}
[255月2025 13:35:19.579] [main/DEBUG] [cpw.mods.modlauncher.TransformStore/MODLAUNCHER]: Adding transformer net.minecraftforge.coremod.transformer.CoreModClassTransformer@485caa8f to Target : CLASS {Lnet/minecraft/world/level/levelgen/structure/structures/OceanMonumentPieces$OceanMonumentPiece;} {} {V}
[255月2025 13:35:19.579] [main/DEBUG] [cpw.mods.modlauncher.TransformStore/MODLAUNCHER]: Adding transformer net.minecraftforge.coremod.transformer.CoreModClassTransformer@485caa8f to Target : CLASS {Lnet/minecraft/world/level/levelgen/structure/structures/OceanRuinPieces$OceanRuinPiece;} {} {V}
[255月2025 13:35:19.579] [main/DEBUG] [cpw.mods.modlauncher.TransformStore/MODLAUNCHER]: Adding transformer net.minecraftforge.coremod.transformer.CoreModClassTransformer@485caa8f to Target : CLASS {Lnet/minecraft/world/level/levelgen/structure/structures/WoodlandMansionPieces$WoodlandMansionPiece;} {} {V}
[255月2025 13:35:19.579] [main/DEBUG] [cpw.mods.modlauncher.TransformStore/MODLAUNCHER]: Adding transformer net.minecraftforge.coremod.transformer.CoreModClassTransformer@485caa8f to Target : CLASS {Lnet/minecraft/world/entity/monster/Zombie;} {} {V}
[255月2025 13:35:19.579] [main/DEBUG] [cpw.mods.modlauncher.TransformStore/MODLAUNCHER]: Adding transformer net.minecraftforge.coremod.transformer.CoreModClassTransformer@485caa8f to Target : CLASS {Lnet/minecraft/world/entity/monster/ZombieVillager;} {} {V}
[255月2025 13:35:19.579] [main/DEBUG] [cpw.mods.modlauncher.TransformStore/MODLAUNCHER]: Adding transformer net.minecraftforge.coremod.transformer.CoreModClassTransformer@485caa8f to Target : CLASS {Lnet/minecraft/server/commands/RaidCommand;} {} {V}
[255月2025 13:35:19.579] [main/DEBUG] [cpw.mods.modlauncher.TransformStore/MODLAUNCHER]: Adding transformer net.minecraftforge.coremod.transformer.CoreModClassTransformer@485caa8f to Target : CLASS {Lnet/minecraft/world/entity/npc/Villager;} {} {V}
[255月2025 13:35:19.579] [main/DEBUG] [cpw.mods.modlauncher.TransformStore/MODLAUNCHER]: Adding transformer net.minecraftforge.coremod.transformer.CoreModClassTransformer@485caa8f to Target : CLASS {Lnet/minecraft/world/entity/animal/frog/Tadpole;} {} {V}
[255月2025 13:35:19.579] [main/DEBUG] [cpw.mods.modlauncher.TransformStore/MODLAUNCHER]: Adding transformer net.minecraftforge.coremod.transformer.CoreModClassTransformer@485caa8f to Target : CLASS {Lnet/minecraft/world/level/levelgen/PatrolSpawner;} {} {V}
[255月2025 13:35:19.579] [main/DEBUG] [cpw.mods.modlauncher.TransformStore/MODLAUNCHER]: Adding transformer net.minecraftforge.coremod.transformer.CoreModClassTransformer@485caa8f to Target : CLASS {Lnet/minecraft/world/level/levelgen/structure/templatesystem/StructureTemplate;} {} {V}
[255月2025 13:35:19.579] [main/DEBUG] [cpw.mods.modlauncher.TransformStore/MODLAUNCHER]: Adding transformer net.minecraftforge.coremod.transformer.CoreModClassTransformer@485caa8f to Target : CLASS {Lnet/minecraft/world/entity/ai/village/VillageSiege;} {} {V}
[255月2025 13:35:19.579] [main/DEBUG] [cpw.mods.modlauncher.TransformStore/MODLAUNCHER]: Adding transformer net.minecraftforge.coremod.transformer.CoreModClassTransformer@485caa8f to Target : CLASS {Lnet/minecraft/world/entity/raid/Raid;} {} {V}
[255月2025 13:35:19.580] [main/DEBUG] [cpw.mods.modlauncher.TransformStore/MODLAUNCHER]: Adding transformer net.minecraftforge.coremod.transformer.CoreModClassTransformer@485caa8f to Target : CLASS {Lnet/minecraft/world/entity/EntityType;} {} {V}
[255月2025 13:35:19.580] [main/DEBUG] [cpw.mods.modlauncher.TransformStore/MODLAUNCHER]: Adding transformer net.minecraftforge.coremod.transformer.CoreModClassTransformer@485caa8f to Target : CLASS {Lnet/minecraft/world/entity/npc/CatSpawner;} {} {V}
[255月2025 13:35:19.580] [main/DEBUG] [cpw.mods.modlauncher.TransformStore/MODLAUNCHER]: Adding transformer net.minecraftforge.coremod.transformer.CoreModClassTransformer@485caa8f to Target : CLASS {Lnet/minecraft/world/level/levelgen/structure/structures/SwampHutPiece;} {} {V}
[255月2025 13:35:19.580] [main/DEBUG] [cpw.mods.modlauncher.TransformStore/MODLAUNCHER]: Adding transformer net.minecraftforge.coremod.transformer.CoreModClassTransformer@485caa8f to Target : CLASS {Lnet/minecraft/server/commands/SummonCommand;} {} {V}
[255月2025 13:35:19.580] [main/DEBUG] [cpw.mods.modlauncher.TransformStore/MODLAUNCHER]: Adding transformer net.minecraftforge.coremod.transformer.CoreModClassTransformer@485caa8f to Target : CLASS {Lnet/minecraft/world/entity/monster/Strider;} {} {V}
[255月2025 13:35:19.580] [main/DEBUG] [cpw.mods.modlauncher.TransformStore/MODLAUNCHER]: Adding transformer net.minecraftforge.coremod.transformer.CoreModClassTransformer@485caa8f to Target : CLASS {Lnet/minecraft/world/entity/animal/horse/SkeletonTrapGoal;} {} {V}
[255月2025 13:35:19.580] [main/DEBUG] [cpw.mods.modlauncher.TransformStore/MODLAUNCHER]: Adding transformer net.minecraftforge.coremod.transformer.CoreModClassTransformer@485caa8f to Target : CLASS {Lnet/minecraft/world/entity/monster/Evoker$EvokerSummonSpellGoal;} {} {V}
[255月2025 13:35:19.580] [main/DEBUG] [cpw.mods.modlauncher.TransformationServiceDecorator/MODLAUNCHER]: Initialized transformers for transformation service fml
[255月2025 13:35:21.645] [main/DEBUG] [mixin/]: Processing prepare() for PlatformAgent[MixinPlatformAgentDefault:ModLauncher Root Container(ModLauncher:4f56a0a2)]
[255月2025 13:35:21.645] [main/DEBUG] [mixin/]: Registering mixin config: maidsoulkitchen.mixins.json
[255月2025 13:35:21.791] [main/DEBUG] [mixin/]: Compatibility level JAVA_17 specified by maidsoulkitchen.mixins.json is higher than the maximum level supported by this version of mixin (JAVA_13).
[255月2025 13:35:21.793] [main/INFO] [mixin/]: Compatibility level set to JAVA_17
[255月2025 13:35:21.794] [main/DEBUG] [mixin/]: Processing launch tasks for PlatformAgent[MixinPlatformAgentDefault:ModLauncher Root Container(ModLauncher:4f56a0a2)]
[255月2025 13:35:21.794] [main/DEBUG] [mixin/]: Adding mixin platform agents for container SecureJarResource(kiwi)
[255月2025 13:35:21.794] [main/DEBUG] [mixin/]: Instancing new MixinPlatformAgentMinecraftForge for SecureJarResource(kiwi)
[255月2025 13:35:21.794] [main/DEBUG] [mixin/]: MixinPlatformAgentMinecraftForge rejected container SecureJarResource(kiwi)
[255月2025 13:35:21.794] [main/DEBUG] [mixin/]: Instancing new MixinPlatformAgentDefault for SecureJarResource(kiwi)
[255月2025 13:35:21.794] [main/DEBUG] [mixin/]: MixinPlatformAgentDefault accepted container SecureJarResource(kiwi)
[255月2025 13:35:21.794] [main/DEBUG] [mixin/]: Processing prepare() for PlatformAgent[MixinPlatformAgentDefault:SecureJarResource(kiwi)]
[255月2025 13:35:21.794] [main/DEBUG] [mixin/]: Registering mixin config: kiwi.mixins.json
[255月2025 13:35:21.797] [main/DEBUG] [mixin/]: Compatibility level JAVA_16 specified by kiwi.mixins.json is higher than the maximum level supported by this version of mixin (JAVA_13).
[255月2025 13:35:21.797] [main/DEBUG] [mixin/]: Adding mixin platform agents for container SecureJarResource(youkaishomecoming)
[255月2025 13:35:21.797] [main/DEBUG] [mixin/]: Instancing new MixinPlatformAgentMinecraftForge for SecureJarResource(youkaishomecoming)
[255月2025 13:35:21.797] [main/DEBUG] [mixin/]: MixinPlatformAgentMinecraftForge rejected container SecureJarResource(youkaishomecoming)
[255月2025 13:35:21.797] [main/DEBUG] [mixin/]: Instancing new MixinPlatformAgentDefault for SecureJarResource(youkaishomecoming)
[255月2025 13:35:21.797] [main/DEBUG] [mixin/]: MixinPlatformAgentDefault accepted container SecureJarResource(youkaishomecoming)
[255月2025 13:35:21.797] [main/DEBUG] [mixin/]: Processing prepare() for PlatformAgent[MixinPlatformAgentDefault:SecureJarResource(youkaishomecoming)]
[255月2025 13:35:21.797] [main/DEBUG] [mixin/]: Registering mixin config: youkaishomecoming.mixins.json
[255月2025 13:35:21.798] [main/DEBUG] [mixin/]: Adding mixin platform agents for container SecureJarResource(sophisticatedstorage)
[255月2025 13:35:21.799] [main/DEBUG] [mixin/]: Instancing new MixinPlatformAgentMinecraftForge for SecureJarResource(sophisticatedstorage)
[255月2025 13:35:21.799] [main/DEBUG] [mixin/]: MixinPlatformAgentMinecraftForge rejected container SecureJarResource(sophisticatedstorage)
[255月2025 13:35:21.799] [main/DEBUG] [mixin/]: Instancing new MixinPlatformAgentDefault for SecureJarResource(sophisticatedstorage)
[255月2025 13:35:21.799] [main/DEBUG] [mixin/]: MixinPlatformAgentDefault accepted container SecureJarResource(sophisticatedstorage)
[255月2025 13:35:21.799] [main/DEBUG] [mixin/]: Processing prepare() for PlatformAgent[MixinPlatformAgentDefault:SecureJarResource(sophisticatedstorage)]
[255月2025 13:35:21.799] [main/DEBUG] [mixin/]: Adding mixin platform agents for container SecureJarResource(jei)
[255月2025 13:35:21.799] [main/DEBUG] [mixin/]: Instancing new MixinPlatformAgentMinecraftForge for SecureJarResource(jei)
[255月2025 13:35:21.799] [main/DEBUG] [mixin/]: MixinPlatformAgentMinecraftForge rejected container SecureJarResource(jei)
[255月2025 13:35:21.799] [main/DEBUG] [mixin/]: Instancing new MixinPlatformAgentDefault for SecureJarResource(jei)
[255月2025 13:35:21.799] [main/DEBUG] [mixin/]: MixinPlatformAgentDefault accepted container SecureJarResource(jei)
[255月2025 13:35:21.799] [main/DEBUG] [mixin/]: Processing prepare() for PlatformAgent[MixinPlatformAgentDefault:SecureJarResource(jei)]
[255月2025 13:35:21.799] [main/DEBUG] [mixin/]: Adding mixin platform agents for container SecureJarResource(sophisticatedcore)
[255月2025 13:35:21.799] [main/DEBUG] [mixin/]: Instancing new MixinPlatformAgentMinecraftForge for SecureJarResource(sophisticatedcore)
[255月2025 13:35:21.799] [main/DEBUG] [mixin/]: MixinPlatformAgentMinecraftForge rejected container SecureJarResource(sophisticatedcore)
[255月2025 13:35:21.799] [main/DEBUG] [mixin/]: Instancing new MixinPlatformAgentDefault for SecureJarResource(sophisticatedcore)
[255月2025 13:35:21.799] [main/DEBUG] [mixin/]: MixinPlatformAgentDefault accepted container SecureJarResource(sophisticatedcore)
[255月2025 13:35:21.799] [main/DEBUG] [mixin/]: Processing prepare() for PlatformAgent[MixinPlatformAgentDefault:SecureJarResource(sophisticatedcore)]
[255月2025 13:35:21.799] [main/DEBUG] [mixin/]: Adding mixin platform agents for container SecureJarResource(pneumaticcraft)
[255月2025 13:35:21.799] [main/DEBUG] [mixin/]: Instancing new MixinPlatformAgentMinecraftForge for SecureJarResource(pneumaticcraft)
[255月2025 13:35:21.799] [main/DEBUG] [mixin/]: MixinPlatformAgentMinecraftForge rejected container SecureJarResource(pneumaticcraft)
[255月2025 13:35:21.799] [main/DEBUG] [mixin/]: Instancing new MixinPlatformAgentDefault for SecureJarResource(pneumaticcraft)
[255月2025 13:35:21.799] [main/DEBUG] [mixin/]: MixinPlatformAgentDefault accepted container SecureJarResource(pneumaticcraft)
[255月2025 13:35:21.799] [main/DEBUG] [mixin/]: Processing prepare() for PlatformAgent[MixinPlatformAgentDefault:SecureJarResource(pneumaticcraft)]
[255月2025 13:35:21.799] [main/DEBUG] [mixin/]: Registering mixin config: mixins.pneumaticcraft.json
[255月2025 13:35:21.801] [main/DEBUG] [mixin/]: Adding mixin platform agents for container SecureJarResource(crockpot)
[255月2025 13:35:21.801] [main/DEBUG] [mixin/]: Instancing new MixinPlatformAgentMinecraftForge for SecureJarResource(crockpot)
[255月2025 13:35:21.801] [main/DEBUG] [mixin/]: MixinPlatformAgentMinecraftForge rejected container SecureJarResource(crockpot)
[255月2025 13:35:21.801] [main/DEBUG] [mixin/]: Instancing new MixinPlatformAgentDefault for SecureJarResource(crockpot)
[255月2025 13:35:21.801] [main/DEBUG] [mixin/]: MixinPlatformAgentDefault accepted container SecureJarResource(crockpot)
[255月2025 13:35:21.801] [main/DEBUG] [mixin/]: Processing prepare() for PlatformAgent[MixinPlatformAgentDefault:SecureJarResource(crockpot)]
[255月2025 13:35:21.801] [main/DEBUG] [mixin/]: Registering mixin config: crockpot.mixins.json
[255月2025 13:35:21.802] [main/DEBUG] [mixin/]: Adding mixin platform agents for container SecureJarResource(maidsoulkitchen)
[255月2025 13:35:21.802] [main/DEBUG] [mixin/]: Instancing new MixinPlatformAgentMinecraftForge for SecureJarResource(maidsoulkitchen)
[255月2025 13:35:21.802] [main/DEBUG] [mixin/]: MixinPlatformAgentMinecraftForge rejected container SecureJarResource(maidsoulkitchen)
[255月2025 13:35:21.802] [main/DEBUG] [mixin/]: Instancing new MixinPlatformAgentDefault for SecureJarResource(maidsoulkitchen)
[255月2025 13:35:21.802] [main/DEBUG] [mixin/]: MixinPlatformAgentDefault accepted container SecureJarResource(maidsoulkitchen)
[255月2025 13:35:21.802] [main/DEBUG] [mixin/]: Processing prepare() for PlatformAgent[MixinPlatformAgentDefault:SecureJarResource(maidsoulkitchen)]
[255月2025 13:35:21.802] [main/DEBUG] [mixin/]: Adding mixin platform agents for container SecureJarResource(quickmodstart)
[255月2025 13:35:21.802] [main/DEBUG] [mixin/]: Instancing new MixinPlatformAgentMinecraftForge for SecureJarResource(quickmodstart)
[255月2025 13:35:21.802] [main/DEBUG] [mixin/]: MixinPlatformAgentMinecraftForge rejected container SecureJarResource(quickmodstart)
[255月2025 13:35:21.802] [main/DEBUG] [mixin/]: Instancing new MixinPlatformAgentDefault for SecureJarResource(quickmodstart)
[255月2025 13:35:21.802] [main/DEBUG] [mixin/]: MixinPlatformAgentDefault accepted container SecureJarResource(quickmodstart)
[255月2025 13:35:21.802] [main/DEBUG] [mixin/]: Processing prepare() for PlatformAgent[MixinPlatformAgentDefault:SecureJarResource(quickmodstart)]
[255月2025 13:35:21.802] [main/DEBUG] [mixin/]: Registering mixin config: quickmodstart.mixins.json
[255月2025 13:35:21.803] [main/DEBUG] [mixin/]: Compatibility level JAVA_8 specified by quickmodstart.mixins.json is lower than the default level supported by the current mixin service (JAVA_16).
[255月2025 13:35:21.803] [main/DEBUG] [mixin/]: Adding mixin platform agents for container SecureJarResource(cloth_config)
[255月2025 13:35:21.803] [main/DEBUG] [mixin/]: Instancing new MixinPlatformAgentMinecraftForge for SecureJarResource(cloth_config)
[255月2025 13:35:21.803] [main/DEBUG] [mixin/]: MixinPlatformAgentMinecraftForge rejected container SecureJarResource(cloth_config)
[255月2025 13:35:21.803] [main/DEBUG] [mixin/]: Instancing new MixinPlatformAgentDefault for SecureJarResource(cloth_config)
[255月2025 13:35:21.803] [main/DEBUG] [mixin/]: MixinPlatformAgentDefault accepted container SecureJarResource(cloth_config)
[255月2025 13:35:21.803] [main/DEBUG] [mixin/]: Processing prepare() for PlatformAgent[MixinPlatformAgentDefault:SecureJarResource(cloth_config)]
[255月2025 13:35:21.804] [main/DEBUG] [mixin/]: Adding mixin platform agents for container SecureJarResource(forge)
[255月2025 13:35:21.804] [main/DEBUG] [mixin/]: Instancing new MixinPlatformAgentMinecraftForge for SecureJarResource(forge)
[255月2025 13:35:21.804] [main/DEBUG] [mixin/]: MixinPlatformAgentMinecraftForge rejected container SecureJarResource(forge)
[255月2025 13:35:21.804] [main/DEBUG] [mixin/]: Instancing new MixinPlatformAgentDefault for SecureJarResource(forge)
[255月2025 13:35:21.804] [main/DEBUG] [mixin/]: MixinPlatformAgentDefault accepted container SecureJarResource(forge)
[255月2025 13:35:21.804] [main/DEBUG] [mixin/]: Processing prepare() for PlatformAgent[MixinPlatformAgentDefault:SecureJarResource(forge)]
[255月2025 13:35:21.804] [main/DEBUG] [mixin/]: Adding mixin platform agents for container SecureJarResource(l2damagetracker)
[255月2025 13:35:21.804] [main/DEBUG] [mixin/]: Instancing new MixinPlatformAgentMinecraftForge for SecureJarResource(l2damagetracker)
[255月2025 13:35:21.804] [main/DEBUG] [mixin/]: MixinPlatformAgentMinecraftForge rejected container SecureJarResource(l2damagetracker)
[255月2025 13:35:21.804] [main/DEBUG] [mixin/]: Instancing new MixinPlatformAgentDefault for SecureJarResource(l2damagetracker)
[255月2025 13:35:21.804] [main/DEBUG] [mixin/]: MixinPlatformAgentDefault accepted container SecureJarResource(l2damagetracker)
[255月2025 13:35:21.804] [main/DEBUG] [mixin/]: Processing prepare() for PlatformAgent[MixinPlatformAgentDefault:SecureJarResource(l2damagetracker)]
[255月2025 13:35:21.804] [main/DEBUG] [mixin/]: Registering mixin config: l2damagetracker.mixins.json
[255月2025 13:35:21.810] [main/DEBUG] [mixin/]: Adding mixin platform agents for container SecureJarResource(minecraft)
[255月2025 13:35:21.810] [main/DEBUG] [mixin/]: Instancing new MixinPlatformAgentMinecraftForge for SecureJarResource(minecraft)
[255月2025 13:35:21.810] [main/DEBUG] [mixin/]: MixinPlatformAgentMinecraftForge rejected container SecureJarResource(minecraft)
[255月2025 13:35:21.810] [main/DEBUG] [mixin/]: Instancing new MixinPlatformAgentDefault for SecureJarResource(minecraft)
[255月2025 13:35:21.810] [main/DEBUG] [mixin/]: MixinPlatformAgentDefault accepted container SecureJarResource(minecraft)
[255月2025 13:35:21.810] [main/DEBUG] [mixin/]: Processing prepare() for PlatformAgent[MixinPlatformAgentDefault:SecureJarResource(minecraft)]
[255月2025 13:35:21.810] [main/DEBUG] [mixin/]: Adding mixin platform agents for container SecureJarResource(farmersdelight)
[255月2025 13:35:21.811] [main/DEBUG] [mixin/]: Instancing new MixinPlatformAgentMinecraftForge for SecureJarResource(farmersdelight)
[255月2025 13:35:21.811] [main/DEBUG] [mixin/]: MixinPlatformAgentMinecraftForge rejected container SecureJarResource(farmersdelight)
[255月2025 13:35:21.811] [main/DEBUG] [mixin/]: Instancing new MixinPlatformAgentDefault for SecureJarResource(farmersdelight)
[255月2025 13:35:21.811] [main/DEBUG] [mixin/]: MixinPlatformAgentDefault accepted container SecureJarResource(farmersdelight)
[255月2025 13:35:21.811] [main/DEBUG] [mixin/]: Processing prepare() for PlatformAgent[MixinPlatformAgentDefault:SecureJarResource(farmersdelight)]
[255月2025 13:35:21.811] [main/DEBUG] [mixin/]: Registering mixin config: farmersdelight.mixins.json
[255月2025 13:35:21.812] [main/DEBUG] [mixin/]: Adding mixin platform agents for container SecureJarResource(vintagedelight)
[255月2025 13:35:21.812] [main/DEBUG] [mixin/]: Instancing new MixinPlatformAgentMinecraftForge for SecureJarResource(vintagedelight)
[255月2025 13:35:21.812] [main/DEBUG] [mixin/]: MixinPlatformAgentMinecraftForge rejected container SecureJarResource(vintagedelight)
[255月2025 13:35:21.812] [main/DEBUG] [mixin/]: Instancing new MixinPlatformAgentDefault for SecureJarResource(vintagedelight)
[255月2025 13:35:21.813] [main/DEBUG] [mixin/]: MixinPlatformAgentDefault accepted container SecureJarResource(vintagedelight)
[255月2025 13:35:21.813] [main/DEBUG] [mixin/]: Processing prepare() for PlatformAgent[MixinPlatformAgentDefault:SecureJarResource(vintagedelight)]
[255月2025 13:35:21.813] [main/DEBUG] [mixin/]: Registering mixin config: vintagedelight.mixins.json
[255月2025 13:35:21.814] [main/DEBUG] [mixin/]: Adding mixin platform agents for container SecureJarResource(kitchenkarrot)
[255月2025 13:35:21.814] [main/DEBUG] [mixin/]: Instancing new MixinPlatformAgentMinecraftForge for SecureJarResource(kitchenkarrot)
[255月2025 13:35:21.814] [main/DEBUG] [mixin/]: MixinPlatformAgentMinecraftForge rejected container SecureJarResource(kitchenkarrot)
[255月2025 13:35:21.814] [main/DEBUG] [mixin/]: Instancing new MixinPlatformAgentDefault for SecureJarResource(kitchenkarrot)
[255月2025 13:35:21.814] [main/DEBUG] [mixin/]: MixinPlatformAgentDefault accepted container SecureJarResource(kitchenkarrot)
[255月2025 13:35:21.814] [main/DEBUG] [mixin/]: Processing prepare() for PlatformAgent[MixinPlatformAgentDefault:SecureJarResource(kitchenkarrot)]
[255月2025 13:35:21.814] [main/DEBUG] [mixin/]: Registering mixin config: kitchenkarrot.mixins.json
[255月2025 13:35:21.816] [main/DEBUG] [mixin/]: Compatibility level JAVA_8 specified by kitchenkarrot.mixins.json is lower than the default level supported by the current mixin service (JAVA_16).
[255月2025 13:35:21.816] [main/DEBUG] [mixin/]: Adding mixin platform agents for container SecureJarResource(libipn)
[255月2025 13:35:21.816] [main/DEBUG] [mixin/]: Instancing new MixinPlatformAgentMinecraftForge for SecureJarResource(libipn)
[255月2025 13:35:21.816] [main/DEBUG] [mixin/]: MixinPlatformAgentMinecraftForge rejected container SecureJarResource(libipn)
[255月2025 13:35:21.816] [main/DEBUG] [mixin/]: Instancing new MixinPlatformAgentDefault for SecureJarResource(libipn)
[255月2025 13:35:21.816] [main/DEBUG] [mixin/]: MixinPlatformAgentDefault accepted container SecureJarResource(libipn)
[255月2025 13:35:21.816] [main/DEBUG] [mixin/]: Processing prepare() for PlatformAgent[MixinPlatformAgentDefault:SecureJarResource(libipn)]
[255月2025 13:35:21.816] [main/DEBUG] [mixin/]: Adding mixin platform agents for container SecureJarResource(theoneprobe)
[255月2025 13:35:21.816] [main/DEBUG] [mixin/]: Instancing new MixinPlatformAgentMinecraftForge for SecureJarResource(theoneprobe)
[255月2025 13:35:21.816] [main/DEBUG] [mixin/]: MixinPlatformAgentMinecraftForge rejected container SecureJarResource(theoneprobe)
[255月2025 13:35:21.816] [main/DEBUG] [mixin/]: Instancing new MixinPlatformAgentDefault for SecureJarResource(theoneprobe)
[255月2025 13:35:21.816] [main/DEBUG] [mixin/]: MixinPlatformAgentDefault accepted container SecureJarResource(theoneprobe)
[255月2025 13:35:21.816] [main/DEBUG] [mixin/]: Processing prepare() for PlatformAgent[MixinPlatformAgentDefault:SecureJarResource(theoneprobe)]
[255月2025 13:35:21.816] [main/DEBUG] [mixin/]: Adding mixin platform agents for container SecureJarResource(jade)
[255月2025 13:35:21.816] [main/DEBUG] [mixin/]: Instancing new MixinPlatformAgentMinecraftForge for SecureJarResource(jade)
[255月2025 13:35:21.816] [main/DEBUG] [mixin/]: MixinPlatformAgentMinecraftForge rejected container SecureJarResource(jade)
[255月2025 13:35:21.816] [main/DEBUG] [mixin/]: Instancing new MixinPlatformAgentDefault for SecureJarResource(jade)
[255月2025 13:35:21.816] [main/DEBUG] [mixin/]: MixinPlatformAgentDefault accepted container SecureJarResource(jade)
[255月2025 13:35:21.816] [main/DEBUG] [mixin/]: Processing prepare() for PlatformAgent[MixinPlatformAgentDefault:SecureJarResource(jade)]
[255月2025 13:35:21.816] [main/DEBUG] [mixin/]: Registering mixin config: jade.mixins.json
[255月2025 13:35:21.817] [main/DEBUG] [mixin/]: Compatibility level JAVA_16 specified by jade.mixins.json is higher than the maximum level supported by this version of mixin (JAVA_13).
[255月2025 13:35:21.817] [main/DEBUG] [mixin/]: Adding mixin platform agents for container SecureJarResource(l2harvester)
[255月2025 13:35:21.817] [main/DEBUG] [mixin/]: Instancing new MixinPlatformAgentMinecraftForge for SecureJarResource(l2harvester)
[255月2025 13:35:21.817] [main/DEBUG] [mixin/]: MixinPlatformAgentMinecraftForge rejected container SecureJarResource(l2harvester)
[255月2025 13:35:21.817] [main/DEBUG] [mixin/]: Instancing new MixinPlatformAgentDefault for SecureJarResource(l2harvester)
[255月2025 13:35:21.817] [main/DEBUG] [mixin/]: MixinPlatformAgentDefault accepted container SecureJarResource(l2harvester)
[255月2025 13:35:21.817] [main/DEBUG] [mixin/]: Processing prepare() for PlatformAgent[MixinPlatformAgentDefault:SecureJarResource(l2harvester)]
[255月2025 13:35:21.817] [main/DEBUG] [mixin/]: Registering mixin config: l2harvester.mixins.json
[255月2025 13:35:21.819] [main/DEBUG] [mixin/]: Adding mixin platform agents for container SecureJarResource(simplefarming)
[255月2025 13:35:21.819] [main/DEBUG] [mixin/]: Instancing new MixinPlatformAgentMinecraftForge for SecureJarResource(simplefarming)
[255月2025 13:35:21.819] [main/DEBUG] [mixin/]: MixinPlatformAgentMinecraftForge rejected container SecureJarResource(simplefarming)
[255月2025 13:35:21.819] [main/DEBUG] [mixin/]: Instancing new MixinPlatformAgentDefault for SecureJarResource(simplefarming)
[255月2025 13:35:21.819] [main/DEBUG] [mixin/]: MixinPlatformAgentDefault accepted container SecureJarResource(simplefarming)
[255月2025 13:35:21.819] [main/DEBUG] [mixin/]: Processing prepare() for PlatformAgent[MixinPlatformAgentDefault:SecureJarResource(simplefarming)]
[255月2025 13:35:21.819] [main/DEBUG] [mixin/]: Adding mixin platform agents for container SecureJarResource(kotlinforforge)
[255月2025 13:35:21.819] [main/DEBUG] [mixin/]: Instancing new MixinPlatformAgentMinecraftForge for SecureJarResource(kotlinforforge)
[255月2025 13:35:21.819] [main/DEBUG] [mixin/]: MixinPlatformAgentMinecraftForge rejected container SecureJarResource(kotlinforforge)
[255月2025 13:35:21.820] [main/DEBUG] [mixin/]: Instancing new MixinPlatformAgentDefault for SecureJarResource(kotlinforforge)
[255月2025 13:35:21.820] [main/DEBUG] [mixin/]: MixinPlatformAgentDefault accepted container SecureJarResource(kotlinforforge)
[255月2025 13:35:21.820] [main/DEBUG] [mixin/]: Processing prepare() for PlatformAgent[MixinPlatformAgentDefault:SecureJarResource(kotlinforforge)]
[255月2025 13:35:21.820] [main/DEBUG] [mixin/]: Adding mixin platform agents for container SecureJarResource(brewinandchewin)
[255月2025 13:35:21.820] [main/DEBUG] [mixin/]: Instancing new MixinPlatformAgentMinecraftForge for SecureJarResource(brewinandchewin)
[255月2025 13:35:21.820] [main/DEBUG] [mixin/]: MixinPlatformAgentMinecraftForge rejected container SecureJarResource(brewinandchewin)
[255月2025 13:35:21.820] [main/DEBUG] [mixin/]: Instancing new MixinPlatformAgentDefault for SecureJarResource(brewinandchewin)
[255月2025 13:35:21.820] [main/DEBUG] [mixin/]: MixinPlatformAgentDefault accepted container SecureJarResource(brewinandchewin)
[255月2025 13:35:21.820] [main/DEBUG] [mixin/]: Processing prepare() for PlatformAgent[MixinPlatformAgentDefault:SecureJarResource(brewinandchewin)]
[255月2025 13:35:21.820] [main/DEBUG] [mixin/]: Registering mixin config: brewinandchewin.mixins.json
[255月2025 13:35:21.820] [main/DEBUG] [mixin/]: Adding mixin platform agents for container SecureJarResource(touhou_little_maid)
[255月2025 13:35:21.820] [main/DEBUG] [mixin/]: Instancing new MixinPlatformAgentMinecraftForge for SecureJarResource(touhou_little_maid)
[255月2025 13:35:21.821] [main/DEBUG] [mixin/]: MixinPlatformAgentMinecraftForge rejected container SecureJarResource(touhou_little_maid)
[255月2025 13:35:21.821] [main/DEBUG] [mixin/]: Instancing new MixinPlatformAgentDefault for SecureJarResource(touhou_little_maid)
[255月2025 13:35:21.821] [main/DEBUG] [mixin/]: MixinPlatformAgentDefault accepted container SecureJarResource(touhou_little_maid)
[255月2025 13:35:21.821] [main/DEBUG] [mixin/]: Processing prepare() for PlatformAgent[MixinPlatformAgentDefault:SecureJarResource(touhou_little_maid)]
[255月2025 13:35:21.821] [main/DEBUG] [mixin/]: Registering mixin config: touhou_little_maid.mixins.json
[255月2025 13:35:21.821] [main/DEBUG] [mixin/]: Adding mixin platform agents for container SecureJarResource(farmersrespite)
[255月2025 13:35:21.821] [main/DEBUG] [mixin/]: Instancing new MixinPlatformAgentMinecraftForge for SecureJarResource(farmersrespite)
[255月2025 13:35:21.821] [main/DEBUG] [mixin/]: MixinPlatformAgentMinecraftForge rejected container SecureJarResource(farmersrespite)
[255月2025 13:35:21.821] [main/DEBUG] [mixin/]: Instancing new MixinPlatformAgentDefault for SecureJarResource(farmersrespite)
[255月2025 13:35:21.821] [main/DEBUG] [mixin/]: MixinPlatformAgentDefault accepted container SecureJarResource(farmersrespite)
[255月2025 13:35:21.821] [main/DEBUG] [mixin/]: Processing prepare() for PlatformAgent[MixinPlatformAgentDefault:SecureJarResource(farmersrespite)]
[255月2025 13:35:21.821] [main/DEBUG] [mixin/]: Registering mixin config: farmersrespite.mixins.json
[255月2025 13:35:21.822] [main/DEBUG] [mixin/]: Adding mixin platform agents for container SecureJarResource(curios)
[255月2025 13:35:21.822] [main/DEBUG] [mixin/]: Instancing new MixinPlatformAgentMinecraftForge for SecureJarResource(curios)
[255月2025 13:35:21.822] [main/DEBUG] [mixin/]: MixinPlatformAgentMinecraftForge rejected container SecureJarResource(curios)
[255月2025 13:35:21.822] [main/DEBUG] [mixin/]: Instancing new MixinPlatformAgentDefault for SecureJarResource(curios)
[255月2025 13:35:21.822] [main/DEBUG] [mixin/]: MixinPlatformAgentDefault accepted container SecureJarResource(curios)
[255月2025 13:35:21.822] [main/DEBUG] [mixin/]: Processing prepare() for PlatformAgent[MixinPlatformAgentDefault:SecureJarResource(curios)]
[255月2025 13:35:21.822] [main/DEBUG] [mixin/]: Registering mixin config: curios.mixins.json
[255月2025 13:35:21.823] [main/DEBUG] [mixin/]: Adding mixin platform agents for container SecureJarResource(simplebedrockmodel)
[255月2025 13:35:21.823] [main/DEBUG] [mixin/]: Instancing new MixinPlatformAgentMinecraftForge for SecureJarResource(simplebedrockmodel)
[255月2025 13:35:21.823] [main/DEBUG] [mixin/]: MixinPlatformAgentMinecraftForge rejected container SecureJarResource(simplebedrockmodel)
[255月2025 13:35:21.823] [main/DEBUG] [mixin/]: Instancing new MixinPlatformAgentDefault for SecureJarResource(simplebedrockmodel)
[255月2025 13:35:21.823] [main/DEBUG] [mixin/]: MixinPlatformAgentDefault accepted container SecureJarResource(simplebedrockmodel)
[255月2025 13:35:21.823] [main/DEBUG] [mixin/]: Processing prepare() for PlatformAgent[MixinPlatformAgentDefault:SecureJarResource(simplebedrockmodel)]
[255月2025 13:35:21.823] [main/DEBUG] [mixin/]: Adding mixin platform agents for container SecureJarResource(patchouli)
[255月2025 13:35:21.823] [main/DEBUG] [mixin/]: Instancing new MixinPlatformAgentMinecraftForge for SecureJarResource(patchouli)
[255月2025 13:35:21.823] [main/DEBUG] [mixin/]: MixinPlatformAgentMinecraftForge rejected container SecureJarResource(patchouli)
[255月2025 13:35:21.823] [main/DEBUG] [mixin/]: Instancing new MixinPlatformAgentDefault for SecureJarResource(patchouli)
[255月2025 13:35:21.823] [main/DEBUG] [mixin/]: MixinPlatformAgentDefault accepted container SecureJarResource(patchouli)
[255月2025 13:35:21.823] [main/DEBUG] [mixin/]: Processing prepare() for PlatformAgent[MixinPlatformAgentDefault:SecureJarResource(patchouli)]
[255月2025 13:35:21.823] [main/DEBUG] [mixin/]: Registering mixin config: patchouli_xplat.mixins.json
[255月2025 13:35:21.825] [main/DEBUG] [mixin/]: Adding mixin platform agents for container SecureJarResource(mynethersdelight)
[255月2025 13:35:21.825] [main/DEBUG] [mixin/]: Instancing new MixinPlatformAgentMinecraftForge for SecureJarResource(mynethersdelight)
[255月2025 13:35:21.825] [main/DEBUG] [mixin/]: MixinPlatformAgentMinecraftForge rejected container SecureJarResource(mynethersdelight)
[255月2025 13:35:21.825] [main/DEBUG] [mixin/]: Instancing new MixinPlatformAgentDefault for SecureJarResource(mynethersdelight)
[255月2025 13:35:21.825] [main/DEBUG] [mixin/]: MixinPlatformAgentDefault accepted container SecureJarResource(mynethersdelight)
[255月2025 13:35:21.825] [main/DEBUG] [mixin/]: Processing prepare() for PlatformAgent[MixinPlatformAgentDefault:SecureJarResource(mynethersdelight)]
[255月2025 13:35:21.825] [main/DEBUG] [mixin/]: Registering mixin config: mynethersdelight.mixins.json
[255月2025 13:35:21.826] [main/DEBUG] [mixin/]: Adding mixin platform agents for container SecureJarResource(barbequesdelight)
[255月2025 13:35:21.826] [main/DEBUG] [mixin/]: Instancing new MixinPlatformAgentMinecraftForge for SecureJarResource(barbequesdelight)
[255月2025 13:35:21.826] [main/DEBUG] [mixin/]: MixinPlatformAgentMinecraftForge rejected container SecureJarResource(barbequesdelight)
[255月2025 13:35:21.826] [main/DEBUG] [mixin/]: Instancing new MixinPlatformAgentDefault for SecureJarResource(barbequesdelight)
[255月2025 13:35:21.826] [main/DEBUG] [mixin/]: MixinPlatformAgentDefault accepted container SecureJarResource(barbequesdelight)
[255月2025 13:35:21.826] [main/DEBUG] [mixin/]: Processing prepare() for PlatformAgent[MixinPlatformAgentDefault:SecureJarResource(barbequesdelight)]
[255月2025 13:35:21.826] [main/DEBUG] [mixin/]: Registering mixin config: barbequesdelight.mixins.json
[255月2025 13:35:21.827] [main/DEBUG] [mixin/]: Adding mixin platform agents for container SecureJarResource(storagedrawers)
[255月2025 13:35:21.827] [main/DEBUG] [mixin/]: Instancing new MixinPlatformAgentMinecraftForge for SecureJarResource(storagedrawers)
[255月2025 13:35:21.827] [main/DEBUG] [mixin/]: MixinPlatformAgentMinecraftForge rejected container SecureJarResource(storagedrawers)
[255月2025 13:35:21.827] [main/DEBUG] [mixin/]: Instancing new MixinPlatformAgentDefault for SecureJarResource(storagedrawers)
[255月2025 13:35:21.827] [main/DEBUG] [mixin/]: MixinPlatformAgentDefault accepted container SecureJarResource(storagedrawers)
[255月2025 13:35:21.827] [main/DEBUG] [mixin/]: Processing prepare() for PlatformAgent[MixinPlatformAgentDefault:SecureJarResource(storagedrawers)]
[255月2025 13:35:21.827] [main/DEBUG] [mixin/]: Adding mixin platform agents for container SecureJarResource(miners_delight)
[255月2025 13:35:21.827] [main/DEBUG] [mixin/]: Instancing new MixinPlatformAgentMinecraftForge for SecureJarResource(miners_delight)
[255月2025 13:35:21.827] [main/DEBUG] [mixin/]: MixinPlatformAgentMinecraftForge rejected container SecureJarResource(miners_delight)
[255月2025 13:35:21.827] [main/DEBUG] [mixin/]: Instancing new MixinPlatformAgentDefault for SecureJarResource(miners_delight)
[255月2025 13:35:21.827] [main/DEBUG] [mixin/]: MixinPlatformAgentDefault accepted container SecureJarResource(miners_delight)
[255月2025 13:35:21.827] [main/DEBUG] [mixin/]: Processing prepare() for PlatformAgent[MixinPlatformAgentDefault:SecureJarResource(miners_delight)]
[255月2025 13:35:21.827] [main/DEBUG] [mixin/]: Registering mixin config: miners_delight.mixins.json
[255月2025 13:35:21.828] [main/DEBUG] [mixin/]: Adding mixin platform agents for container SecureJarResource(architectury)
[255月2025 13:35:21.828] [main/DEBUG] [mixin/]: Instancing new MixinPlatformAgentMinecraftForge for SecureJarResource(architectury)
[255月2025 13:35:21.828] [main/DEBUG] [mixin/]: MixinPlatformAgentMinecraftForge rejected container SecureJarResource(architectury)
[255月2025 13:35:21.828] [main/DEBUG] [mixin/]: Instancing new MixinPlatformAgentDefault for SecureJarResource(architectury)
[255月2025 13:35:21.828] [main/DEBUG] [mixin/]: MixinPlatformAgentDefault accepted container SecureJarResource(architectury)
[255月2025 13:35:21.828] [main/DEBUG] [mixin/]: Processing prepare() for PlatformAgent[MixinPlatformAgentDefault:SecureJarResource(architectury)]
[255月2025 13:35:21.828] [main/DEBUG] [mixin/]: Registering mixin config: architectury.mixins.json
[255月2025 13:35:21.829] [main/DEBUG] [mixin/]: Compatibility level JAVA_16 specified by architectury.mixins.json is higher than the maximum level supported by this version of mixin (JAVA_13).
[255月2025 13:35:21.829] [main/DEBUG] [mixin/]: Registering mixin config: architectury-common.mixins.json
[255月2025 13:35:21.830] [main/DEBUG] [mixin/]: Compatibility level JAVA_16 specified by architectury-common.mixins.json is higher than the maximum level supported by this version of mixin (JAVA_13).
[255月2025 13:35:21.830] [main/DEBUG] [mixin/]: Adding mixin platform agents for container SecureJarResource(appleskin)
[255月2025 13:35:21.830] [main/DEBUG] [mixin/]: Instancing new MixinPlatformAgentMinecraftForge for SecureJarResource(appleskin)
[255月2025 13:35:21.830] [main/DEBUG] [mixin/]: MixinPlatformAgentMinecraftForge rejected container SecureJarResource(appleskin)
[255月2025 13:35:21.830] [main/DEBUG] [mixin/]: Instancing new MixinPlatformAgentDefault for SecureJarResource(appleskin)
[255月2025 13:35:21.830] [main/DEBUG] [mixin/]: MixinPlatformAgentDefault accepted container SecureJarResource(appleskin)
[255月2025 13:35:21.830] [main/DEBUG] [mixin/]: Processing prepare() for PlatformAgent[MixinPlatformAgentDefault:SecureJarResource(appleskin)]
[255月2025 13:35:21.830] [main/DEBUG] [mixin/]: Adding mixin platform agents for container SecureJarResource(nbtedit)
[255月2025 13:35:21.830] [main/DEBUG] [mixin/]: Instancing new MixinPlatformAgentMinecraftForge for SecureJarResource(nbtedit)
[255月2025 13:35:21.830] [main/DEBUG] [mixin/]: MixinPlatformAgentMinecraftForge rejected container SecureJarResource(nbtedit)
[255月2025 13:35:21.830] [main/DEBUG] [mixin/]: Instancing new MixinPlatformAgentDefault for SecureJarResource(nbtedit)
[255月2025 13:35:21.830] [main/DEBUG] [mixin/]: MixinPlatformAgentDefault accepted container SecureJarResource(nbtedit)
[255月2025 13:35:21.830] [main/DEBUG] [mixin/]: Processing prepare() for PlatformAgent[MixinPlatformAgentDefault:SecureJarResource(nbtedit)]
[255月2025 13:35:21.830] [main/DEBUG] [mixin/]: Adding mixin platform agents for container SecureJarResource(l2library)
[255月2025 13:35:21.830] [main/DEBUG] [mixin/]: Instancing new MixinPlatformAgentMinecraftForge for SecureJarResource(l2library)
[255月2025 13:35:21.830] [main/DEBUG] [mixin/]: MixinPlatformAgentMinecraftForge rejected container SecureJarResource(l2library)
[255月2025 13:35:21.830] [main/DEBUG] [mixin/]: Instancing new MixinPlatformAgentDefault for SecureJarResource(l2library)
[255月2025 13:35:21.830] [main/DEBUG] [mixin/]: MixinPlatformAgentDefault accepted container SecureJarResource(l2library)
[255月2025 13:35:21.830] [main/DEBUG] [mixin/]: Processing prepare() for PlatformAgent[MixinPlatformAgentDefault:SecureJarResource(l2library)]
[255月2025 13:35:21.830] [main/DEBUG] [mixin/]: Registering mixin config: l2library.mixins.json
[255月2025 13:35:21.831] [main/DEBUG] [mixin/]: Compatibility level JAVA_16 specified by l2library.mixins.json is higher than the maximum level supported by this version of mixin (JAVA_13).
[255月2025 13:35:21.831] [main/DEBUG] [mixin/]: Adding mixin platform agents for container SecureJarResource(toms_storage)
[255月2025 13:35:21.831] [main/DEBUG] [mixin/]: Instancing new MixinPlatformAgentMinecraftForge for SecureJarResource(toms_storage)
[255月2025 13:35:21.831] [main/DEBUG] [mixin/]: MixinPlatformAgentMinecraftForge rejected container SecureJarResource(toms_storage)
[255月2025 13:35:21.831] [main/DEBUG] [mixin/]: Instancing new MixinPlatformAgentDefault for SecureJarResource(toms_storage)
[255月2025 13:35:21.831] [main/DEBUG] [mixin/]: MixinPlatformAgentDefault accepted container SecureJarResource(toms_storage)
[255月2025 13:35:21.831] [main/DEBUG] [mixin/]: Processing prepare() for PlatformAgent[MixinPlatformAgentDefault:SecureJarResource(toms_storage)]
[255月2025 13:35:21.831] [main/DEBUG] [mixin/]: Adding mixin platform agents for container SecureJarResource(cuisinedelight)
[255月2025 13:35:21.831] [main/DEBUG] [mixin/]: Instancing new MixinPlatformAgentMinecraftForge for SecureJarResource(cuisinedelight)
[255月2025 13:35:21.831] [main/DEBUG] [mixin/]: MixinPlatformAgentMinecraftForge rejected container SecureJarResource(cuisinedelight)
[255月2025 13:35:21.831] [main/DEBUG] [mixin/]: Instancing new MixinPlatformAgentDefault for SecureJarResource(cuisinedelight)
[255月2025 13:35:21.831] [main/DEBUG] [mixin/]: MixinPlatformAgentDefault accepted container SecureJarResource(cuisinedelight)
[255月2025 13:35:21.831] [main/DEBUG] [mixin/]: Processing prepare() for PlatformAgent[MixinPlatformAgentDefault:SecureJarResource(cuisinedelight)]
[255月2025 13:35:21.831] [main/DEBUG] [mixin/]: Registering mixin config: cuisinedelight.mixins.json
[255月2025 13:35:21.832] [main/DEBUG] [mixin/]: Adding mixin platform agents for container SecureJarResource(drinkbeer)
[255月2025 13:35:21.832] [main/DEBUG] [mixin/]: Instancing new MixinPlatformAgentMinecraftForge for SecureJarResource(drinkbeer)
[255月2025 13:35:21.832] [main/DEBUG] [mixin/]: MixinPlatformAgentMinecraftForge rejected container SecureJarResource(drinkbeer)
[255月2025 13:35:21.832] [main/DEBUG] [mixin/]: Instancing new MixinPlatformAgentDefault for SecureJarResource(drinkbeer)
[255月2025 13:35:21.832] [main/DEBUG] [mixin/]: MixinPlatformAgentDefault accepted container SecureJarResource(drinkbeer)
[255月2025 13:35:21.832] [main/DEBUG] [mixin/]: Processing prepare() for PlatformAgent[MixinPlatformAgentDefault:SecureJarResource(drinkbeer)]
[255月2025 13:35:21.832] [main/DEBUG] [mixin/]: Registering mixin config: drinkbeer.mixins.json
[255月2025 13:35:21.833] [main/DEBUG] [mixin/]: Compatibility level JAVA_16 specified by drinkbeer.mixins.json is higher than the maximum level supported by this version of mixin (JAVA_13).
[255月2025 13:35:21.833] [main/DEBUG] [mixin/]: Adding mixin platform agents for container SecureJarResource(Registrate.MC1._20)
[255月2025 13:35:21.833] [main/DEBUG] [mixin/]: Instancing new MixinPlatformAgentMinecraftForge for SecureJarResource(Registrate.MC1._20)
[255月2025 13:35:21.833] [main/DEBUG] [mixin/]: MixinPlatformAgentMinecraftForge rejected container SecureJarResource(Registrate.MC1._20)
[255月2025 13:35:21.833] [main/DEBUG] [mixin/]: Instancing new MixinPlatformAgentDefault for SecureJarResource(Registrate.MC1._20)
[255月2025 13:35:21.833] [main/DEBUG] [mixin/]: MixinPlatformAgentDefault accepted container SecureJarResource(Registrate.MC1._20)
[255月2025 13:35:21.833] [main/DEBUG] [mixin/]: Processing prepare() for PlatformAgent[MixinPlatformAgentDefault:SecureJarResource(Registrate.MC1._20)]
[255月2025 13:35:21.833] [main/DEBUG] [mixin/]: Adding mixin platform agents for container SecureJarResource(mixinextras)
[255月2025 13:35:21.833] [main/DEBUG] [mixin/]: Instancing new MixinPlatformAgentMinecraftForge for SecureJarResource(mixinextras)
[255月2025 13:35:21.833] [main/DEBUG] [mixin/]: MixinPlatformAgentMinecraftForge rejected container SecureJarResource(mixinextras)
[255月2025 13:35:21.833] [main/DEBUG] [mixin/]: Instancing new MixinPlatformAgentDefault for SecureJarResource(mixinextras)
[255月2025 13:35:21.833] [main/DEBUG] [mixin/]: MixinPlatformAgentDefault accepted container SecureJarResource(mixinextras)
[255月2025 13:35:21.833] [main/DEBUG] [mixin/]: Processing prepare() for PlatformAgent[MixinPlatformAgentDefault:SecureJarResource(mixinextras)]
[255月2025 13:35:21.833] [main/DEBUG] [mixin/]: Registering mixin config: mixinextras.init.mixins.json
[255月2025 13:35:21.833] [main/DEBUG] [mixin/]: Adding mixin platform agents for container SecureJarResource(org.yaml.snakeyaml)
[255月2025 13:35:21.833] [main/DEBUG] [mixin/]: Instancing new MixinPlatformAgentMinecraftForge for SecureJarResource(org.yaml.snakeyaml)
[255月2025 13:35:21.833] [main/DEBUG] [mixin/]: MixinPlatformAgentMinecraftForge rejected container SecureJarResource(org.yaml.snakeyaml)
[255月2025 13:35:21.833] [main/DEBUG] [mixin/]: Instancing new MixinPlatformAgentDefault for SecureJarResource(org.yaml.snakeyaml)
[255月2025 13:35:21.833] [main/DEBUG] [mixin/]: MixinPlatformAgentDefault accepted container SecureJarResource(org.yaml.snakeyaml)
[255月2025 13:35:21.833] [main/DEBUG] [mixin/]: Processing prepare() for PlatformAgent[MixinPlatformAgentDefault:SecureJarResource(org.yaml.snakeyaml)]
[255月2025 13:35:21.834] [main/DEBUG] [mixin/]: Adding mixin platform agents for container SecureJarResource(l2serial)
[255月2025 13:35:21.834] [main/DEBUG] [mixin/]: Instancing new MixinPlatformAgentMinecraftForge for SecureJarResource(l2serial)
[255月2025 13:35:21.834] [main/DEBUG] [mixin/]: MixinPlatformAgentMinecraftForge rejected container SecureJarResource(l2serial)
[255月2025 13:35:21.834] [main/DEBUG] [mixin/]: Instancing new MixinPlatformAgentDefault for SecureJarResource(l2serial)
[255月2025 13:35:21.834] [main/DEBUG] [mixin/]: MixinPlatformAgentDefault accepted container SecureJarResource(l2serial)
[255月2025 13:35:21.834] [main/DEBUG] [mixin/]: Processing prepare() for PlatformAgent[MixinPlatformAgentDefault:SecureJarResource(l2serial)]
[255月2025 13:35:21.834] [main/DEBUG] [mixin/]: Adding mixin platform agents for container SecureJarResource(vorbis.java.core)
[255月2025 13:35:21.834] [main/DEBUG] [mixin/]: Instancing new MixinPlatformAgentMinecraftForge for SecureJarResource(vorbis.java.core)
[255月2025 13:35:21.834] [main/DEBUG] [mixin/]: MixinPlatformAgentMinecraftForge rejected container SecureJarResource(vorbis.java.core)
[255月2025 13:35:21.834] [main/DEBUG] [mixin/]: Instancing new MixinPlatformAgentDefault for SecureJarResource(vorbis.java.core)
[255月2025 13:35:21.834] [main/DEBUG] [mixin/]: MixinPlatformAgentDefault accepted container SecureJarResource(vorbis.java.core)
[255月2025 13:35:21.834] [main/DEBUG] [mixin/]: Processing prepare() for PlatformAgent[MixinPlatformAgentDefault:SecureJarResource(vorbis.java.core)]
[255月2025 13:35:21.834] [main/DEBUG] [mixin/]: Adding mixin platform agents for container SecureJarResource(l2modularblock)
[255月2025 13:35:21.834] [main/DEBUG] [mixin/]: Instancing new MixinPlatformAgentMinecraftForge for SecureJarResource(l2modularblock)
[255月2025 13:35:21.834] [main/DEBUG] [mixin/]: MixinPlatformAgentMinecraftForge rejected container SecureJarResource(l2modularblock)
[255月2025 13:35:21.834] [main/DEBUG] [mixin/]: Instancing new MixinPlatformAgentDefault for SecureJarResource(l2modularblock)
[255月2025 13:35:21.834] [main/DEBUG] [mixin/]: MixinPlatformAgentDefault accepted container SecureJarResource(l2modularblock)
[255月2025 13:35:21.834] [main/DEBUG] [mixin/]: Processing prepare() for PlatformAgent[MixinPlatformAgentDefault:SecureJarResource(l2modularblock)]
[255月2025 13:35:21.834] [main/DEBUG] [mixin/]: Adding mixin platform agents for container SecureJarResource(concentus)
[255月2025 13:35:21.834] [main/DEBUG] [mixin/]: Instancing new MixinPlatformAgentMinecraftForge for SecureJarResource(concentus)
[255月2025 13:35:21.834] [main/DEBUG] [mixin/]: MixinPlatformAgentMinecraftForge rejected container SecureJarResource(concentus)
[255月2025 13:35:21.834] [main/DEBUG] [mixin/]: Instancing new MixinPlatformAgentDefault for SecureJarResource(concentus)
[255月2025 13:35:21.834] [main/DEBUG] [mixin/]: MixinPlatformAgentDefault accepted container SecureJarResource(concentus)
[255月2025 13:35:21.834] [main/DEBUG] [mixin/]: Processing prepare() for PlatformAgent[MixinPlatformAgentDefault:SecureJarResource(concentus)]
[255月2025 13:35:21.834] [main/DEBUG] [mixin/]: Adding mixin platform agents for container SecureJarResource(MixinExtras)
[255月2025 13:35:21.834] [main/DEBUG] [mixin/]: Instancing new MixinPlatformAgentMinecraftForge for SecureJarResource(MixinExtras)
[255月2025 13:35:21.834] [main/DEBUG] [mixin/]: MixinPlatformAgentMinecraftForge rejected container SecureJarResource(MixinExtras)
[255月2025 13:35:21.834] [main/DEBUG] [mixin/]: Instancing new MixinPlatformAgentDefault for SecureJarResource(MixinExtras)
[255月2025 13:35:21.834] [main/DEBUG] [mixin/]: MixinPlatformAgentDefault accepted container SecureJarResource(MixinExtras)
[255月2025 13:35:21.834] [main/DEBUG] [mixin/]: Processing prepare() for PlatformAgent[MixinPlatformAgentDefault:SecureJarResource(MixinExtras)]
[255月2025 13:35:21.835] [main/DEBUG] [mixin/]: Adding mixin platform agents for container SecureJarResource(thedarkcolour.kotlinforforge.lib)
[255月2025 13:35:21.835] [main/DEBUG] [mixin/]: Instancing new MixinPlatformAgentMinecraftForge for SecureJarResource(thedarkcolour.kotlinforforge.lib)
[255月2025 13:35:21.835] [main/DEBUG] [mixin/]: MixinPlatformAgentMinecraftForge rejected container SecureJarResource(thedarkcolour.kotlinforforge.lib)
[255月2025 13:35:21.835] [main/DEBUG] [mixin/]: Instancing new MixinPlatformAgentDefault for SecureJarResource(thedarkcolour.kotlinforforge.lib)
[255月2025 13:35:21.835] [main/DEBUG] [mixin/]: MixinPlatformAgentDefault accepted container SecureJarResource(thedarkcolour.kotlinforforge.lib)
[255月2025 13:35:21.835] [main/DEBUG] [mixin/]: Processing prepare() for PlatformAgent[MixinPlatformAgentDefault:SecureJarResource(thedarkcolour.kotlinforforge.lib)]
[255月2025 13:35:21.835] [main/DEBUG] [mixin/]: inject() running with 49 agents
[255月2025 13:35:21.835] [main/DEBUG] [mixin/]: Processing inject() for PlatformAgent[MixinPlatformAgentDefault:ModLauncher Root Container(ModLauncher:4f56a0a2)]
[255月2025 13:35:21.835] [main/DEBUG] [mixin/]: Processing inject() for PlatformAgent[MixinPlatformAgentDefault:SecureJarResource(kiwi)]
[255月2025 13:35:21.835] [main/DEBUG] [mixin/]: Processing inject() for PlatformAgent[MixinPlatformAgentDefault:SecureJarResource(youkaishomecoming)]
[255月2025 13:35:21.835] [main/DEBUG] [mixin/]: Processing inject() for PlatformAgent[MixinPlatformAgentDefault:SecureJarResource(sophisticatedstorage)]
[255月2025 13:35:21.835] [main/DEBUG] [mixin/]: Processing inject() for PlatformAgent[MixinPlatformAgentDefault:SecureJarResource(jei)]
[255月2025 13:35:21.835] [main/DEBUG] [mixin/]: Processing inject() for PlatformAgent[MixinPlatformAgentDefault:SecureJarResource(sophisticatedcore)]
[255月2025 13:35:21.835] [main/DEBUG] [mixin/]: Processing inject() for PlatformAgent[MixinPlatformAgentDefault:SecureJarResource(pneumaticcraft)]
[255月2025 13:35:21.835] [main/DEBUG] [mixin/]: Processing inject() for PlatformAgent[MixinPlatformAgentDefault:SecureJarResource(crockpot)]
[255月2025 13:35:21.835] [main/DEBUG] [mixin/]: Processing inject() for PlatformAgent[MixinPlatformAgentDefault:SecureJarResource(maidsoulkitchen)]
[255月2025 13:35:21.835] [main/DEBUG] [mixin/]: Processing inject() for PlatformAgent[MixinPlatformAgentDefault:SecureJarResource(quickmodstart)]
[255月2025 13:35:21.835] [main/DEBUG] [mixin/]: Processing inject() for PlatformAgent[MixinPlatformAgentDefault:SecureJarResource(cloth_config)]
[255月2025 13:35:21.835] [main/DEBUG] [mixin/]: Processing inject() for PlatformAgent[MixinPlatformAgentDefault:SecureJarResource(forge)]
[255月2025 13:35:21.835] [main/DEBUG] [mixin/]: Processing inject() for PlatformAgent[MixinPlatformAgentDefault:SecureJarResource(l2damagetracker)]
[255月2025 13:35:21.835] [main/DEBUG] [mixin/]: Processing inject() for PlatformAgent[MixinPlatformAgentDefault:SecureJarResource(minecraft)]
[255月2025 13:35:21.835] [main/DEBUG] [mixin/]: Processing inject() for PlatformAgent[MixinPlatformAgentDefault:SecureJarResource(farmersdelight)]
[255月2025 13:35:21.835] [main/DEBUG] [mixin/]: Processing inject() for PlatformAgent[MixinPlatformAgentDefault:SecureJarResource(vintagedelight)]
[255月2025 13:35:21.835] [main/DEBUG] [mixin/]: Processing inject() for PlatformAgent[MixinPlatformAgentDefault:SecureJarResource(kitchenkarrot)]
[255月2025 13:35:21.835] [main/DEBUG] [mixin/]: Processing inject() for PlatformAgent[MixinPlatformAgentDefault:SecureJarResource(libipn)]
[255月2025 13:35:21.835] [main/DEBUG] [mixin/]: Processing inject() for PlatformAgent[MixinPlatformAgentDefault:SecureJarResource(theoneprobe)]
[255月2025 13:35:21.835] [main/DEBUG] [mixin/]: Processing inject() for PlatformAgent[MixinPlatformAgentDefault:SecureJarResource(jade)]
[255月2025 13:35:21.835] [main/DEBUG] [mixin/]: Processing inject() for PlatformAgent[MixinPlatformAgentDefault:SecureJarResource(l2harvester)]
[255月2025 13:35:21.835] [main/DEBUG] [mixin/]: Processing inject() for PlatformAgent[MixinPlatformAgentDefault:SecureJarResource(simplefarming)]
[255月2025 13:35:21.835] [main/DEBUG] [mixin/]: Processing inject() for PlatformAgent[MixinPlatformAgentDefault:SecureJarResource(kotlinforforge)]
[255月2025 13:35:21.835] [main/DEBUG] [mixin/]: Processing inject() for PlatformAgent[MixinPlatformAgentDefault:SecureJarResource(brewinandchewin)]
[255月2025 13:35:21.835] [main/DEBUG] [mixin/]: Processing inject() for PlatformAgent[MixinPlatformAgentDefault:SecureJarResource(touhou_little_maid)]
[255月2025 13:35:21.835] [main/DEBUG] [mixin/]: Processing inject() for PlatformAgent[MixinPlatformAgentDefault:SecureJarResource(farmersrespite)]
[255月2025 13:35:21.835] [main/DEBUG] [mixin/]: Processing inject() for PlatformAgent[MixinPlatformAgentDefault:SecureJarResource(curios)]
[255月2025 13:35:21.836] [main/DEBUG] [mixin/]: Processing inject() for PlatformAgent[MixinPlatformAgentDefault:SecureJarResource(simplebedrockmodel)]
[255月2025 13:35:21.836] [main/DEBUG] [mixin/]: Processing inject() for PlatformAgent[MixinPlatformAgentDefault:SecureJarResource(patchouli)]
[255月2025 13:35:21.836] [main/DEBUG] [mixin/]: Processing inject() for PlatformAgent[MixinPlatformAgentDefault:SecureJarResource(mynethersdelight)]
[255月2025 13:35:21.836] [main/DEBUG] [mixin/]: Processing inject() for PlatformAgent[MixinPlatformAgentDefault:SecureJarResource(barbequesdelight)]
[255月2025 13:35:21.836] [main/DEBUG] [mixin/]: Processing inject() for PlatformAgent[MixinPlatformAgentDefault:SecureJarResource(storagedrawers)]
[255月2025 13:35:21.836] [main/DEBUG] [mixin/]: Processing inject() for PlatformAgent[MixinPlatformAgentDefault:SecureJarResource(miners_delight)]
[255月2025 13:35:21.836] [main/DEBUG] [mixin/]: Processing inject() for PlatformAgent[MixinPlatformAgentDefault:SecureJarResource(architectury)]
[255月2025 13:35:21.836] [main/DEBUG] [mixin/]: Processing inject() for PlatformAgent[MixinPlatformAgentDefault:SecureJarResource(appleskin)]
[255月2025 13:35:21.836] [main/DEBUG] [mixin/]: Processing inject() for PlatformAgent[MixinPlatformAgentDefault:SecureJarResource(nbtedit)]
[255月2025 13:35:21.836] [main/DEBUG] [mixin/]: Processing inject() for PlatformAgent[MixinPlatformAgentDefault:SecureJarResource(l2library)]
[255月2025 13:35:21.836] [main/DEBUG] [mixin/]: Processing inject() for PlatformAgent[MixinPlatformAgentDefault:SecureJarResource(toms_storage)]
[255月2025 13:35:21.836] [main/DEBUG] [mixin/]: Processing inject() for PlatformAgent[MixinPlatformAgentDefault:SecureJarResource(cuisinedelight)]
[255月2025 13:35:21.836] [main/DEBUG] [mixin/]: Processing inject() for PlatformAgent[MixinPlatformAgentDefault:SecureJarResource(drinkbeer)]
[255月2025 13:35:21.836] [main/DEBUG] [mixin/]: Processing inject() for PlatformAgent[MixinPlatformAgentDefault:SecureJarResource(Registrate.MC1._20)]
[255月2025 13:35:21.836] [main/DEBUG] [mixin/]: Processing inject() for PlatformAgent[MixinPlatformAgentDefault:SecureJarResource(mixinextras)]
[255月2025 13:35:21.836] [main/DEBUG] [mixin/]: Processing inject() for PlatformAgent[MixinPlatformAgentDefault:SecureJarResource(org.yaml.snakeyaml)]
[255月2025 13:35:21.836] [main/DEBUG] [mixin/]: Processing inject() for PlatformAgent[MixinPlatformAgentDefault:SecureJarResource(l2serial)]
[255月2025 13:35:21.836] [main/DEBUG] [mixin/]: Processing inject() for PlatformAgent[MixinPlatformAgentDefault:SecureJarResource(vorbis.java.core)]
[255月2025 13:35:21.836] [main/DEBUG] [mixin/]: Processing inject() for PlatformAgent[MixinPlatformAgentDefault:SecureJarResource(l2modularblock)]
[255月2025 13:35:21.836] [main/DEBUG] [mixin/]: Processing inject() for PlatformAgent[MixinPlatformAgentDefault:SecureJarResource(concentus)]
[255月2025 13:35:21.836] [main/DEBUG] [mixin/]: Processing inject() for PlatformAgent[MixinPlatformAgentDefault:SecureJarResource(MixinExtras)]
[255月2025 13:35:21.836] [main/DEBUG] [mixin/]: Processing inject() for PlatformAgent[MixinPlatformAgentDefault:SecureJarResource(thedarkcolour.kotlinforforge.lib)]
[255月2025 13:35:21.836] [main/INFO] [cpw.mods.modlauncher.LaunchServiceHandler/MODLAUNCHER]: Launching target 'forgedatauserdev' with arguments [--gameDir, ., --assetsDir, D:\Users\addor\.gradle\caches\forge_gradle\assets, --assetIndex, 5, --mod, maidsoulkitchen, --all, --output, G:\mc-mods\maidsoulkitchen\MaidsoulKitchen-1.20.1\src\generated\resources, --existing, G:\mc-mods\maidsoulkitchen\MaidsoulKitchen-1.20.1\src\main\resources]
[255月2025 13:35:21.910] [main/DEBUG] [mixin/]: Error cleaning class output directory: .mixin.out
[255月2025 13:35:21.912] [main/DEBUG] [mixin/]: Preparing mixins for MixinEnvironment[DEFAULT]
[255月2025 13:35:21.912] [main/DEBUG] [mixin/]: Selecting config maidsoulkitchen.mixins.json
[255月2025 13:35:21.916] [main/WARN] [mixin/]: Reference map 'maidsoulkitchen.refmap.json' for maidsoulkitchen.mixins.json could not be read. If this is a development environment you can ignore this message
[255月2025 13:35:21.919] [main/DEBUG] [mixin/]: Selecting config kiwi.mixins.json
[255月2025 13:35:22.273] [main/INFO] [mixin/]: Remapping refMap kiwi.refmap.json using G:\mc-mods\maidsoulkitchen\MaidsoulKitchen-1.20.1\build\createSrgToMcp\output.srg
[255月2025 13:35:22.273] [main/DEBUG] [mixin/]: Selecting config youkaishomecoming.mixins.json
[255月2025 13:35:22.275] [main/INFO] [mixin/]: Remapping refMap youkaishomecoming.refmap.json using G:\mc-mods\maidsoulkitchen\MaidsoulKitchen-1.20.1\build\createSrgToMcp\output.srg
[255月2025 13:35:22.275] [main/DEBUG] [mixin/]: Selecting config mixins.pneumaticcraft.json
[255月2025 13:35:22.277] [main/INFO] [mixin/]: Remapping refMap mixins.pneumaticcraft.refmap.json using G:\mc-mods\maidsoulkitchen\MaidsoulKitchen-1.20.1\build\createSrgToMcp\output.srg
[255月2025 13:35:22.277] [main/DEBUG] [mixin/]: Selecting config crockpot.mixins.json
[255月2025 13:35:22.278] [main/INFO] [mixin/]: Remapping refMap crockpot.refmap.json using G:\mc-mods\maidsoulkitchen\MaidsoulKitchen-1.20.1\build\createSrgToMcp\output.srg
[255月2025 13:35:22.278] [main/DEBUG] [mixin/]: Selecting config quickmodstart.mixins.json
[255月2025 13:35:22.279] [main/INFO] [mixin/]: Remapping refMap quickmodstart.refmap.json using G:\mc-mods\maidsoulkitchen\MaidsoulKitchen-1.20.1\build\createSrgToMcp\output.srg
[255月2025 13:35:22.279] [main/DEBUG] [mixin/]: Selecting config l2damagetracker.mixins.json
[255月2025 13:35:22.280] [main/INFO] [mixin/]: Remapping refMap l2damagetracker.refmap.json using G:\mc-mods\maidsoulkitchen\MaidsoulKitchen-1.20.1\build\createSrgToMcp\output.srg
[255月2025 13:35:22.280] [main/DEBUG] [mixin/]: Selecting config farmersdelight.mixins.json
[255月2025 13:35:22.280] [main/INFO] [mixin/]: Remapping refMap farmersdelight.refmap.json using G:\mc-mods\maidsoulkitchen\MaidsoulKitchen-1.20.1\build\createSrgToMcp\output.srg
[255月2025 13:35:22.281] [main/DEBUG] [mixin/]: Selecting config vintagedelight.mixins.json
[255月2025 13:35:22.281] [main/INFO] [mixin/]: Remapping refMap vintagedelight.refmap.json using G:\mc-mods\maidsoulkitchen\MaidsoulKitchen-1.20.1\build\createSrgToMcp\output.srg
[255月2025 13:35:22.281] [main/DEBUG] [mixin/]: Selecting config kitchenkarrot.mixins.json
[255月2025 13:35:22.282] [main/INFO] [mixin/]: Remapping refMap kitchenkarrot.refmap.json using G:\mc-mods\maidsoulkitchen\MaidsoulKitchen-1.20.1\build\createSrgToMcp\output.srg
[255月2025 13:35:22.282] [main/DEBUG] [mixin/]: Selecting config jade.mixins.json
[255月2025 13:35:22.283] [main/INFO] [mixin/]: Remapping refMap jade.refmap.json using G:\mc-mods\maidsoulkitchen\MaidsoulKitchen-1.20.1\build\createSrgToMcp\output.srg
[255月2025 13:35:22.283] [main/DEBUG] [mixin/]: Selecting config l2harvester.mixins.json
[255月2025 13:35:22.284] [main/INFO] [mixin/]: Remapping refMap l2harvester.refmap.json using G:\mc-mods\maidsoulkitchen\MaidsoulKitchen-1.20.1\build\createSrgToMcp\output.srg
[255月2025 13:35:22.284] [main/DEBUG] [mixin/]: Selecting config brewinandchewin.mixins.json
[255月2025 13:35:22.290] [main/INFO] [mixin/]: Remapping refMap brewinandchewin.refmap.json using G:\mc-mods\maidsoulkitchen\MaidsoulKitchen-1.20.1\build\createSrgToMcp\output.srg
[255月2025 13:35:22.290] [main/DEBUG] [mixin/]: Selecting config touhou_little_maid.mixins.json
[255月2025 13:35:22.291] [main/INFO] [mixin/]: Remapping refMap touhou_little_maid.refmap.json using G:\mc-mods\maidsoulkitchen\MaidsoulKitchen-1.20.1\build\createSrgToMcp\output.srg
[255月2025 13:35:22.291] [main/DEBUG] [mixin/]: Selecting config farmersrespite.mixins.json
[255月2025 13:35:22.294] [main/WARN] [mixin/]: Reference map 'farmersrespite.refmap.json' for farmersrespite.mixins.json could not be read. If this is a development environment you can ignore this message
[255月2025 13:35:22.294] [main/DEBUG] [mixin/]: Selecting config curios.mixins.json
[255月2025 13:35:22.295] [main/INFO] [mixin/]: Remapping refMap curios.refmap.json using G:\mc-mods\maidsoulkitchen\MaidsoulKitchen-1.20.1\build\createSrgToMcp\output.srg
[255月2025 13:35:22.295] [main/DEBUG] [mixin/]: Selecting config patchouli_xplat.mixins.json
[255月2025 13:35:22.296] [main/INFO] [mixin/]: Remapping refMap patchouli.refmap.json using G:\mc-mods\maidsoulkitchen\MaidsoulKitchen-1.20.1\build\createSrgToMcp\output.srg
[255月2025 13:35:22.296] [main/DEBUG] [mixin/]: Selecting config mynethersdelight.mixins.json
[255月2025 13:35:22.298] [main/WARN] [mixin/]: Reference map 'mynethersdelight.refmap.json' for mynethersdelight.mixins.json could not be read. If this is a development environment you can ignore this message
[255月2025 13:35:22.298] [main/DEBUG] [mixin/]: Selecting config barbequesdelight.mixins.json
[255月2025 13:35:22.299] [main/INFO] [mixin/]: Remapping refMap barbequesdelight.refmap.json using G:\mc-mods\maidsoulkitchen\MaidsoulKitchen-1.20.1\build\createSrgToMcp\output.srg
[255月2025 13:35:22.299] [main/DEBUG] [mixin/]: Selecting config miners_delight.mixins.json
[255月2025 13:35:22.300] [main/INFO] [mixin/]: Remapping refMap miners_delight.refmap.json using G:\mc-mods\maidsoulkitchen\MaidsoulKitchen-1.20.1\build\createSrgToMcp\output.srg
[255月2025 13:35:22.300] [main/DEBUG] [mixin/]: Selecting config architectury.mixins.json
[255月2025 13:35:22.301] [main/INFO] [mixin/]: Remapping refMap architectury-forge-refmap.json using G:\mc-mods\maidsoulkitchen\MaidsoulKitchen-1.20.1\build\createSrgToMcp\output.srg
[255月2025 13:35:22.301] [main/DEBUG] [mixin/]: Selecting config architectury-common.mixins.json
[255月2025 13:35:22.302] [main/INFO] [mixin/]: Remapping refMap architectury-common-refmap.json using G:\mc-mods\maidsoulkitchen\MaidsoulKitchen-1.20.1\build\createSrgToMcp\output.srg
[255月2025 13:35:22.331] [main/DEBUG] [mixin/]: Selecting config l2library.mixins.json
[255月2025 13:35:22.332] [main/INFO] [mixin/]: Remapping refMap l2library.refmap.json using G:\mc-mods\maidsoulkitchen\MaidsoulKitchen-1.20.1\build\createSrgToMcp\output.srg
[255月2025 13:35:22.332] [main/DEBUG] [mixin/]: Selecting config cuisinedelight.mixins.json
[255月2025 13:35:22.334] [main/WARN] [mixin/]: Reference map 'cuisinedelight.refmap.json' for cuisinedelight.mixins.json could not be read. If this is a development environment you can ignore this message
[255月2025 13:35:22.334] [main/DEBUG] [mixin/]: Selecting config drinkbeer.mixins.json
[255月2025 13:35:22.335] [main/INFO] [mixin/]: Remapping refMap drinkbeer.refmap.json using G:\mc-mods\maidsoulkitchen\MaidsoulKitchen-1.20.1\build\createSrgToMcp\output.srg
[255月2025 13:35:22.335] [main/DEBUG] [mixin/]: Selecting config mixinextras.init.mixins.json
[255月2025 13:35:22.365] [main/DEBUG] [MixinExtras|Service/]: com.llamalad7.mixinextras.service.MixinExtrasServiceImpl(version=0.4.0) is taking over from null
[255月2025 13:35:22.390] [main/DEBUG] [mixin/]: Registering new injector for @Inject with org.spongepowered.asm.mixin.injection.struct.CallbackInjectionInfo
[255月2025 13:35:22.392] [main/DEBUG] [mixin/]: Registering new injector for @ModifyArg with org.spongepowered.asm.mixin.injection.struct.ModifyArgInjectionInfo
[255月2025 13:35:22.393] [main/DEBUG] [mixin/]: Registering new injector for @ModifyArgs with org.spongepowered.asm.mixin.injection.struct.ModifyArgsInjectionInfo
[255月2025 13:35:22.395] [main/DEBUG] [mixin/]: Registering new injector for @Redirect with org.spongepowered.asm.mixin.injection.struct.RedirectInjectionInfo
[255月2025 13:35:22.396] [main/DEBUG] [mixin/]: Registering new injector for @ModifyVariable with org.spongepowered.asm.mixin.injection.struct.ModifyVariableInjectionInfo
[255月2025 13:35:22.397] [main/DEBUG] [mixin/]: Registering new injector for @ModifyConstant with org.spongepowered.asm.mixin.injection.struct.ModifyConstantInjectionInfo
[255月2025 13:35:22.407] [main/DEBUG] [mixin/]: Preparing maidsoulkitchen.mixins.json (13)
[255月2025 13:35:22.498] [main/DEBUG] [mixin/]: Preparing kiwi.mixins.json (15)
[255月2025 13:35:22.537] [main/DEBUG] [net.minecraftforge.coremod.transformer.CoreModBaseTransformer/COREMOD]: Transforming net/minecraft/world/entity/npc/Villager
[255月2025 13:35:22.743] [main/DEBUG] [mixin/]: Preparing youkaishomecoming.mixins.json (16)
[255月2025 13:35:22.816] [main/DEBUG] [net.minecraftforge.coremod.transformer.CoreModBaseTransformer/COREMOD]: Transforming net/minecraft/world/level/levelgen/PhantomSpawner
[255月2025 13:35:22.874] [main/WARN] [mixin/]: Error loading class: betteradvancements/util/CriterionGrid (java.lang.ClassNotFoundException: betteradvancements.util.CriterionGrid)
[255月2025 13:35:22.875] [main/DEBUG] [mixin/]: Skipping virtual target betteradvancements.util.CriterionGrid for youkaishomecoming.mixins.json:CriterionGridMixin
[255月2025 13:35:22.875] [main/DEBUG] [mixin/]: Preparing mixins.pneumaticcraft.json (19)
[255月2025 13:35:22.931] [main/DEBUG] [mixin/]: Preparing crockpot.mixins.json (7)
[255月2025 13:35:22.944] [main/DEBUG] [mixin/]: Preparing quickmodstart.mixins.json (8)
[255月2025 13:35:22.951] [main/WARN] [mixin/]: Error loading class: com/github/alexmodguy/alexscaves/AlexsCaves (java.lang.ClassNotFoundException: com.github.alexmodguy.alexscaves.AlexsCaves)
[255月2025 13:35:22.951] [main/WARN] [mixin/]: @Mixin target com.github.alexmodguy.alexscaves.AlexsCaves was not found quickmodstart.mixins.json:alexcaves.AlexsCavesMixin
[255月2025 13:35:22.954] [main/WARN] [mixin/]: Error loading class: com/github/alexthe666/citadel/web/WebHelper (java.lang.ClassNotFoundException: com.github.alexthe666.citadel.web.WebHelper)
[255月2025 13:35:22.954] [main/WARN] [mixin/]: @Mixin target com.github.alexthe666.citadel.web.WebHelper was not found quickmodstart.mixins.json:citadel.WebHelpMixin
[255月2025 13:35:22.955] [main/WARN] [mixin/]: Error loading class: org/violetmoon/quark/base/handler/ContributorRewardHandler (java.lang.ClassNotFoundException: org.violetmoon.quark.base.handler.ContributorRewardHandler)
[255月2025 13:35:22.955] [main/WARN] [mixin/]: @Mixin target org.violetmoon.quark.base.handler.ContributorRewardHandler was not found quickmodstart.mixins.json:quark.ContributorRewardHandlerMixin
[255月2025 13:35:22.957] [main/WARN] [mixin/]: Error loading class: net/mehvahdjukaar/supplementaries/common/utils/Credits (java.lang.ClassNotFoundException: net.mehvahdjukaar.supplementaries.common.utils.Credits)
[255月2025 13:35:22.958] [main/WARN] [mixin/]: @Mixin target net.mehvahdjukaar.supplementaries.common.utils.Credits was not found quickmodstart.mixins.json:supplementaries.CreditsMixin
[255月2025 13:35:22.960] [main/WARN] [mixin/]: Error loading class: xaero/common/misc/Internet (java.lang.ClassNotFoundException: xaero.common.misc.Internet)
[255月2025 13:35:22.960] [main/WARN] [mixin/]: @Mixin target xaero.common.misc.Internet was not found quickmodstart.mixins.json:xaerominimap.CheckModVersionMixin
[255月2025 13:35:22.963] [main/WARN] [mixin/]: Error loading class: xaero/common/patreon/Patreon (java.lang.ClassNotFoundException: xaero.common.patreon.Patreon)
[255月2025 13:35:22.964] [main/WARN] [mixin/]: @Mixin target xaero.common.patreon.Patreon was not found quickmodstart.mixins.json:xaerominimap.CheckPatreonMixin
[255月2025 13:35:22.966] [main/WARN] [mixin/]: Error loading class: xaero/map/misc/Internet (java.lang.ClassNotFoundException: xaero.map.misc.Internet)
[255月2025 13:35:22.966] [main/WARN] [mixin/]: @Mixin target xaero.map.misc.Internet was not found quickmodstart.mixins.json:xaeroworldmap.CheckModVersionMixin
[255月2025 13:35:22.967] [main/WARN] [mixin/]: Error loading class: xaero/map/patreon/Patreon (java.lang.ClassNotFoundException: xaero.map.patreon.Patreon)
[255月2025 13:35:22.967] [main/WARN] [mixin/]: @Mixin target xaero.map.patreon.Patreon was not found quickmodstart.mixins.json:xaeroworldmap.CheckPatreonMixin
[255月2025 13:35:22.967] [main/DEBUG] [mixin/]: Preparing l2damagetracker.mixins.json (3)
[255月2025 13:35:22.979] [main/DEBUG] [mixin/]: Preparing farmersdelight.mixins.json (9)
[255月2025 13:35:23.007] [main/DEBUG] [mixin/]: Preparing vintagedelight.mixins.json (2)
[255月2025 13:35:23.008] [main/DEBUG] [mixin/]: Preparing kitchenkarrot.mixins.json (1)
[255月2025 13:35:23.009] [main/DEBUG] [mixin/]: Preparing jade.mixins.json (3)
[255月2025 13:35:23.017] [main/DEBUG] [mixin/]: Preparing l2harvester.mixins.json (1)
[255月2025 13:35:23.030] [main/WARN] [mixin/]: Error loading class: com/simibubi/create/content/contraptions/actors/harvester/HarvesterMovementBehaviour (java.lang.ClassNotFoundException: com.simibubi.create.content.contraptions.actors.harvester.HarvesterMovementBehaviour)
[255月2025 13:35:23.031] [main/DEBUG] [mixin/]: Skipping virtual target com.simibubi.create.content.contraptions.actors.harvester.HarvesterMovementBehaviour for l2harvester.mixins.json:HarvesterMovementBehaviourMixin
[255月2025 13:35:23.031] [main/DEBUG] [mixin/]: Preparing brewinandchewin.mixins.json (21)
[255月2025 13:35:23.087] [main/DEBUG] [mixin/]: Preparing touhou_little_maid.mixins.json (15)
[255月2025 13:35:23.103] [main/DEBUG] [net.minecraftforge.coremod.transformer.CoreModBaseTransformer/COREMOD]: Transforming net/minecraft/world/level/levelgen/structure/templatesystem/StructureTemplate
[255月2025 13:35:23.201] [main/DEBUG] [mixin/]: Preparing farmersrespite.mixins.json (0)
[255月2025 13:35:23.201] [main/DEBUG] [mixin/]: Preparing curios.mixins.json (8)
[255月2025 13:35:23.210] [main/DEBUG] [mixin/]: Preparing patchouli_xplat.mixins.json (10)
[255月2025 13:35:23.253] [main/DEBUG] [mixin/]: Preparing mynethersdelight.mixins.json (0)
[255月2025 13:35:23.253] [main/DEBUG] [mixin/]: Preparing barbequesdelight.mixins.json (1)
[255月2025 13:35:23.255] [main/DEBUG] [mixin/]: Preparing miners_delight.mixins.json (1)
[255月2025 13:35:23.256] [main/DEBUG] [mixin/]: Preparing architectury.mixins.json (8)
[255月2025 13:35:23.311] [main/DEBUG] [mixin/]: Preparing architectury-common.mixins.json (10)
[255月2025 13:35:23.320] [main/DEBUG] [net.minecraftforge.coremod.transformer.CoreModBaseTransformer/COREMOD]: Transforming net/minecraft/world/item/BucketItem
[255月2025 13:35:23.330] [main/DEBUG] [net.minecraftforge.coremod.transformer.CoreModBaseTransformer/COREMOD]: Transforming net/minecraft/world/entity/EntityType
[255月2025 13:35:23.369] [main/DEBUG] [net.minecraftforge.coremod.transformer.CoreModBaseTransformer/COREMOD]: Transforming net/minecraft/world/level/block/LiquidBlock
[255月2025 13:35:23.374] [main/DEBUG] [mixin/]: Preparing l2library.mixins.json (4)
[255月2025 13:35:23.375] [main/DEBUG] [mixin/]: Preparing cuisinedelight.mixins.json (0)
[255月2025 13:35:23.375] [main/DEBUG] [mixin/]: Preparing mixinextras.init.mixins.json (0)
[255月2025 13:35:23.376] [main/DEBUG] [mixin/]: Preparing drinkbeer.mixins.json (1)
[255月2025 13:35:23.421] [main/DEBUG] [mixin/]: Prepared 166 mixins in 1.507 sec (9.1ms avg) (0ms load, 0ms transform, 0ms plugin)
[255月2025 13:35:23.570] [main/DEBUG] [io.netty.util.internal.logging.InternalLoggerFactory/]: Using SLF4J as the default logging framework
[255月2025 13:35:23.572] [main/DEBUG] [io.netty.util.ResourceLeakDetector/]: -Dio.netty.leakDetection.level: simple
[255月2025 13:35:23.572] [main/DEBUG] [io.netty.util.ResourceLeakDetector/]: -Dio.netty.leakDetection.targetRecords: 4
[255月2025 13:35:23.695] [main/INFO] [net.minecraftforge.data.loading.DatagenModLoader/]: Initializing Data Gatherer for mods [maidsoulkitchen]
[255月2025 13:35:23.758] [main/INFO] [MixinExtras|Service/]: Initializing MixinExtras via com.llamalad7.mixinextras.service.MixinExtrasServiceImpl(version=0.4.0).
[255月2025 13:35:23.758] [main/DEBUG] [mixin/]: Registering new injector for @SugarWrapper with com.llamalad7.mixinextras.sugar.impl.SugarWrapperInjectionInfo
[255月2025 13:35:23.759] [main/DEBUG] [mixin/]: Registering new injector for @FactoryRedirectWrapper with com.llamalad7.mixinextras.wrapper.factory.FactoryRedirectWrapperInjectionInfo
[255月2025 13:35:23.762] [main/DEBUG] [mixin/]: Mixing inject.MixinGameEvent from architectury-common.mixins.json into net.minecraft.world.level.gameevent.GameEvent
[255月2025 13:35:23.786] [main/DEBUG] [mixin/]: Mixing GameDataMixin from kiwi.mixins.json into net.minecraftforge.registries.GameData
[255月2025 13:35:23.786] [main/DEBUG] [mixin/]: kiwi.mixins.json:GameDataMixin: Class version 61 required is higher than the class version supported by the current version of Mixin (JAVA_16 supports class version 60)
[255月2025 13:35:23.873] [main/DEBUG] [mixin/]: Mixing inject.MixinBlock from architectury-common.mixins.json into net.minecraft.world.level.block.Block
[255月2025 13:35:23.911] [main/DEBUG] [mixin/]: Mixing EntityMixin from youkaishomecoming.mixins.json into net.minecraft.world.entity.Entity
[255月2025 13:35:23.915] [main/DEBUG] [mixin/]: Mixing accessors.EntityAccess from mixins.pneumaticcraft.json into net.minecraft.world.entity.Entity
[255月2025 13:35:23.923] [main/DEBUG] [mixin/]: Mixing EntityAccessor from touhou_little_maid.mixins.json into net.minecraft.world.entity.Entity
[255月2025 13:35:23.930] [main/DEBUG] [mixin/]: Mixing EntityMixin from touhou_little_maid.mixins.json into net.minecraft.world.entity.Entity
[255月2025 13:35:23.944] [main/DEBUG] [mixin/]: Mixing AccessorEntity from curios.mixins.json into net.minecraft.world.entity.Entity
[255月2025 13:35:23.951] [main/DEBUG] [mixin/]: Mixing EntityMixin from l2library.mixins.json into net.minecraft.world.entity.Entity
[255月2025 13:35:23.952] [main/DEBUG] [mixin/]: l2library.mixins.json:EntityMixin: Class version 61 required is higher than the class version supported by the current version of Mixin (JAVA_16 supports class version 60)
[255月2025 13:35:24.052] [main/DEBUG] [mixin/]: Mixing LivingEntityMixin from youkaishomecoming.mixins.json into net.minecraft.world.entity.LivingEntity
[255月2025 13:35:24.056] [main/DEBUG] [mixin/]: Mixing coremods.LivingEntityMixin from mixins.pneumaticcraft.json into net.minecraft.world.entity.LivingEntity
[255月2025 13:35:24.060] [main/DEBUG] [net.minecraftforge.coremod.transformer.CoreModBaseTransformer/COREMOD]: Transforming net/minecraft/world/item/ItemStack
[255月2025 13:35:24.082] [main/DEBUG] [mixin/]: Mixing LivingEntityMixin from l2damagetracker.mixins.json into net.minecraft.world.entity.LivingEntity
[255月2025 13:35:24.085] [main/DEBUG] [mixin/]: Mixing MixinLivingEntity from kitchenkarrot.mixins.json into net.minecraft.world.entity.LivingEntity
[255月2025 13:35:24.085] [main/DEBUG] [mixin/]: kitchenkarrot.mixins.json:MixinLivingEntity: Class version 61 required is higher than the class version supported by the current version of Mixin (JAVA_8 supports class version 52)
[255月2025 13:35:24.091] [main/DEBUG] [mixin/]: Mixing MixinLivingEntity from curios.mixins.json into net.minecraft.world.entity.LivingEntity
[255月2025 13:35:24.205] [main/DEBUG] [mixin/]: Mixing ServerLevelAccessor from youkaishomecoming.mixins.json into net.minecraft.server.level.ServerLevel
[255月2025 13:35:24.254] [main/DEBUG] [mixin/]: Mixing accessors.ItemEntityAccess from mixins.pneumaticcraft.json into net.minecraft.world.entity.item.ItemEntity
[255月2025 13:35:24.273] [main/DEBUG] [mixin/]: Mixing PlayerMixin from l2damagetracker.mixins.json into net.minecraft.world.entity.player.Player
[255月2025 13:35:24.274] [main/DEBUG] [mixin/]: Mixing PlayerMixin from touhou_little_maid.mixins.json into net.minecraft.world.entity.player.Player
[255月2025 13:35:24.363] [main/DEBUG] [mixin/]: Mixing inject.MixinFluid from architectury-common.mixins.json into net.minecraft.world.level.material.Fluid
[255月2025 13:35:24.367] [main/DEBUG] [mixin/]: Mixing ItemAccessor from youkaishomecoming.mixins.json into net.minecraft.world.item.Item
[255月2025 13:35:24.371] [main/DEBUG] [mixin/]: Mixing inject.MixinItem from architectury-common.mixins.json into net.minecraft.world.item.Item
[255月2025 13:35:24.385] [main/DEBUG] [net.minecraftforge.coremod.transformer.CoreModBaseTransformer/COREMOD]: Transforming net/minecraft/world/entity/EntityType
[255月2025 13:35:24.409] [main/DEBUG] [mixin/]: Mixing inject.MixinEntityType from architectury-common.mixins.json into net.minecraft.world.entity.EntityType
[255月2025 13:35:24.427] [main/DEBUG] [mixin/]: Mixing accessors.BlockEntityTypeAccess from mixins.pneumaticcraft.json into net.minecraft.world.level.block.entity.BlockEntityType
[255月2025 13:35:24.465] [main/DEBUG] [mixin/]: Mixing KeepRichSoilGiantTreeMixin from farmersdelight.mixins.json into net.minecraft.world.level.levelgen.feature.Feature
[255月2025 13:35:24.466] [main/DEBUG] [mixin/]: Renaming synthetic method lambda$keepRichSoil$0(Lnet/minecraft/world/level/block/state/BlockState;)Z to md01afea$lambda$keepRichSoil$0$0 in farmersdelight.mixins.json:KeepRichSoilGiantTreeMixin
[255月2025 13:35:24.470] [main/DEBUG] [mixin/]: Mixing KeepLushGrassGiantTreeMixin from vintagedelight.mixins.json into net.minecraft.world.level.levelgen.feature.Feature
[255月2025 13:35:24.470] [main/DEBUG] [mixin/]: Renaming synthetic method lambda$keepLushGrass$0(Lnet/minecraft/world/level/block/state/BlockState;)Z to md01afea$lambda$keepLushGrass$0$1 in vintagedelight.mixins.json:KeepLushGrassGiantTreeMixin
[255月2025 13:35:24.516] [main/DEBUG] [mixin/]: Mixing FireBlockAccess from kiwi.mixins.json into net.minecraft.world.level.block.FireBlock
[255月2025 13:35:24.517] [main/DEBUG] [mixin/]: kiwi.mixins.json:FireBlockAccess: Class version 61 required is higher than the class version supported by the current version of Mixin (JAVA_16 supports class version 60)
[255月2025 13:35:24.640] [main/DEBUG] [net.minecraftforge.coremod.transformer.CoreModBaseTransformer/COREMOD]: Transforming net/minecraft/world/level/block/LiquidBlock
[255月2025 13:35:24.640] [main/DEBUG] [mixin/]: Mixing inject.MixinLiquidBlock from architectury-common.mixins.json into net.minecraft.world.level.block.LiquidBlock
[255月2025 13:35:24.649] [main/DEBUG] [mixin/]: Mixing CuttingBoardDispenserMixin from farmersdelight.mixins.json into net.minecraft.world.level.block.DispenserBlock
[255月2025 13:35:24.689] [main/DEBUG] [net.minecraftforge.coremod.transformer.CoreModBaseTransformer/COREMOD]: Transforming net/minecraft/world/level/block/StairBlock
[255月2025 13:35:24.698] [main/DEBUG] [mixin/]: Mixing CropBlockAccessor from touhou_little_maid.mixins.json into net.minecraft.world.level.block.CropBlock
[255月2025 13:35:24.744] [main/DEBUG] [mixin/]: Mixing FenceGateBlockAccessor from touhou_little_maid.mixins.json into net.minecraft.world.level.block.FenceGateBlock
[255月2025 13:35:24.764] [main/DEBUG] [net.minecraftforge.coremod.transformer.CoreModBaseTransformer/COREMOD]: Transforming net/minecraft/world/level/block/FlowerPotBlock
[255月2025 13:35:24.797] [main/DEBUG] [mixin/]: Mixing BubbleColumnBlockMixin from crockpot.mixins.json into net.minecraft.world.level.block.BubbleColumnBlock
[255月2025 13:35:24.810] [main/DEBUG] [mixin/]: Mixing CampfireBaleMixin from farmersdelight.mixins.json into net.minecraft.world.level.block.CampfireBlock
[255月2025 13:35:24.840] [main/DEBUG] [mixin/]: Mixing MixinPowderSnowBlock from curios.mixins.json into net.minecraft.world.level.block.PowderSnowBlock
[255月2025 13:35:24.975] [main/DEBUG] [mixin/]: Mixing MixinFallingBlockEntity from architectury.mixins.json into net.minecraft.world.entity.item.FallingBlockEntity
[255月2025 13:35:25.049] [main/DEBUG] [mixin/]: Mixing RandomizableContainerBlockEntityMixin from youkaishomecoming.mixins.json into net.minecraft.world.level.block.entity.RandomizableContainerBlockEntity
[255月2025 13:35:25.063] [main/DEBUG] [mixin/]: Mixing accessors.BaseContainerBlockEntityAccess from mixins.pneumaticcraft.json into net.minecraft.world.level.block.entity.BaseContainerBlockEntity
[255月2025 13:35:25.219] [main/DEBUG] [mixin/]: Mixing KeepRichSoilTreeMixin from farmersdelight.mixins.json into net.minecraft.world.level.levelgen.feature.trunkplacers.TrunkPlacer
[255月2025 13:35:25.219] [main/DEBUG] [mixin/]: Renaming synthetic method lambda$cancelSetDirtIfRichSoil$0(Lnet/minecraft/world/level/block/state/BlockState;)Z to md01afea$lambda$cancelSetDirtIfRichSoil$0$0 in farmersdelight.mixins.json:KeepRichSoilTreeMixin
[255月2025 13:35:25.219] [main/DEBUG] [mixin/]: Mixing KeepLushGrassTreeMixin from vintagedelight.mixins.json into net.minecraft.world.level.levelgen.feature.trunkplacers.TrunkPlacer
[255月2025 13:35:25.219] [main/DEBUG] [mixin/]: Renaming synthetic method lambda$cancelSetDirtIfRichSoil$0(Lnet/minecraft/world/level/block/state/BlockState;)Z to md01afea$lambda$cancelSetDirtIfRichSoil$0$1 in vintagedelight.mixins.json:KeepLushGrassTreeMixin
[255月2025 13:35:25.373] [main/DEBUG] [mixin/]: Mixing minecraft.AbstractFurnaceBlockEntityMixin from maidsoulkitchen.mixins.json into net.minecraft.world.level.block.entity.AbstractFurnaceBlockEntity
[255月2025 13:35:25.377] [main/DEBUG] [mixin/]: Mixing accessors.AbstractFurnaceBlockEntityAccess from mixins.pneumaticcraft.json into net.minecraft.world.level.block.entity.AbstractFurnaceBlockEntity
[255月2025 13:35:25.463] [main/DEBUG] [mixin/]: Mixing MixinArrowEntity from touhou_little_maid.mixins.json into net.minecraft.world.entity.projectile.AbstractArrow
[255月2025 13:35:25.469] [main/DEBUG] [mixin/]: Mixing AbstractArrowMixin from l2library.mixins.json into net.minecraft.world.entity.projectile.AbstractArrow
[255月2025 13:35:25.469] [main/DEBUG] [mixin/]: l2library.mixins.json:AbstractArrowMixin: Class version 61 required is higher than the class version supported by the current version of Mixin (JAVA_16 supports class version 60)
[255月2025 13:35:25.498] [main/DEBUG] [mixin/]: Mixing accessors.MobAccess from mixins.pneumaticcraft.json into net.minecraft.world.entity.Mob
[255月2025 13:35:25.573] [main/DEBUG] [net.minecraftforge.coremod.transformer.CoreModBaseTransformer/COREMOD]: Transforming net/minecraft/world/item/ItemStack
[255月2025 13:35:25.988] [main/DEBUG] [mixin/]: Mixing MixinLightningBolt from architectury-common.mixins.json into net.minecraft.world.entity.LightningBolt
[255月2025 13:35:26.041] [main/DEBUG] [net.minecraftforge.coremod.transformer.CoreModBaseTransformer/COREMOD]: Transforming net/minecraft/world/entity/animal/frog/Tadpole
[255月2025 13:35:26.059] [main/DEBUG] [mixin/]: Mixing accessors.MinecartItemAccess from mixins.pneumaticcraft.json into net.minecraft.world.item.MinecartItem
[255月2025 13:35:26.064] [main/DEBUG] [mixin/]: Mixing accessors.BoatItemAccess from mixins.pneumaticcraft.json into net.minecraft.world.item.BoatItem
[255月2025 13:35:26.070] [main/DEBUG] [mixin/]: Mixing ArmorItemMixin from crockpot.mixins.json into net.minecraft.world.item.ArmorItem
[255月2025 13:35:26.082] [main/DEBUG] [mixin/]: Mixing ShovelItemAccess from kiwi.mixins.json into net.minecraft.world.item.ShovelItem
[255月2025 13:35:26.083] [main/DEBUG] [mixin/]: kiwi.mixins.json:ShovelItemAccess: Class version 61 required is higher than the class version supported by the current version of Mixin (JAVA_16 supports class version 60)
[255月2025 13:35:26.083] [main/DEBUG] [mixin/]: Renaming @Accessor method getFLATTENABLES()Ljava/util/Map; to getFLATTENABLES_$md$01afea$0 in kiwi.mixins.json:ShovelItemAccess
[255月2025 13:35:26.086] [main/DEBUG] [mixin/]: Renaming @Accessor method setFLATTENABLES(Ljava/util/Map;)V to setFLATTENABLES_$md$01afea$1 in kiwi.mixins.json:ShovelItemAccess
[255月2025 13:35:26.089] [main/DEBUG] [mixin/]: Mixing AxeItemAccess from kiwi.mixins.json into net.minecraft.world.item.AxeItem
[255月2025 13:35:26.089] [main/DEBUG] [mixin/]: kiwi.mixins.json:AxeItemAccess: Class version 61 required is higher than the class version supported by the current version of Mixin (JAVA_16 supports class version 60)
[255月2025 13:35:26.089] [main/DEBUG] [mixin/]: Renaming @Accessor method getSTRIPPABLES()Ljava/util/Map; to getSTRIPPABLES_$md$01afea$0 in kiwi.mixins.json:AxeItemAccess
[255月2025 13:35:26.091] [main/DEBUG] [mixin/]: Renaming @Accessor method setSTRIPPABLES(Ljava/util/Map;)V to setSTRIPPABLES_$md$01afea$1 in kiwi.mixins.json:AxeItemAccess
[255月2025 13:35:26.093] [main/DEBUG] [mixin/]: Mixing HoeItemAccess from kiwi.mixins.json into net.minecraft.world.item.HoeItem
[255月2025 13:35:26.093] [main/DEBUG] [mixin/]: kiwi.mixins.json:HoeItemAccess: Class version 61 required is higher than the class version supported by the current version of Mixin (JAVA_16 supports class version 60)
[255月2025 13:35:26.093] [main/DEBUG] [mixin/]: Renaming @Accessor method getTILLABLES()Ljava/util/Map; to getTILLABLES_$md$01afea$0 in kiwi.mixins.json:HoeItemAccess
[255月2025 13:35:26.096] [main/DEBUG] [mixin/]: Mixing SoupItemMixin from farmersdelight.mixins.json into net.minecraft.world.item.BowlFoodItem
[255月2025 13:35:26.113] [main/DEBUG] [net.minecraftforge.coremod.transformer.CoreModBaseTransformer/COREMOD]: Transforming net/minecraft/world/item/BucketItem
[255月2025 13:35:26.113] [main/DEBUG] [mixin/]: Mixing inject.MixinBucketItem from architectury-common.mixins.json into net.minecraft.world.item.BucketItem
[255月2025 13:35:26.122] [main/DEBUG] [mixin/]: Mixing MixinShearsItem from curios.mixins.json into net.minecraft.world.item.ShearsItem
[255月2025 13:35:26.153] [main/DEBUG] [mixin/]: Mixing inject.MixinItemProperties from architectury-common.mixins.json into net.minecraft.world.item.Item$Properties
[255月2025 13:35:26.201] [main/DEBUG] [mixin/]: Mixing NavigationMixin from touhou_little_maid.mixins.json into net.minecraft.world.entity.ai.navigation.PathNavigation
[255月2025 13:35:26.627] [main/DEBUG] [net.minecraftforge.coremod.transformer.CoreModBaseTransformer/COREMOD]: Transforming net/minecraft/world/entity/monster/Spider
[255月2025 13:35:26.649] [main/DEBUG] [net.minecraftforge.coremod.transformer.CoreModBaseTransformer/COREMOD]: Transforming net/minecraft/world/entity/monster/Zombie
[255月2025 13:35:26.660] [main/DEBUG] [mixin/]: Mixing RemoveBlockGoalMixin from crockpot.mixins.json into net.minecraft.world.entity.ai.goal.RemoveBlockGoal
[255月2025 13:35:26.673] [main/DEBUG] [net.minecraftforge.coremod.transformer.CoreModBaseTransformer/COREMOD]: Transforming net/minecraft/world/entity/monster/ZombieVillager
[255月2025 13:35:26.679] [main/DEBUG] [mixin/]: Mixing MixinThrownTrident from touhou_little_maid.mixins.json into net.minecraft.world.entity.projectile.ThrownTrident
[255月2025 13:35:26.700] [main/DEBUG] [net.minecraftforge.coremod.transformer.CoreModBaseTransformer/COREMOD]: Transforming net/minecraft/world/entity/monster/Evoker$EvokerSummonSpellGoal
[255月2025 13:35:26.765] [main/DEBUG] [mixin/]: Mixing PiglinMixin from crockpot.mixins.json into net.minecraft.world.entity.monster.piglin.Piglin
[255月2025 13:35:26.793] [main/DEBUG] [mixin/]: Mixing RabbitsEatCabbageMixin from farmersdelight.mixins.json into net.minecraft.world.entity.animal.Rabbit
[255月2025 13:35:26.805] [main/DEBUG] [mixin/]: Mixing accessors.ShulkerAccess from mixins.pneumaticcraft.json into net.minecraft.world.entity.monster.Shulker
[255月2025 13:35:26.814] [main/DEBUG] [net.minecraftforge.coremod.transformer.CoreModBaseTransformer/COREMOD]: Transforming net/minecraft/world/entity/animal/horse/SkeletonTrapGoal
[255月2025 13:35:26.820] [main/DEBUG] [mixin/]: Mixing accessors.BaseSpawnerAccess from mixins.pneumaticcraft.json into net.minecraft.world.level.BaseSpawner
[255月2025 13:35:26.830] [main/DEBUG] [mixin/]: Mixing coremods.BaseSpawnerMixin from mixins.pneumaticcraft.json into net.minecraft.world.level.BaseSpawner
[255月2025 13:35:26.839] [main/DEBUG] [net.minecraftforge.coremod.transformer.CoreModBaseTransformer/COREMOD]: Transforming net/minecraft/world/entity/monster/Strider
[255月2025 13:35:26.872] [main/DEBUG] [mixin/]: Mixing accessors.ServerPlayerAccess from mixins.pneumaticcraft.json into net.minecraft.server.level.ServerPlayer
[255月2025 13:35:26.885] [main/DEBUG] [mixin/]: Mixing FrogAttackablesSensorMixin from youkaishomecoming.mixins.json into net.minecraft.world.entity.ai.sensing.FrogAttackablesSensor
[255月2025 13:35:26.922] [main/DEBUG] [net.minecraftforge.coremod.transformer.CoreModBaseTransformer/COREMOD]: Transforming net/minecraft/world/entity/npc/Villager
[255月2025 13:35:26.935] [main/DEBUG] [mixin/]: Mixing VillagerAccess from kiwi.mixins.json into net.minecraft.world.entity.npc.Villager
[255月2025 13:35:26.936] [main/DEBUG] [mixin/]: kiwi.mixins.json:VillagerAccess: Class version 61 required is higher than the class version supported by the current version of Mixin (JAVA_16 supports class version 60)
[255月2025 13:35:26.936] [main/DEBUG] [mixin/]: Renaming @Accessor method getWANTED_ITEMS()Ljava/util/Set; to getWANTED_ITEMS_$md$01afea$0 in kiwi.mixins.json:VillagerAccess
[255月2025 13:35:26.939] [main/DEBUG] [mixin/]: Renaming @Accessor method setWANTED_ITEMS(Ljava/util/Set;)V to setWANTED_ITEMS_$md$01afea$1 in kiwi.mixins.json:VillagerAccess
[255月2025 13:35:26.940] [main/DEBUG] [mixin/]: Renaming @Accessor method getFOOD_POINTS()Ljava/util/Map; to getFOOD_POINTS_$md$01afea$2 in kiwi.mixins.json:VillagerAccess
[255月2025 13:35:26.942] [main/DEBUG] [mixin/]: Renaming @Accessor method setFOOD_POINTS(Ljava/util/Map;)V to setFOOD_POINTS_$md$01afea$3 in kiwi.mixins.json:VillagerAccess
[255月2025 13:35:26.942] [main/DEBUG] [mixin/]: Mixing VillagerMixin from youkaishomecoming.mixins.json into net.minecraft.world.entity.npc.Villager
[255月2025 13:35:26.955] [main/DEBUG] [mixin/]: Mixing accessors.WitchAccess from mixins.pneumaticcraft.json into net.minecraft.world.entity.monster.Witch
[255月2025 13:35:26.987] [main/DEBUG] [mixin/]: Mixing inject.MixinFoodPropertiesBuilder from architectury-common.mixins.json into net.minecraft.world.food.FoodProperties$Builder
[255月2025 13:35:26.988] [main/DEBUG] [mixin/]: Mixing FoodPropertiesMixin from miners_delight.mixins.json into net.minecraft.world.food.FoodProperties
[255月2025 13:35:26.993] [main/DEBUG] [net.minecraftforge.coremod.transformer.CoreModBaseTransformer/COREMOD]: Transforming net/minecraft/world/effect/MobEffectInstance
[255月2025 13:35:27.128] [main/DEBUG] [mixin/]: Mixing ShapedRecipeAccess from kiwi.mixins.json into net.minecraft.world.item.crafting.ShapedRecipe
[255月2025 13:35:27.128] [main/DEBUG] [mixin/]: kiwi.mixins.json:ShapedRecipeAccess: Class version 61 required is higher than the class version supported by the current version of Mixin (JAVA_16 supports class version 60)
[255月2025 13:35:27.128] [main/DEBUG] [mixin/]: Renaming @Invoker method callKeyFromJson(Lcom/google/gson/JsonObject;)Ljava/util/Map; to callKeyFromJson_$md$01afea$0 in kiwi.mixins.json:ShapedRecipeAccess
[255月2025 13:35:27.132] [main/DEBUG] [mixin/]: Renaming @Invoker method callPatternFromJson(Lcom/google/gson/JsonArray;)[Ljava/lang/String; to callPatternFromJson_$md$01afea$1 in kiwi.mixins.json:ShapedRecipeAccess
[255月2025 13:35:27.135] [main/DEBUG] [mixin/]: Renaming @Invoker method callShrink([Ljava/lang/String;)[Ljava/lang/String; to callShrink_$md$01afea$2 in kiwi.mixins.json:ShapedRecipeAccess
[255月2025 13:35:27.136] [main/DEBUG] [mixin/]: Renaming @Invoker method callDissolvePattern([Ljava/lang/String;Ljava/util/Map;II)Lnet/minecraft/core/NonNullList; to callDissolvePattern_$md$01afea$3 in kiwi.mixins.json:ShapedRecipeAccess
[255月2025 13:35:27.187] [main/DEBUG] [mixin/]: Mixing LootContextAccessor from brewinandchewin.mixins.json into net.minecraft.world.level.storage.loot.LootContext
[255月2025 13:35:27.201] [main/DEBUG] [mixin/]: Mixing MixinApplyBonusCount from curios.mixins.json into net.minecraft.world.level.storage.loot.functions.ApplyBonusCount
[255月2025 13:35:27.332] [main/DEBUG] [net.minecraftforge.coremod.transformer.CoreModBaseTransformer/COREMOD]: Transforming net/minecraft/world/level/levelgen/structure/Structure
[255月2025 13:35:27.354] [main/DEBUG] [net.minecraftforge.coremod.transformer.CoreModBaseTransformer/COREMOD]: Transforming net/minecraft/world/level/levelgen/structure/structures/OceanRuinPieces$OceanRuinPiece
[255月2025 13:35:27.358] [main/DEBUG] [net.minecraftforge.coremod.transformer.CoreModBaseTransformer/COREMOD]: Transforming net/minecraft/world/level/levelgen/structure/structures/SwampHutPiece
[255月2025 13:35:27.362] [main/DEBUG] [net.minecraftforge.coremod.transformer.CoreModBaseTransformer/COREMOD]: Transforming net/minecraft/world/level/levelgen/structure/structures/OceanMonumentPieces$OceanMonumentPiece
[255月2025 13:35:27.372] [main/DEBUG] [net.minecraftforge.coremod.transformer.CoreModBaseTransformer/COREMOD]: Transforming net/minecraft/world/level/levelgen/structure/structures/WoodlandMansionPieces$WoodlandMansionPiece
[255月2025 13:35:27.389] [main/DEBUG] [mixin/]: Mixing accessors.StructureTemplatePoolAccess from mixins.pneumaticcraft.json into net.minecraft.world.level.levelgen.structure.pools.StructureTemplatePool
[255月2025 13:35:27.443] [main/DEBUG] [net.minecraftforge.coremod.transformer.CoreModBaseTransformer/COREMOD]: Transforming net/minecraft/world/level/biome/Biome
[255月2025 13:35:27.574] [main/DEBUG] [net.minecraftforge.registries.GameData/REGISTRIES]: Creating vanilla freeze snapshot
[255月2025 13:35:27.577] [main/DEBUG] [net.minecraftforge.registries.ForgeRegistry/REGISTRIES]: Registry minecraft:block Sync: VANILLA -> ACTIVE
[255月2025 13:35:27.587] [main/DEBUG] [net.minecraftforge.registries.ForgeRegistry/REGISTRIES]: Registry minecraft:fluid Sync: VANILLA -> ACTIVE
[255月2025 13:35:27.587] [main/DEBUG] [net.minecraftforge.registries.ForgeRegistry/REGISTRIES]: Registry minecraft:item Sync: VANILLA -> ACTIVE
[255月2025 13:35:27.596] [main/DEBUG] [net.minecraftforge.registries.ForgeRegistry/REGISTRIES]: Registry minecraft:mob_effect Sync: VANILLA -> ACTIVE
[255月2025 13:35:27.596] [main/DEBUG] [net.minecraftforge.registries.ForgeRegistry/REGISTRIES]: Registry minecraft:sound_event Sync: VANILLA -> ACTIVE
[255月2025 13:35:27.611] [main/DEBUG] [net.minecraftforge.registries.ForgeRegistry/REGISTRIES]: Registry minecraft:potion Sync: VANILLA -> ACTIVE
[255月2025 13:35:27.612] [main/DEBUG] [net.minecraftforge.registries.ForgeRegistry/REGISTRIES]: Registry minecraft:enchantment Sync: VANILLA -> ACTIVE
[255月2025 13:35:27.613] [main/DEBUG] [net.minecraftforge.registries.ForgeRegistry/REGISTRIES]: Registry minecraft:entity_type Sync: VANILLA -> ACTIVE
[255月2025 13:35:27.615] [main/DEBUG] [net.minecraftforge.registries.ForgeRegistry/REGISTRIES]: Registry minecraft:block_entity_type Sync: VANILLA -> ACTIVE
[255月2025 13:35:27.615] [main/DEBUG] [net.minecraftforge.registries.ForgeRegistry/REGISTRIES]: Registry minecraft:particle_type Sync: VANILLA -> ACTIVE
[255月2025 13:35:27.616] [main/DEBUG] [net.minecraftforge.registries.ForgeRegistry/REGISTRIES]: Registry minecraft:menu Sync: VANILLA -> ACTIVE
[255月2025 13:35:27.616] [main/DEBUG] [net.minecraftforge.registries.ForgeRegistry/REGISTRIES]: Registry minecraft:painting_variant Sync: VANILLA -> ACTIVE
[255月2025 13:35:27.616] [main/DEBUG] [net.minecraftforge.registries.ForgeRegistry/REGISTRIES]: Registry minecraft:recipe_type Sync: VANILLA -> ACTIVE
[255月2025 13:35:27.617] [main/DEBUG] [net.minecraftforge.registries.ForgeRegistry/REGISTRIES]: Registry minecraft:recipe_serializer Sync: VANILLA -> ACTIVE
[255月2025 13:35:27.617] [main/DEBUG] [net.minecraftforge.registries.ForgeRegistry/REGISTRIES]: Registry minecraft:attribute Sync: VANILLA -> ACTIVE
[255月2025 13:35:27.617] [main/DEBUG] [net.minecraftforge.registries.ForgeRegistry/REGISTRIES]: Registry minecraft:stat_type Sync: VANILLA -> ACTIVE
[255月2025 13:35:27.617] [main/DEBUG] [net.minecraftforge.registries.ForgeRegistry/REGISTRIES]: Registry minecraft:command_argument_type Sync: VANILLA -> ACTIVE
[255月2025 13:35:27.619] [main/DEBUG] [net.minecraftforge.registries.ForgeRegistry/REGISTRIES]: Registry minecraft:villager_profession Sync: VANILLA -> ACTIVE
[255月2025 13:35:27.620] [main/DEBUG] [net.minecraftforge.registries.ForgeRegistry/REGISTRIES]: Registry minecraft:point_of_interest_type Sync: VANILLA -> ACTIVE
[255月2025 13:35:27.623] [main/DEBUG] [net.minecraftforge.registries.ForgeRegistry/REGISTRIES]: Registry minecraft:memory_module_type Sync: VANILLA -> ACTIVE
[255月2025 13:35:27.624] [main/DEBUG] [net.minecraftforge.registries.ForgeRegistry/REGISTRIES]: Registry minecraft:sensor_type Sync: VANILLA -> ACTIVE
[255月2025 13:35:27.625] [main/DEBUG] [net.minecraftforge.registries.ForgeRegistry/REGISTRIES]: Registry minecraft:schedule Sync: VANILLA -> ACTIVE
[255月2025 13:35:27.625] [main/DEBUG] [net.minecraftforge.registries.ForgeRegistry/REGISTRIES]: Registry minecraft:activity Sync: VANILLA -> ACTIVE
[255月2025 13:35:27.625] [main/DEBUG] [net.minecraftforge.registries.ForgeRegistry/REGISTRIES]: Registry minecraft:worldgen/carver Sync: VANILLA -> ACTIVE
[255月2025 13:35:27.625] [main/DEBUG] [net.minecraftforge.registries.ForgeRegistry/REGISTRIES]: Registry minecraft:worldgen/feature Sync: VANILLA -> ACTIVE
[255月2025 13:35:27.626] [main/DEBUG] [net.minecraftforge.registries.ForgeRegistry/REGISTRIES]: Registry minecraft:chunk_status Sync: VANILLA -> ACTIVE
[255月2025 13:35:27.626] [main/DEBUG] [net.minecraftforge.registries.ForgeRegistry/REGISTRIES]: Registry minecraft:worldgen/block_state_provider_type Sync: VANILLA -> ACTIVE
[255月2025 13:35:27.626] [main/DEBUG] [net.minecraftforge.registries.ForgeRegistry/REGISTRIES]: Registry minecraft:worldgen/foliage_placer_type Sync: VANILLA -> ACTIVE
[255月2025 13:35:27.626] [main/DEBUG] [net.minecraftforge.registries.ForgeRegistry/REGISTRIES]: Registry minecraft:worldgen/tree_decorator_type Sync: VANILLA -> ACTIVE
[255月2025 13:35:27.626] [main/DEBUG] [net.minecraftforge.registries.ForgeRegistry/REGISTRIES]: Registry minecraft:worldgen/biome Sync: VANILLA -> ACTIVE
[255月2025 13:35:27.641] [main/DEBUG] [net.minecraftforge.registries.GameData/REGISTRIES]: Vanilla freeze snapshot created
[255月2025 13:35:27.663] [main/DEBUG] [net.minecraftforge.fml.ModWorkManager/LOADING]: Using 16 threads for parallel mod-loading
[255月2025 13:35:27.670] [main/DEBUG] [net.minecraftforge.fml.javafmlmod.FMLJavaModLanguageProvider/LOADING]: Loading FMLModContainer from classloader cpw.mods.modlauncher.TransformingClassLoader@2bc7db89 - got cpw.mods.cl.ModuleClassLoader@191a709b
[255月2025 13:35:27.672] [main/DEBUG] [net.minecraftforge.fml.javafmlmod.FMLModContainer/LOADING]: Creating FMLModContainer instance for vectorwing.farmersdelight.FarmersDelight
[255月2025 13:35:27.677] [main/DEBUG] [net.minecraftforge.fml.javafmlmod.FMLJavaModLanguageProvider/LOADING]: Loading FMLModContainer from classloader cpw.mods.modlauncher.TransformingClassLoader@2bc7db89 - got cpw.mods.cl.ModuleClassLoader@191a709b
[255月2025 13:35:27.677] [main/DEBUG] [net.minecraftforge.fml.javafmlmod.FMLModContainer/LOADING]: Creating FMLModContainer instance for net.ribs.vintagedelight.VintageDelight
[255月2025 13:35:27.679] [main/DEBUG] [net.minecraftforge.fml.javafmlmod.FMLJavaModLanguageProvider/LOADING]: Loading FMLModContainer from classloader cpw.mods.modlauncher.TransformingClassLoader@2bc7db89 - got cpw.mods.cl.ModuleClassLoader@191a709b
[255月2025 13:35:27.679] [main/DEBUG] [net.minecraftforge.fml.javafmlmod.FMLModContainer/LOADING]: Creating FMLModContainer instance for snownee.kiwi.Kiwi
[255月2025 13:35:27.682] [main/DEBUG] [thedarkcolour.kotlinforforge.LoggerKt/LOADING]: Loading KotlinModContainer from classloader cpw.mods.modlauncher.TransformingClassLoader@2bc7db89 - got cpw.mods.cl.ModuleClassLoader@191a709b}
[255月2025 13:35:27.682] [main/DEBUG] [thedarkcolour.kotlinforforge.LoggerKt/LOADING]: Creating KotlinModContainer instance for org.anti_ad.mc.libipn.LibIPNModEntry
[255月2025 13:35:27.684] [main/DEBUG] [net.minecraftforge.fml.javafmlmod.FMLJavaModLanguageProvider/LOADING]: Loading FMLModContainer from classloader cpw.mods.modlauncher.TransformingClassLoader@2bc7db89 - got cpw.mods.cl.ModuleClassLoader@191a709b
[255月2025 13:35:27.684] [main/DEBUG] [net.minecraftforge.fml.javafmlmod.FMLModContainer/LOADING]: Creating FMLModContainer instance for io.github.tt432.kitchenkarrot.Kitchenkarrot
[255月2025 13:35:27.684] [main/DEBUG] [net.minecraftforge.fml.javafmlmod.FMLJavaModLanguageProvider/LOADING]: Loading FMLModContainer from classloader cpw.mods.modlauncher.TransformingClassLoader@2bc7db89 - got cpw.mods.cl.ModuleClassLoader@191a709b
[255月2025 13:35:27.684] [main/DEBUG] [net.minecraftforge.fml.javafmlmod.FMLModContainer/LOADING]: Creating FMLModContainer instance for mcjty.theoneprobe.TheOneProbe
[255月2025 13:35:27.685] [main/DEBUG] [net.minecraftforge.fml.javafmlmod.FMLJavaModLanguageProvider/LOADING]: Loading FMLModContainer from classloader cpw.mods.modlauncher.TransformingClassLoader@2bc7db89 - got cpw.mods.cl.ModuleClassLoader@191a709b
[255月2025 13:35:27.685] [main/DEBUG] [net.minecraftforge.fml.javafmlmod.FMLModContainer/LOADING]: Creating FMLModContainer instance for dev.xkmc.youkaishomecoming.init.YoukaisHomecoming
[255月2025 13:35:27.687] [main/DEBUG] [net.minecraftforge.fml.javafmlmod.FMLJavaModLanguageProvider/LOADING]: Loading FMLModContainer from classloader cpw.mods.modlauncher.TransformingClassLoader@2bc7db89 - got cpw.mods.cl.ModuleClassLoader@191a709b
[255月2025 13:35:27.687] [main/DEBUG] [net.minecraftforge.fml.javafmlmod.FMLModContainer/LOADING]: Creating FMLModContainer instance for snownee.jade.util.CommonProxy
[255月2025 13:35:27.689] [main/DEBUG] [net.minecraftforge.fml.javafmlmod.FMLJavaModLanguageProvider/LOADING]: Loading FMLModContainer from classloader cpw.mods.modlauncher.TransformingClassLoader@2bc7db89 - got cpw.mods.cl.ModuleClassLoader@191a709b
[255月2025 13:35:27.689] [main/DEBUG] [net.minecraftforge.fml.javafmlmod.FMLModContainer/LOADING]: Creating FMLModContainer instance for dev.xkmc.l2harvester.init.L2Harvester
[255月2025 13:35:27.689] [main/DEBUG] [net.minecraftforge.fml.javafmlmod.FMLJavaModLanguageProvider/LOADING]: Loading FMLModContainer from classloader cpw.mods.modlauncher.TransformingClassLoader@2bc7db89 - got cpw.mods.cl.ModuleClassLoader@191a709b
[255月2025 13:35:27.689] [main/DEBUG] [net.minecraftforge.fml.javafmlmod.FMLModContainer/LOADING]: Creating FMLModContainer instance for net.p3pp3rf1y.sophisticatedstorage.SophisticatedStorage
[255月2025 13:35:27.690] [main/DEBUG] [net.minecraftforge.fml.javafmlmod.FMLJavaModLanguageProvider/LOADING]: Loading FMLModContainer from classloader cpw.mods.modlauncher.TransformingClassLoader@2bc7db89 - got cpw.mods.cl.ModuleClassLoader@191a709b
[255月2025 13:35:27.690] [main/DEBUG] [net.minecraftforge.fml.javafmlmod.FMLModContainer/LOADING]: Creating FMLModContainer instance for mezz.jei.forge.JustEnoughItems
[255月2025 13:35:27.690] [main/DEBUG] [net.minecraftforge.fml.javafmlmod.FMLJavaModLanguageProvider/LOADING]: Loading FMLModContainer from classloader cpw.mods.modlauncher.TransformingClassLoader@2bc7db89 - got cpw.mods.cl.ModuleClassLoader@191a709b
[255月2025 13:35:27.690] [main/DEBUG] [net.minecraftforge.fml.javafmlmod.FMLModContainer/LOADING]: Creating FMLModContainer instance for dev.enemeez.simplefarming.common.SimpleFarming
[255月2025 13:35:27.692] [main/DEBUG] [thedarkcolour.kotlinforforge.LoggerKt/LOADING]: Loading KotlinModContainer from classloader cpw.mods.modlauncher.TransformingClassLoader@2bc7db89 - got cpw.mods.cl.ModuleClassLoader@191a709b}
[255月2025 13:35:27.692] [main/DEBUG] [thedarkcolour.kotlinforforge.LoggerKt/LOADING]: Creating KotlinModContainer instance for thedarkcolour.kotlinforforge.test.KotlinForForge
[255月2025 13:35:27.692] [main/DEBUG] [net.minecraftforge.fml.javafmlmod.FMLJavaModLanguageProvider/LOADING]: Loading FMLModContainer from classloader cpw.mods.modlauncher.TransformingClassLoader@2bc7db89 - got cpw.mods.cl.ModuleClassLoader@191a709b
[255月2025 13:35:27.692] [main/DEBUG] [net.minecraftforge.fml.javafmlmod.FMLModContainer/LOADING]: Creating FMLModContainer instance for umpaz.brewinandchewin.BrewinAndChewin
[255月2025 13:35:27.693] [main/DEBUG] [net.minecraftforge.fml.javafmlmod.FMLJavaModLanguageProvider/LOADING]: Loading FMLModContainer from classloader cpw.mods.modlauncher.TransformingClassLoader@2bc7db89 - got cpw.mods.cl.ModuleClassLoader@191a709b
[255月2025 13:35:27.693] [main/DEBUG] [net.minecraftforge.fml.javafmlmod.FMLModContainer/LOADING]: Creating FMLModContainer instance for net.p3pp3rf1y.sophisticatedcore.SophisticatedCore
[255月2025 13:35:27.694] [main/DEBUG] [net.minecraftforge.fml.javafmlmod.FMLJavaModLanguageProvider/LOADING]: Loading FMLModContainer from classloader cpw.mods.modlauncher.TransformingClassLoader@2bc7db89 - got cpw.mods.cl.ModuleClassLoader@191a709b
[255月2025 13:35:27.694] [main/DEBUG] [net.minecraftforge.fml.javafmlmod.FMLModContainer/LOADING]: Creating FMLModContainer instance for top.theillusivec4.curios.Curios
[255月2025 13:35:27.694] [main/DEBUG] [net.minecraftforge.fml.javafmlmod.FMLJavaModLanguageProvider/LOADING]: Loading FMLModContainer from classloader cpw.mods.modlauncher.TransformingClassLoader@2bc7db89 - got cpw.mods.cl.ModuleClassLoader@191a709b
[255月2025 13:35:27.694] [main/DEBUG] [net.minecraftforge.fml.javafmlmod.FMLModContainer/LOADING]: Creating FMLModContainer instance for umpaz.farmersrespite.FarmersRespite
[255月2025 13:35:27.695] [main/DEBUG] [net.minecraftforge.fml.javafmlmod.FMLJavaModLanguageProvider/LOADING]: Loading FMLModContainer from classloader cpw.mods.modlauncher.TransformingClassLoader@2bc7db89 - got cpw.mods.cl.ModuleClassLoader@191a709b
[255月2025 13:35:27.695] [main/DEBUG] [net.minecraftforge.fml.javafmlmod.FMLModContainer/LOADING]: Creating FMLModContainer instance for com.github.tartaricacid.touhoulittlemaid.TouhouLittleMaid
[255月2025 13:35:27.695] [main/DEBUG] [net.minecraftforge.fml.javafmlmod.FMLJavaModLanguageProvider/LOADING]: Loading FMLModContainer from classloader cpw.mods.modlauncher.TransformingClassLoader@2bc7db89 - got cpw.mods.cl.ModuleClassLoader@191a709b
[255月2025 13:35:27.695] [main/DEBUG] [net.minecraftforge.fml.javafmlmod.FMLModContainer/LOADING]: Creating FMLModContainer instance for vazkii.patchouli.forge.common.ForgeModInitializer
[255月2025 13:35:27.695] [main/DEBUG] [net.minecraftforge.fml.javafmlmod.FMLJavaModLanguageProvider/LOADING]: Loading FMLModContainer from classloader cpw.mods.modlauncher.TransformingClassLoader@2bc7db89 - got cpw.mods.cl.ModuleClassLoader@191a709b
[255月2025 13:35:27.695] [main/DEBUG] [net.minecraftforge.fml.javafmlmod.FMLModContainer/LOADING]: Creating FMLModContainer instance for com.github.tartaricacid.simplebedrockmodel.SimpleBedrockModel
[255月2025 13:35:27.696] [main/DEBUG] [net.minecraftforge.fml.javafmlmod.FMLJavaModLanguageProvider/LOADING]: Loading FMLModContainer from classloader cpw.mods.modlauncher.TransformingClassLoader@2bc7db89 - got cpw.mods.cl.ModuleClassLoader@191a709b
[255月2025 13:35:27.696] [main/DEBUG] [net.minecraftforge.fml.javafmlmod.FMLModContainer/LOADING]: Creating FMLModContainer instance for com.soytutta.mynethersdelight.MyNethersDelight
[255月2025 13:35:27.696] [main/DEBUG] [net.minecraftforge.fml.javafmlmod.FMLJavaModLanguageProvider/LOADING]: Loading FMLModContainer from classloader cpw.mods.modlauncher.TransformingClassLoader@2bc7db89 - got cpw.mods.cl.ModuleClassLoader@191a709b
[255月2025 13:35:27.696] [main/DEBUG] [net.minecraftforge.fml.javafmlmod.FMLModContainer/LOADING]: Creating FMLModContainer instance for com.mao.barbequesdelight.init.BarbequesDelight
[255月2025 13:35:27.697] [main/DEBUG] [net.minecraftforge.fml.javafmlmod.FMLJavaModLanguageProvider/LOADING]: Loading FMLModContainer from classloader cpw.mods.modlauncher.TransformingClassLoader@2bc7db89 - got cpw.mods.cl.ModuleClassLoader@191a709b
[255月2025 13:35:27.697] [main/DEBUG] [net.minecraftforge.fml.javafmlmod.FMLModContainer/LOADING]: Creating FMLModContainer instance for com.jaquadro.minecraft.storagedrawers.StorageDrawers
[255月2025 13:35:27.698] [main/DEBUG] [net.minecraftforge.fml.javafmlmod.FMLJavaModLanguageProvider/LOADING]: Loading FMLModContainer from classloader cpw.mods.modlauncher.TransformingClassLoader@2bc7db89 - got cpw.mods.cl.ModuleClassLoader@191a709b
[255月2025 13:35:27.698] [main/DEBUG] [net.minecraftforge.fml.javafmlmod.FMLModContainer/LOADING]: Creating FMLModContainer instance for com.llamalad7.mixinextras.platform.forge.MixinExtrasMod
[255月2025 13:35:27.698] [main/DEBUG] [net.minecraftforge.fml.javafmlmod.FMLJavaModLanguageProvider/LOADING]: Loading FMLModContainer from classloader cpw.mods.modlauncher.TransformingClassLoader@2bc7db89 - got cpw.mods.cl.ModuleClassLoader@191a709b
[255月2025 13:35:27.699] [main/DEBUG] [net.minecraftforge.fml.javafmlmod.FMLModContainer/LOADING]: Creating FMLModContainer instance for com.sammy.minersdelight.MinersDelightMod
[255月2025 13:35:27.699] [main/DEBUG] [net.minecraftforge.fml.javafmlmod.FMLJavaModLanguageProvider/LOADING]: Loading FMLModContainer from classloader cpw.mods.modlauncher.TransformingClassLoader@2bc7db89 - got cpw.mods.cl.ModuleClassLoader@191a709b
[255月2025 13:35:27.699] [main/DEBUG] [net.minecraftforge.fml.javafmlmod.FMLModContainer/LOADING]: Creating FMLModContainer instance for me.desht.pneumaticcraft.PneumaticCraftRepressurized
[255月2025 13:35:27.700] [main/DEBUG] [net.minecraftforge.fml.javafmlmod.FMLJavaModLanguageProvider/LOADING]: Loading FMLModContainer from classloader cpw.mods.modlauncher.TransformingClassLoader@2bc7db89 - got cpw.mods.cl.ModuleClassLoader@191a709b
[255月2025 13:35:27.700] [main/DEBUG] [net.minecraftforge.fml.javafmlmod.FMLModContainer/LOADING]: Creating FMLModContainer instance for com.sihenzhang.crockpot.CrockPot
[255月2025 13:35:27.701] [main/DEBUG] [net.minecraftforge.fml.javafmlmod.FMLJavaModLanguageProvider/LOADING]: Loading FMLModContainer from classloader cpw.mods.modlauncher.TransformingClassLoader@2bc7db89 - got cpw.mods.cl.ModuleClassLoader@191a709b
[255月2025 13:35:27.701] [main/DEBUG] [net.minecraftforge.fml.javafmlmod.FMLModContainer/LOADING]: Creating FMLModContainer instance for com.github.wallev.maidsoulkitchen.MaidsoulKitchen
[255月2025 13:35:27.701] [main/DEBUG] [net.minecraftforge.fml.javafmlmod.FMLJavaModLanguageProvider/LOADING]: Loading FMLModContainer from classloader cpw.mods.modlauncher.TransformingClassLoader@2bc7db89 - got cpw.mods.cl.ModuleClassLoader@191a709b
[255月2025 13:35:27.701] [main/DEBUG] [net.minecraftforge.fml.javafmlmod.FMLModContainer/LOADING]: Creating FMLModContainer instance for dev.architectury.forge.ArchitecturyForge
[255月2025 13:35:27.702] [main/DEBUG] [net.minecraftforge.fml.javafmlmod.FMLJavaModLanguageProvider/LOADING]: Loading FMLModContainer from classloader cpw.mods.modlauncher.TransformingClassLoader@2bc7db89 - got cpw.mods.cl.ModuleClassLoader@191a709b
[255月2025 13:35:27.702] [main/DEBUG] [net.minecraftforge.fml.javafmlmod.FMLModContainer/LOADING]: Creating FMLModContainer instance for cx.rain.mc.nbtedit.forge.NBTEditForge
[255月2025 13:35:27.702] [main/DEBUG] [net.minecraftforge.fml.javafmlmod.FMLJavaModLanguageProvider/LOADING]: Loading FMLModContainer from classloader cpw.mods.modlauncher.TransformingClassLoader@2bc7db89 - got cpw.mods.cl.ModuleClassLoader@191a709b
[255月2025 13:35:27.702] [main/DEBUG] [net.minecraftforge.fml.javafmlmod.FMLModContainer/LOADING]: Creating FMLModContainer instance for dev.xkmc.l2library.init.L2Library
[255月2025 13:35:27.703] [main/DEBUG] [net.minecraftforge.fml.javafmlmod.FMLJavaModLanguageProvider/LOADING]: Loading FMLModContainer from classloader cpw.mods.modlauncher.TransformingClassLoader@2bc7db89 - got cpw.mods.cl.ModuleClassLoader@191a709b
[255月2025 13:35:27.703] [main/DEBUG] [net.minecraftforge.fml.javafmlmod.FMLModContainer/LOADING]: Creating FMLModContainer instance for me.shedaniel.clothconfig.ClothConfigForge
[255月2025 13:35:27.704] [main/DEBUG] [net.minecraftforge.fml.javafmlmod.FMLJavaModLanguageProvider/LOADING]: Loading FMLModContainer from classloader cpw.mods.modlauncher.TransformingClassLoader@2bc7db89 - got cpw.mods.cl.ModuleClassLoader@191a709b
[255月2025 13:35:27.704] [main/DEBUG] [net.minecraftforge.fml.javafmlmod.FMLModContainer/LOADING]: Creating FMLModContainer instance for com.catbert.quickmodstart.QuickModStart
[255月2025 13:35:27.705] [main/DEBUG] [net.minecraftforge.fml.javafmlmod.FMLJavaModLanguageProvider/LOADING]: Loading FMLModContainer from classloader cpw.mods.modlauncher.TransformingClassLoader@2bc7db89 - got cpw.mods.cl.ModuleClassLoader@191a709b
[255月2025 13:35:27.705] [main/DEBUG] [net.minecraftforge.fml.javafmlmod.FMLModContainer/LOADING]: Creating FMLModContainer instance for com.tom.storagemod.StorageMod
[255月2025 13:35:27.705] [main/DEBUG] [net.minecraftforge.fml.javafmlmod.FMLJavaModLanguageProvider/LOADING]: Loading FMLModContainer from classloader cpw.mods.modlauncher.TransformingClassLoader@2bc7db89 - got cpw.mods.cl.ModuleClassLoader@191a709b
[255月2025 13:35:27.705] [main/DEBUG] [net.minecraftforge.fml.javafmlmod.FMLModContainer/LOADING]: Creating FMLModContainer instance for net.minecraftforge.common.ForgeMod
[255月2025 13:35:27.708] [main/DEBUG] [net.minecraftforge.fml.javafmlmod.FMLJavaModLanguageProvider/LOADING]: Loading FMLModContainer from classloader cpw.mods.modlauncher.TransformingClassLoader@2bc7db89 - got cpw.mods.cl.ModuleClassLoader@191a709b
[255月2025 13:35:27.708] [main/DEBUG] [net.minecraftforge.fml.javafmlmod.FMLModContainer/LOADING]: Creating FMLModContainer instance for squeek.appleskin.AppleSkin
[255月2025 13:35:27.709] [main/DEBUG] [net.minecraftforge.fml.javafmlmod.FMLJavaModLanguageProvider/LOADING]: Loading FMLModContainer from classloader cpw.mods.modlauncher.TransformingClassLoader@2bc7db89 - got cpw.mods.cl.ModuleClassLoader@191a709b
[255月2025 13:35:27.709] [main/DEBUG] [net.minecraftforge.fml.javafmlmod.FMLModContainer/LOADING]: Creating FMLModContainer instance for dev.xkmc.l2damagetracker.init.L2DamageTracker
[255月2025 13:35:27.710] [main/DEBUG] [net.minecraftforge.fml.javafmlmod.FMLJavaModLanguageProvider/LOADING]: Loading FMLModContainer from classloader cpw.mods.modlauncher.TransformingClassLoader@2bc7db89 - got cpw.mods.cl.ModuleClassLoader@191a709b
[255月2025 13:35:27.710] [main/DEBUG] [net.minecraftforge.fml.javafmlmod.FMLModContainer/LOADING]: Creating FMLModContainer instance for dev.xkmc.cuisinedelight.init.CuisineDelight
[255月2025 13:35:27.711] [main/DEBUG] [net.minecraftforge.fml.javafmlmod.FMLJavaModLanguageProvider/LOADING]: Loading FMLModContainer from classloader cpw.mods.modlauncher.TransformingClassLoader@2bc7db89 - got cpw.mods.cl.ModuleClassLoader@191a709b
[255月2025 13:35:27.711] [main/DEBUG] [net.minecraftforge.fml.javafmlmod.FMLModContainer/LOADING]: Creating FMLModContainer instance for lekavar.lma.drinkbeer.DrinkBeer
[255月2025 13:35:27.728] [modloading-worker-0/DEBUG] [net.minecraftforge.fml.javafmlmod.AutomaticEventSubscriber/LOADING]: Attempting to inject @EventBusSubscriber classes into the eventbus for l2harvester
[255月2025 13:35:27.736] [modloading-worker-0/DEBUG] [net.minecraftforge.fml.javafmlmod.AutomaticEventSubscriber/LOADING]: Auto-subscribing dev.xkmc.l2harvester.init.L2Harvester to MOD
[255月2025 13:35:27.754] [modloading-worker-0/DEBUG] [net.minecraftforge.fml.config.ConfigTracker/CONFIG]: Config file kitchenkarrot-common.toml for kitchenkarrot tracking
[255月2025 13:35:27.754] [modloading-worker-0/DEBUG] [net.minecraftforge.fml.config.ConfigTracker/CONFIG]: Config file jei-server.toml for jei tracking
[255月2025 13:35:27.755] [modloading-worker-0/DEBUG] [net.minecraftforge.fml.config.ConfigTracker/CONFIG]: Config file sophisticatedcore-common.toml for sophisticatedcore tracking
[255月2025 13:35:27.755] [modloading-worker-0/DEBUG] [net.minecraftforge.fml.config.ConfigTracker/CONFIG]: Config file brewinandchewin-common.toml for brewinandchewin tracking
[255月2025 13:35:27.756] [modloading-worker-0/DEBUG] [net.minecraftforge.fml.config.ConfigTracker/CONFIG]: Config file brewinandchewin-client.toml for brewinandchewin tracking
[255月2025 13:35:27.755] [modloading-worker-0/DEBUG] [net.minecraftforge.fml.config.ConfigTracker/CONFIG]: Config file farmersdelight-common.toml for farmersdelight tracking
[255月2025 13:35:27.757] [modloading-worker-0/DEBUG] [net.minecraftforge.fml.config.ConfigTracker/CONFIG]: Config file farmersdelight-client.toml for farmersdelight tracking
[255月2025 13:35:27.756] [modloading-worker-0/DEBUG] [net.minecraftforge.fml.config.ConfigTracker/CONFIG]: Config file sophisticatedcore-client.toml for sophisticatedcore tracking
[255月2025 13:35:27.758] [modloading-worker-0/DEBUG] [net.minecraftforge.fml.config.ConfigTracker/CONFIG]: Config file farmersrespite-common.toml for farmersrespite tracking
[255月2025 13:35:27.770] [modloading-worker-0/DEBUG] [net.minecraftforge.fml.config.ConfigTracker/CONFIG]: Config file theoneprobe-client.toml for theoneprobe tracking
[255月2025 13:35:27.770] [modloading-worker-0/DEBUG] [net.minecraftforge.fml.config.ConfigTracker/CONFIG]: Config file theoneprobe-common.toml for theoneprobe tracking
[255月2025 13:35:27.815] [modloading-worker-0/DEBUG] [mixin/]: Mixing PreventTaggedEffectRemovalMixin$MilkBottle from brewinandchewin.mixins.json into vectorwing.farmersdelight.common.item.MilkBottleItem
[255月2025 13:35:27.820] [modloading-worker-0/DEBUG] [net.minecraftforge.coremod.transformer.CoreModBaseTransformer/COREMOD]: Transforming net/minecraft/world/effect/MobEffectInstance
[255月2025 13:35:27.822] [modloading-worker-0/DEBUG] [mixin/]: Renaming synthetic method lambda$brewinandchewin$preventIntoxicationRemoval$0(Lnet/minecraft/world/effect/MobEffectInstance;)Z to md01afea$lambda$brewinandchewin$preventIntoxicationRemoval$0$0 in brewinandchewin.mixins.json:PreventTaggedEffectRemovalMixin$MilkBottle
[255月2025 13:35:27.843] [modloading-worker-0/DEBUG] [mixin/]: Mixing ReloadableServerResourcesMixin from kiwi.mixins.json into net.minecraft.server.ReloadableServerResources
[255月2025 13:35:27.844] [modloading-worker-0/DEBUG] [mixin/]: kiwi.mixins.json:ReloadableServerResourcesMixin: Class version 61 required is higher than the class version supported by the current version of Mixin (JAVA_16 supports class version 60)
[255月2025 13:35:27.854] [modloading-worker-0/DEBUG] [mixin/]: Mixing CanvasSignEditScreenMixin from farmersdelight.mixins.json into net.minecraft.client.player.LocalPlayer
[255月2025 13:35:27.860] [modloading-worker-0/DEBUG] [mixin/]: Mixing ClientLocalPlayerMixin from l2library.mixins.json into net.minecraft.client.player.LocalPlayer
[255月2025 13:35:27.860] [modloading-worker-0/DEBUG] [mixin/]: l2library.mixins.json:ClientLocalPlayerMixin: Class version 61 required is higher than the class version supported by the current version of Mixin (JAVA_16 supports class version 60)
[255月2025 13:35:27.892] [modloading-worker-0/DEBUG] [mixin/]: Mixing CuttingBoardBlockMixin from barbequesdelight.mixins.json into vectorwing.farmersdelight.common.block.CuttingBoardBlock
[255月2025 13:35:27.917] [modloading-worker-0/DEBUG] [mixin/]: Mixing client.ScreenMixin from kiwi.mixins.json into net.minecraft.client.gui.screens.Screen
[255月2025 13:35:27.917] [modloading-worker-0/DEBUG] [mixin/]: kiwi.mixins.json:client.ScreenMixin: Class version 61 required is higher than the class version supported by the current version of Mixin (JAVA_16 supports class version 60)
[255月2025 13:35:27.926] [modloading-worker-0/DEBUG] [net.minecraftforge.fml.config.ConfigTracker/CONFIG]: Config file curios-client.toml for curios tracking
[255月2025 13:35:27.932] [modloading-worker-0/DEBUG] [mixin/]: Mixing client.AccessorScreen from patchouli_xplat.mixins.json into net.minecraft.client.gui.screens.Screen
[255月2025 13:35:27.964] [modloading-worker-0/DEBUG] [net.minecraftforge.fml.config.ConfigTracker/CONFIG]: Config file curios-server.toml for curios tracking
[255月2025 13:35:27.964] [modloading-worker-0/DEBUG] [net.minecraftforge.fml.javafmlmod.AutomaticEventSubscriber/LOADING]: Attempting to inject @EventBusSubscriber classes into the eventbus for curios
[255月2025 13:35:27.965] [modloading-worker-0/DEBUG] [net.minecraftforge.fml.javafmlmod.AutomaticEventSubscriber/LOADING]: Auto-subscribing top.theillusivec4.curios.Curios$ClientProxy to MOD
[255月2025 13:35:27.965] [modloading-worker-0/DEBUG] [net.minecraftforge.fml.javafmlmod.AutomaticEventSubscriber/LOADING]: Attempting to inject @EventBusSubscriber classes into the eventbus for theoneprobe
[255月2025 13:35:27.969] [modloading-worker-0/DEBUG] [net.minecraftforge.fml.javafmlmod.AutomaticEventSubscriber/LOADING]: Auto-subscribing mcjty.theoneprobe.config.ConfigReload to MOD
[255月2025 13:35:27.969] [modloading-worker-0/DEBUG] [mixin/]: Mixing client.LivingEntityRendererMixin from touhou_little_maid.mixins.json into net.minecraft.client.renderer.entity.LivingEntityRenderer
[255月2025 13:35:27.985] [modloading-worker-0/DEBUG] [mixin/]: Mixing client.AccessorKeyMapping from patchouli_xplat.mixins.json into net.minecraft.client.KeyMapping
[255月2025 13:35:27.985] [modloading-worker-0/DEBUG] [mixin/]: Renaming @Accessor method getAllKeyMappings()Ljava/util/Map; to getAllKeyMappings_$md$01afea$0 in patchouli_xplat.mixins.json:client.AccessorKeyMapping
[255月2025 13:35:27.989] [modloading-worker-0/INFO] [snownee.kiwi.Kiwi/INIT]: Processing 2 KiwiModule annotations
[255月2025 13:35:27.996] [modloading-worker-0/DEBUG] [mixin/]: Mixing RecipeManagerMixin from kiwi.mixins.json into net.minecraft.world.item.crafting.RecipeManager
[255月2025 13:35:27.997] [modloading-worker-0/DEBUG] [mixin/]: kiwi.mixins.json:RecipeManagerMixin: Class version 61 required is higher than the class version supported by the current version of Mixin (JAVA_16 supports class version 60)
[255月2025 13:35:27.999] [modloading-worker-0/DEBUG] [mixin/]: Mixing RecipeManagerAccess from kiwi.mixins.json into net.minecraft.world.item.crafting.RecipeManager
[255月2025 13:35:27.999] [modloading-worker-0/DEBUG] [mixin/]: kiwi.mixins.json:RecipeManagerAccess: Class version 61 required is higher than the class version supported by the current version of Mixin (JAVA_16 supports class version 60)
[255月2025 13:35:28.003] [modloading-worker-0/DEBUG] [mixin/]: Mixing accessor.RecipeManagerAccessor from farmersdelight.mixins.json into net.minecraft.world.item.crafting.RecipeManager
[255月2025 13:35:28.010] [modloading-worker-0/DEBUG] [mixin/]: Mixing RecipeManagerAccessor from drinkbeer.mixins.json into net.minecraft.world.item.crafting.RecipeManager
[255月2025 13:35:28.011] [modloading-worker-0/DEBUG] [mixin/]: drinkbeer.mixins.json:RecipeManagerAccessor: Class version 61 required is higher than the class version supported by the current version of Mixin (JAVA_16 supports class version 60)
[255月2025 13:35:28.041] [modloading-worker-0/DEBUG] [net.minecraftforge.fml.javafmlmod.AutomaticEventSubscriber/LOADING]: Auto-subscribing mcjty.theoneprobe.TheOneProbe to MOD
[255月2025 13:35:28.063] [modloading-worker-0/DEBUG] [net.minecraftforge.fml.config.ConfigTracker/CONFIG]: Config file sophisticatedstorage-server.toml for sophisticatedstorage tracking
[255月2025 13:35:28.064] [modloading-worker-0/DEBUG] [net.minecraftforge.fml.config.ConfigTracker/CONFIG]: Config file sophisticatedstorage-client.toml for sophisticatedstorage tracking
[255月2025 13:35:28.063] [modloading-worker-0/DEBUG] [mixin/]: Mixing MixinClientLevel from architectury.mixins.json into net.minecraft.client.multiplayer.ClientLevel
[255月2025 13:35:28.064] [modloading-worker-0/DEBUG] [net.minecraftforge.fml.config.ConfigTracker/CONFIG]: Config file sophisticatedstorage-common.toml for sophisticatedstorage tracking
[255月2025 13:35:28.065] [modloading-worker-0/DEBUG] [net.minecraftforge.fml.config.ConfigTracker/CONFIG]: Config file patchouli-client.toml for patchouli tracking
[255月2025 13:35:28.111] [modloading-worker-0/DEBUG] [com.tterrag.registrate.AbstractRegistrate/REGISTRATE.REGISTER]: Captured registration for entry youkaishomecoming:youkais_homecoming of type minecraft:creative_mode_tab
[255月2025 13:35:28.112] [modloading-worker-0/DEBUG] [net.minecraftforge.fml.javafmlmod.AutomaticEventSubscriber/LOADING]: Attempting to inject @EventBusSubscriber classes into the eventbus for patchouli
[255月2025 13:35:28.112] [modloading-worker-0/DEBUG] [net.minecraftforge.fml.javafmlmod.AutomaticEventSubscriber/LOADING]: Auto-subscribing vazkii.patchouli.forge.common.ForgeModInitializer to MOD
[255月2025 13:35:28.119] [modloading-worker-0/DEBUG] [net.minecraftforge.fml.javafmlmod.AutomaticEventSubscriber/LOADING]: Auto-subscribing vazkii.patchouli.forge.client.ForgeClientInitializer to MOD
[255月2025 13:35:28.125] [modloading-worker-0/DEBUG] [mixin/]: Mixing MixinLevelEvent from architectury.mixins.json into net.minecraftforge.event.level.LevelEvent
[255月2025 13:35:28.127] [modloading-worker-0/WARN] [net.minecraftforge.common.ForgeConfigSpec/CORE]: Configuration file G:\mc-mods\maidsoulkitchen\MaidsoulKitchen-1.20.1\run-data\config\simplefarming.toml is not correct. Correcting
[255月2025 13:35:28.128] [modloading-worker-0/WARN] [net.minecraftforge.common.ForgeConfigSpec/CORE]: Incorrect key Hunger values was corrected from null to its default, SimpleCommentedConfig:{}. 
[255月2025 13:35:28.128] [modloading-worker-0/WARN] [net.minecraftforge.common.ForgeConfigSpec/CORE]: Incorrect key Hunger values.berry (default = 2) was corrected from null to its default, 2. 
[255月2025 13:35:28.128] [modloading-worker-0/DEBUG] [net.minecraftforge.common.ForgeConfigSpec/CORE]: The comment on key Hunger values.berry (default = 2) does not match the spec. This may create a backup.
[255月2025 13:35:28.128] [modloading-worker-0/WARN] [net.minecraftforge.common.ForgeConfigSpec/CORE]: Incorrect key Hunger values.fruit (default = 4) was corrected from null to its default, 4. 
[255月2025 13:35:28.128] [modloading-worker-0/DEBUG] [net.minecraftforge.common.ForgeConfigSpec/CORE]: The comment on key Hunger values.fruit (default = 4) does not match the spec. This may create a backup.
[255月2025 13:35:28.128] [modloading-worker-0/WARN] [net.minecraftforge.common.ForgeConfigSpec/CORE]: Incorrect key Hunger values.gourd_slice (default = 2) was corrected from null to its default, 2. 
[255月2025 13:35:28.128] [modloading-worker-0/DEBUG] [net.minecraftforge.common.ForgeConfigSpec/CORE]: The comment on key Hunger values.gourd_slice (default = 2) does not match the spec. This may create a backup.
[255月2025 13:35:28.129] [modloading-worker-0/WARN] [net.minecraftforge.common.ForgeConfigSpec/CORE]: Incorrect key Hunger values.cassava (default = 3) was corrected from null to its default, 3. 
[255月2025 13:35:28.129] [modloading-worker-0/DEBUG] [net.minecraftforge.common.ForgeConfigSpec/CORE]: The comment on key Hunger values.cassava (default = 3) does not match the spec. This may create a backup.
[255月2025 13:35:28.129] [modloading-worker-0/WARN] [net.minecraftforge.common.ForgeConfigSpec/CORE]: Incorrect key Hunger values.corn (default = 6) was corrected from null to its default, 6. 
[255月2025 13:35:28.129] [modloading-worker-0/DEBUG] [net.minecraftforge.common.ForgeConfigSpec/CORE]: The comment on key Hunger values.corn (default = 6) does not match the spec. This may create a backup.
[255月2025 13:35:28.129] [modloading-worker-0/WARN] [net.minecraftforge.common.ForgeConfigSpec/CORE]: Incorrect key Hunger values.cucumber (default = 3) was corrected from null to its default, 3. 
[255月2025 13:35:28.129] [modloading-worker-0/DEBUG] [net.minecraftforge.common.ForgeConfigSpec/CORE]: The comment on key Hunger values.cucumber (default = 3) does not match the spec. This may create a backup.
[255月2025 13:35:28.129] [modloading-worker-0/WARN] [net.minecraftforge.common.ForgeConfigSpec/CORE]: Incorrect key Hunger values.eggplant (default = 3) was corrected from null to its default, 3. 
[255月2025 13:35:28.129] [modloading-worker-0/DEBUG] [net.minecraftforge.common.ForgeConfigSpec/CORE]: The comment on key Hunger values.eggplant (default = 3) does not match the spec. This may create a backup.
[255月2025 13:35:28.129] [modloading-worker-0/WARN] [net.minecraftforge.common.ForgeConfigSpec/CORE]: Incorrect key Hunger values.ginger (default = 2) was corrected from null to its default, 2. 
[255月2025 13:35:28.129] [modloading-worker-0/DEBUG] [net.minecraftforge.common.ForgeConfigSpec/CORE]: The comment on key Hunger values.ginger (default = 2) does not match the spec. This may create a backup.
[255月2025 13:35:28.129] [modloading-worker-0/WARN] [net.minecraftforge.common.ForgeConfigSpec/CORE]: Incorrect key Hunger values.onion (default = 3) was corrected from null to its default, 3. 
[255月2025 13:35:28.129] [modloading-worker-0/DEBUG] [net.minecraftforge.common.ForgeConfigSpec/CORE]: The comment on key Hunger values.onion (default = 3) does not match the spec. This may create a backup.
[255月2025 13:35:28.130] [modloading-worker-0/WARN] [net.minecraftforge.common.ForgeConfigSpec/CORE]: Incorrect key Hunger values.peanut (default = 1) was corrected from null to its default, 1. 
[255月2025 13:35:28.130] [modloading-worker-0/DEBUG] [net.minecraftforge.common.ForgeConfigSpec/CORE]: The comment on key Hunger values.peanut (default = 1) does not match the spec. This may create a backup.
[255月2025 13:35:28.130] [modloading-worker-0/WARN] [net.minecraftforge.common.ForgeConfigSpec/CORE]: Incorrect key Hunger values.pepper (default = 2) was corrected from null to its default, 2. 
[255月2025 13:35:28.130] [modloading-worker-0/DEBUG] [net.minecraftforge.common.ForgeConfigSpec/CORE]: The comment on key Hunger values.pepper (default = 2) does not match the spec. This may create a backup.
[255月2025 13:35:28.130] [modloading-worker-0/WARN] [net.minecraftforge.common.ForgeConfigSpec/CORE]: Incorrect key Hunger values.pea_pod (default = 2) was corrected from null to its default, 2. 
[255月2025 13:35:28.130] [modloading-worker-0/DEBUG] [net.minecraftforge.common.ForgeConfigSpec/CORE]: The comment on key Hunger values.pea_pod (default = 2) does not match the spec. This may create a backup.
[255月2025 13:35:28.130] [modloading-worker-0/WARN] [net.minecraftforge.common.ForgeConfigSpec/CORE]: Incorrect key Hunger values.radish (default = 1) was corrected from null to its default, 1. 
[255月2025 13:35:28.130] [modloading-worker-0/DEBUG] [net.minecraftforge.common.ForgeConfigSpec/CORE]: The comment on key Hunger values.radish (default = 1) does not match the spec. This may create a backup.
[255月2025 13:35:28.131] [modloading-worker-0/WARN] [net.minecraftforge.common.ForgeConfigSpec/CORE]: Incorrect key Hunger values.soybean (default = 2) was corrected from null to its default, 2. 
[255月2025 13:35:28.131] [modloading-worker-0/DEBUG] [net.minecraftforge.common.ForgeConfigSpec/CORE]: The comment on key Hunger values.soybean (default = 2) does not match the spec. This may create a backup.
[255月2025 13:35:28.131] [modloading-worker-0/WARN] [net.minecraftforge.common.ForgeConfigSpec/CORE]: Incorrect key Hunger values.sorghum (default = 4) was corrected from null to its default, 4. 
[255月2025 13:35:28.131] [modloading-worker-0/DEBUG] [net.minecraftforge.common.ForgeConfigSpec/CORE]: The comment on key Hunger values.sorghum (default = 4) does not match the spec. This may create a backup.
[255月2025 13:35:28.131] [modloading-worker-0/WARN] [net.minecraftforge.common.ForgeConfigSpec/CORE]: Incorrect key Hunger values.salad_greens (default = 2) was corrected from null to its default, 2. 
[255月2025 13:35:28.131] [modloading-worker-0/DEBUG] [net.minecraftforge.common.ForgeConfigSpec/CORE]: The comment on key Hunger values.salad_greens (default = 2) does not match the spec. This may create a backup.
[255月2025 13:35:28.131] [modloading-worker-0/WARN] [net.minecraftforge.common.ForgeConfigSpec/CORE]: Incorrect key Hunger values.tomato (default = 3) was corrected from null to its default, 3. 
[255月2025 13:35:28.131] [modloading-worker-0/DEBUG] [net.minecraftforge.common.ForgeConfigSpec/CORE]: The comment on key Hunger values.tomato (default = 3) does not match the spec. This may create a backup.
[255月2025 13:35:28.132] [modloading-worker-0/WARN] [net.minecraftforge.common.ForgeConfigSpec/CORE]: Incorrect key Hunger values.turnip (default = 2) was corrected from null to its default, 2. 
[255月2025 13:35:28.132] [modloading-worker-0/DEBUG] [net.minecraftforge.common.ForgeConfigSpec/CORE]: The comment on key Hunger values.turnip (default = 2) does not match the spec. This may create a backup.
[255月2025 13:35:28.132] [modloading-worker-0/WARN] [net.minecraftforge.common.ForgeConfigSpec/CORE]: Incorrect key Hunger values.sweet_potato (default = 2) was corrected from null to its default, 2. 
[255月2025 13:35:28.132] [modloading-worker-0/DEBUG] [net.minecraftforge.common.ForgeConfigSpec/CORE]: The comment on key Hunger values.sweet_potato (default = 2) does not match the spec. This may create a backup.
[255月2025 13:35:28.132] [modloading-worker-0/WARN] [net.minecraftforge.common.ForgeConfigSpec/CORE]: Incorrect key Hunger values.seeds (default = 1) was corrected from null to its default, 1. 
[255月2025 13:35:28.132] [modloading-worker-0/DEBUG] [net.minecraftforge.common.ForgeConfigSpec/CORE]: The comment on key Hunger values.seeds (default = 1) does not match the spec. This may create a backup.
[255月2025 13:35:28.132] [modloading-worker-0/WARN] [net.minecraftforge.common.ForgeConfigSpec/CORE]: Incorrect key Hunger values.zucchini (default = 3) was corrected from null to its default, 3. 
[255月2025 13:35:28.133] [modloading-worker-0/DEBUG] [net.minecraftforge.common.ForgeConfigSpec/CORE]: The comment on key Hunger values.zucchini (default = 3) does not match the spec. This may create a backup.
[255月2025 13:35:28.133] [modloading-worker-0/WARN] [net.minecraftforge.common.ForgeConfigSpec/CORE]: Incorrect key Hunger values.broccoli (default = 3) was corrected from null to its default, 3. 
[255月2025 13:35:28.133] [modloading-worker-0/DEBUG] [net.minecraftforge.common.ForgeConfigSpec/CORE]: The comment on key Hunger values.broccoli (default = 3) does not match the spec. This may create a backup.
[255月2025 13:35:28.133] [modloading-worker-0/WARN] [net.minecraftforge.common.ForgeConfigSpec/CORE]: Incorrect key Hunger values.olives (default = 2) was corrected from null to its default, 2. 
[255月2025 13:35:28.133] [modloading-worker-0/DEBUG] [net.minecraftforge.common.ForgeConfigSpec/CORE]: The comment on key Hunger values.olives (default = 2) does not match the spec. This may create a backup.
[255月2025 13:35:28.133] [modloading-worker-0/WARN] [net.minecraftforge.common.ForgeConfigSpec/CORE]: Incorrect key Hunger values.golden_habanero (default = 2) was corrected from null to its default, 2. 
[255月2025 13:35:28.134] [modloading-worker-0/DEBUG] [net.minecraftforge.common.ForgeConfigSpec/CORE]: The comment on key Hunger values.golden_habanero (default = 2) does not match the spec. This may create a backup.
[255月2025 13:35:28.134] [modloading-worker-0/WARN] [net.minecraftforge.common.ForgeConfigSpec/CORE]: Incorrect key Hunger values.berry_pie (default = 4) was corrected from null to its default, 4. 
[255月2025 13:35:28.134] [modloading-worker-0/DEBUG] [net.minecraftforge.common.ForgeConfigSpec/CORE]: The comment on key Hunger values.berry_pie (default = 4) does not match the spec. This may create a backup.
[255月2025 13:35:28.134] [modloading-worker-0/WARN] [net.minecraftforge.common.ForgeConfigSpec/CORE]: Incorrect key Hunger values.fruit_pie (default = 6) was corrected from null to its default, 6. 
[255月2025 13:35:28.134] [modloading-worker-0/DEBUG] [net.minecraftforge.common.ForgeConfigSpec/CORE]: The comment on key Hunger values.fruit_pie (default = 6) does not match the spec. This may create a backup.
[255月2025 13:35:28.134] [modloading-worker-0/WARN] [net.minecraftforge.common.ForgeConfigSpec/CORE]: Incorrect key Hunger values.baked_sweet_potato (default = 6) was corrected from null to its default, 6. 
[255月2025 13:35:28.134] [modloading-worker-0/DEBUG] [net.minecraftforge.common.ForgeConfigSpec/CORE]: The comment on key Hunger values.baked_sweet_potato (default = 6) does not match the spec. This may create a backup.
[255月2025 13:35:28.134] [modloading-worker-0/WARN] [net.minecraftforge.common.ForgeConfigSpec/CORE]: Incorrect key Hunger values.banana_bread (default = 7) was corrected from null to its default, 7. 
[255月2025 13:35:28.134] [modloading-worker-0/DEBUG] [net.minecraftforge.common.ForgeConfigSpec/CORE]: The comment on key Hunger values.banana_bread (default = 7) does not match the spec. This may create a backup.
[255月2025 13:35:28.134] [modloading-worker-0/WARN] [net.minecraftforge.common.ForgeConfigSpec/CORE]: Incorrect key Hunger values.blt (default = 14) was corrected from null to its default, 14. 
[255月2025 13:35:28.134] [modloading-worker-0/DEBUG] [net.minecraftforge.common.ForgeConfigSpec/CORE]: The comment on key Hunger values.blt (default = 14) does not match the spec. This may create a backup.
[255月2025 13:35:28.134] [modloading-worker-0/WARN] [net.minecraftforge.common.ForgeConfigSpec/CORE]: Incorrect key Hunger values.caesar_salad (default = 11) was corrected from null to its default, 11. 
[255月2025 13:35:28.134] [modloading-worker-0/DEBUG] [net.minecraftforge.common.ForgeConfigSpec/CORE]: The comment on key Hunger values.caesar_salad (default = 11) does not match the spec. This may create a backup.
[255月2025 13:35:28.134] [modloading-worker-0/WARN] [net.minecraftforge.common.ForgeConfigSpec/CORE]: Incorrect key Hunger values.cassava_cake (default = 5) was corrected from null to its default, 5. 
[255月2025 13:35:28.134] [modloading-worker-0/DEBUG] [net.minecraftforge.common.ForgeConfigSpec/CORE]: The comment on key Hunger values.cassava_cake (default = 5) does not match the spec. This may create a backup.
[255月2025 13:35:28.134] [modloading-worker-0/WARN] [net.minecraftforge.common.ForgeConfigSpec/CORE]: Incorrect key Hunger values.cheese_slice (default = 3) was corrected from null to its default, 3. 
[255月2025 13:35:28.134] [modloading-worker-0/DEBUG] [net.minecraftforge.common.ForgeConfigSpec/CORE]: The comment on key Hunger values.cheese_slice (default = 3) does not match the spec. This may create a backup.
[255月2025 13:35:28.134] [modloading-worker-0/WARN] [net.minecraftforge.common.ForgeConfigSpec/CORE]: Incorrect key Hunger values.cheese_burger (default = 21) was corrected from null to its default, 21. 
[255月2025 13:35:28.134] [modloading-worker-0/DEBUG] [net.minecraftforge.common.ForgeConfigSpec/CORE]: The comment on key Hunger values.cheese_burger (default = 21) does not match the spec. This may create a backup.
[255月2025 13:35:28.134] [modloading-worker-0/WARN] [net.minecraftforge.common.ForgeConfigSpec/CORE]: Incorrect key Hunger values.chicken_parmesan (default = 15) was corrected from null to its default, 15. 
[255月2025 13:35:28.134] [modloading-worker-0/DEBUG] [net.minecraftforge.common.ForgeConfigSpec/CORE]: The comment on key Hunger values.chicken_parmesan (default = 15) does not match the spec. This may create a backup.
[255月2025 13:35:28.134] [modloading-worker-0/WARN] [net.minecraftforge.common.ForgeConfigSpec/CORE]: Incorrect key Hunger values.chili (default = 13) was corrected from null to its default, 13. 
[255月2025 13:35:28.134] [modloading-worker-0/DEBUG] [net.minecraftforge.common.ForgeConfigSpec/CORE]: The comment on key Hunger values.chili (default = 13) does not match the spec. This may create a backup.
[255月2025 13:35:28.134] [modloading-worker-0/WARN] [net.minecraftforge.common.ForgeConfigSpec/CORE]: Incorrect key Hunger values.chocolate (default = 3) was corrected from null to its default, 3. 
[255月2025 13:35:28.134] [modloading-worker-0/DEBUG] [net.minecraftforge.common.ForgeConfigSpec/CORE]: The comment on key Hunger values.chocolate (default = 3) does not match the spec. This may create a backup.
[255月2025 13:35:28.135] [modloading-worker-0/WARN] [net.minecraftforge.common.ForgeConfigSpec/CORE]: Incorrect key Hunger values.cooked_bacon (default = 4) was corrected from null to its default, 4. 
[255月2025 13:35:28.135] [modloading-worker-0/DEBUG] [net.minecraftforge.common.ForgeConfigSpec/CORE]: The comment on key Hunger values.cooked_bacon (default = 4) does not match the spec. This may create a backup.
[255月2025 13:35:28.135] [modloading-worker-0/WARN] [net.minecraftforge.common.ForgeConfigSpec/CORE]: Incorrect key Hunger values.cooked_chicken_wings (default = 3) was corrected from null to its default, 3. 
[255月2025 13:35:28.135] [modloading-worker-0/DEBUG] [net.minecraftforge.common.ForgeConfigSpec/CORE]: The comment on key Hunger values.cooked_chicken_wings (default = 3) does not match the spec. This may create a backup.
[255月2025 13:35:28.135] [modloading-worker-0/WARN] [net.minecraftforge.common.ForgeConfigSpec/CORE]: Incorrect key Hunger values.cooked_egg (default = 5) was corrected from null to its default, 5. 
[255月2025 13:35:28.135] [modloading-worker-0/DEBUG] [net.minecraftforge.common.ForgeConfigSpec/CORE]: The comment on key Hunger values.cooked_egg (default = 5) does not match the spec. This may create a backup.
[255月2025 13:35:28.135] [modloading-worker-0/WARN] [net.minecraftforge.common.ForgeConfigSpec/CORE]: Incorrect key Hunger values.cooked_sausage (default = 4) was corrected from null to its default, 4. 
[255月2025 13:35:28.135] [modloading-worker-0/DEBUG] [net.minecraftforge.common.ForgeConfigSpec/CORE]: The comment on key Hunger values.cooked_sausage (default = 4) does not match the spec. This may create a backup.
[255月2025 13:35:28.135] [modloading-worker-0/WARN] [net.minecraftforge.common.ForgeConfigSpec/CORE]: Incorrect key Hunger values.corn_salad (default = 9) was corrected from null to its default, 9. 
[255月2025 13:35:28.135] [modloading-worker-0/DEBUG] [net.minecraftforge.common.ForgeConfigSpec/CORE]: The comment on key Hunger values.corn_salad (default = 9) does not match the spec. This may create a backup.
[255月2025 13:35:28.135] [modloading-worker-0/WARN] [net.minecraftforge.common.ForgeConfigSpec/CORE]: Incorrect key Hunger values.corn_bread (default = 7) was corrected from null to its default, 7. 
[255月2025 13:35:28.135] [modloading-worker-0/DEBUG] [net.minecraftforge.common.ForgeConfigSpec/CORE]: The comment on key Hunger values.corn_bread (default = 7) does not match the spec. This may create a backup.
[255月2025 13:35:28.135] [modloading-worker-0/WARN] [net.minecraftforge.common.ForgeConfigSpec/CORE]: Incorrect key Hunger values.cucumber_soup (default = 6) was corrected from null to its default, 6. 
[255月2025 13:35:28.136] [modloading-worker-0/DEBUG] [net.minecraftforge.common.ForgeConfigSpec/CORE]: The comment on key Hunger values.cucumber_soup (default = 6) does not match the spec. This may create a backup.
[255月2025 13:35:28.136] [modloading-worker-0/WARN] [net.minecraftforge.common.ForgeConfigSpec/CORE]: Incorrect key Hunger values.egg_sandwich (default = 14) was corrected from null to its default, 14. 
[255月2025 13:35:28.136] [modloading-worker-0/DEBUG] [net.minecraftforge.common.ForgeConfigSpec/CORE]: The comment on key Hunger values.egg_sandwich (default = 14) does not match the spec. This may create a backup.
[255月2025 13:35:28.136] [modloading-worker-0/WARN] [net.minecraftforge.common.ForgeConfigSpec/CORE]: Incorrect key Hunger values.eggplant_parmesan (default = 16) was corrected from null to its default, 16. 
[255月2025 13:35:28.137] [modloading-worker-0/DEBUG] [net.minecraftforge.common.ForgeConfigSpec/CORE]: The comment on key Hunger values.eggplant_parmesan (default = 16) does not match the spec. This may create a backup.
[255月2025 13:35:28.137] [modloading-worker-0/WARN] [net.minecraftforge.common.ForgeConfigSpec/CORE]: Incorrect key Hunger values.fish_fillet (default = 8) was corrected from null to its default, 8. 
[255月2025 13:35:28.137] [modloading-worker-0/DEBUG] [net.minecraftforge.common.ForgeConfigSpec/CORE]: The comment on key Hunger values.fish_fillet (default = 8) does not match the spec. This may create a backup.
[255月2025 13:35:28.137] [modloading-worker-0/WARN] [net.minecraftforge.common.ForgeConfigSpec/CORE]: Incorrect key Hunger values.fish_sandwich (default = 15) was corrected from null to its default, 15. 
[255月2025 13:35:28.137] [modloading-worker-0/DEBUG] [net.minecraftforge.common.ForgeConfigSpec/CORE]: The comment on key Hunger values.fish_sandwich (default = 15) does not match the spec. This may create a backup.
[255月2025 13:35:28.137] [modloading-worker-0/WARN] [net.minecraftforge.common.ForgeConfigSpec/CORE]: Incorrect key Hunger values.fried_calamari (default = 5) was corrected from null to its default, 5. 
[255月2025 13:35:28.137] [modloading-worker-0/DEBUG] [net.minecraftforge.common.ForgeConfigSpec/CORE]: The comment on key Hunger values.fried_calamari (default = 5) does not match the spec. This may create a backup.
[255月2025 13:35:28.137] [modloading-worker-0/WARN] [net.minecraftforge.common.ForgeConfigSpec/CORE]: Incorrect key Hunger values.fruit_salad (default = 8) was corrected from null to its default, 8. 
[255月2025 13:35:28.137] [modloading-worker-0/DEBUG] [net.minecraftforge.common.ForgeConfigSpec/CORE]: The comment on key Hunger values.fruit_salad (default = 8) does not match the spec. This may create a backup.
[255月2025 13:35:28.137] [modloading-worker-0/WARN] [net.minecraftforge.common.ForgeConfigSpec/CORE]: Incorrect key Hunger values.hamburger (default = 18) was corrected from null to its default, 18. 
[255月2025 13:35:28.137] [modloading-worker-0/DEBUG] [net.minecraftforge.common.ForgeConfigSpec/CORE]: The comment on key Hunger values.hamburger (default = 18) does not match the spec. This may create a backup.
[255月2025 13:35:28.137] [modloading-worker-0/WARN] [net.minecraftforge.common.ForgeConfigSpec/CORE]: Incorrect key Hunger values.hotdog (default = 9) was corrected from null to its default, 9. 
[255月2025 13:35:28.137] [modloading-worker-0/DEBUG] [net.minecraftforge.common.ForgeConfigSpec/CORE]: The comment on key Hunger values.hotdog (default = 9) does not match the spec. This may create a backup.
[255月2025 13:35:28.137] [modloading-worker-0/WARN] [net.minecraftforge.common.ForgeConfigSpec/CORE]: Incorrect key Hunger values.jaffa_cake (default = 8) was corrected from null to its default, 8. 
[255月2025 13:35:28.137] [modloading-worker-0/DEBUG] [net.minecraftforge.common.ForgeConfigSpec/CORE]: The comment on key Hunger values.jaffa_cake (default = 8) does not match the spec. This may create a backup.
[255月2025 13:35:28.137] [modloading-worker-0/WARN] [net.minecraftforge.common.ForgeConfigSpec/CORE]: Incorrect key Hunger values.lasagna (default = 24) was corrected from null to its default, 24. 
[255月2025 13:35:28.137] [modloading-worker-0/DEBUG] [net.minecraftforge.common.ForgeConfigSpec/CORE]: The comment on key Hunger values.lasagna (default = 24) does not match the spec. This may create a backup.
[255月2025 13:35:28.137] [modloading-worker-0/WARN] [net.minecraftforge.common.ForgeConfigSpec/CORE]: Incorrect key Hunger values.mac_and_cheese (default = 10) was corrected from null to its default, 10. 
[255月2025 13:35:28.137] [modloading-worker-0/DEBUG] [net.minecraftforge.common.ForgeConfigSpec/CORE]: The comment on key Hunger values.mac_and_cheese (default = 10) does not match the spec. This may create a backup.
[255月2025 13:35:28.137] [modloading-worker-0/WARN] [net.minecraftforge.common.ForgeConfigSpec/CORE]: Incorrect key Hunger values.oatmeal (default = 3) was corrected from null to its default, 3. 
[255月2025 13:35:28.137] [modloading-worker-0/DEBUG] [net.minecraftforge.common.ForgeConfigSpec/CORE]: The comment on key Hunger values.oatmeal (default = 3) does not match the spec. This may create a backup.
[255月2025 13:35:28.137] [modloading-worker-0/WARN] [net.minecraftforge.common.ForgeConfigSpec/CORE]: Incorrect key Hunger values.onion_soup (default = 6) was corrected from null to its default, 6. 
[255月2025 13:35:28.137] [modloading-worker-0/DEBUG] [net.minecraftforge.common.ForgeConfigSpec/CORE]: The comment on key Hunger values.onion_soup (default = 6) does not match the spec. This may create a backup.
[255月2025 13:35:28.137] [modloading-worker-0/WARN] [net.minecraftforge.common.ForgeConfigSpec/CORE]: Incorrect key Hunger values.pancakes (default = 4) was corrected from null to its default, 4. 
[255月2025 13:35:28.137] [modloading-worker-0/DEBUG] [net.minecraftforge.common.ForgeConfigSpec/CORE]: The comment on key Hunger values.pancakes (default = 4) does not match the spec. This may create a backup.
[255月2025 13:35:28.137] [modloading-worker-0/WARN] [net.minecraftforge.common.ForgeConfigSpec/CORE]: Incorrect key Hunger values.pasta (default = 10) was corrected from null to its default, 10. 
[255月2025 13:35:28.137] [modloading-worker-0/DEBUG] [net.minecraftforge.common.ForgeConfigSpec/CORE]: The comment on key Hunger values.pasta (default = 10) does not match the spec. This may create a backup.
[255月2025 13:35:28.137] [modloading-worker-0/WARN] [net.minecraftforge.common.ForgeConfigSpec/CORE]: Incorrect key Hunger values.pickle (default = 5) was corrected from null to its default, 5. 
[255月2025 13:35:28.137] [modloading-worker-0/DEBUG] [net.minecraftforge.common.ForgeConfigSpec/CORE]: The comment on key Hunger values.pickle (default = 5) does not match the spec. This may create a backup.
[255月2025 13:35:28.139] [modloading-worker-0/WARN] [net.minecraftforge.common.ForgeConfigSpec/CORE]: Incorrect key Hunger values.pickled_beetroot (default = 3) was corrected from null to its default, 3. 
[255月2025 13:35:28.139] [modloading-worker-0/DEBUG] [net.minecraftforge.common.ForgeConfigSpec/CORE]: The comment on key Hunger values.pickled_beetroot (default = 3) does not match the spec. This may create a backup.
[255月2025 13:35:28.139] [modloading-worker-0/WARN] [net.minecraftforge.common.ForgeConfigSpec/CORE]: Incorrect key Hunger values.pizza (default = 10) was corrected from null to its default, 10. 
[255月2025 13:35:28.139] [modloading-worker-0/DEBUG] [mezz.jei.common.platform.Services/]: Loaded mezz.jei.forge.platform.PlatformHelper@39903b19 for service interface mezz.jei.common.platform.IPlatformHelper
[255月2025 13:35:28.139] [modloading-worker-0/DEBUG] [net.minecraftforge.common.ForgeConfigSpec/CORE]: The comment on key Hunger values.pizza (default = 10) does not match the spec. This may create a backup.
[255月2025 13:35:28.139] [modloading-worker-0/WARN] [net.minecraftforge.common.ForgeConfigSpec/CORE]: Incorrect key Hunger values.popcorn (default = 1) was corrected from null to its default, 1. 
[255月2025 13:35:28.139] [modloading-worker-0/DEBUG] [net.minecraftforge.common.ForgeConfigSpec/CORE]: The comment on key Hunger values.popcorn (default = 1) does not match the spec. This may create a backup.
[255月2025 13:35:28.139] [modloading-worker-0/WARN] [net.minecraftforge.common.ForgeConfigSpec/CORE]: Incorrect key Hunger values.pulled_pork_sandwich (default = 18) was corrected from null to its default, 18. 
[255月2025 13:35:28.139] [modloading-worker-0/DEBUG] [net.minecraftforge.common.ForgeConfigSpec/CORE]: The comment on key Hunger values.pulled_pork_sandwich (default = 18) does not match the spec. This may create a backup.
[255月2025 13:35:28.139] [modloading-worker-0/WARN] [net.minecraftforge.common.ForgeConfigSpec/CORE]: Incorrect key Hunger values.radish_soup (default = 6) was corrected from null to its default, 6. 
[255月2025 13:35:28.139] [modloading-worker-0/DEBUG] [net.minecraftforge.common.ForgeConfigSpec/CORE]: The comment on key Hunger values.radish_soup (default = 6) does not match the spec. This may create a backup.
[255月2025 13:35:28.139] [modloading-worker-0/WARN] [net.minecraftforge.common.ForgeConfigSpec/CORE]: Incorrect key Hunger values.raw_bacon (default = 2) was corrected from null to its default, 2. 
[255月2025 13:35:28.139] [modloading-worker-0/DEBUG] [net.minecraftforge.common.ForgeConfigSpec/CORE]: The comment on key Hunger values.raw_bacon (default = 2) does not match the spec. This may create a backup.
[255月2025 13:35:28.139] [modloading-worker-0/WARN] [net.minecraftforge.common.ForgeConfigSpec/CORE]: Incorrect key Hunger values.raw_calamari (default = 2) was corrected from null to its default, 2. 
[255月2025 13:35:28.139] [modloading-worker-0/DEBUG] [net.minecraftforge.common.ForgeConfigSpec/CORE]: The comment on key Hunger values.raw_calamari (default = 2) does not match the spec. This may create a backup.
[255月2025 13:35:28.139] [modloading-worker-0/WARN] [net.minecraftforge.common.ForgeConfigSpec/CORE]: Incorrect key Hunger values.raw_chicken_wings (default = 1) was corrected from null to its default, 1. 
[255月2025 13:35:28.139] [modloading-worker-0/DEBUG] [net.minecraftforge.common.ForgeConfigSpec/CORE]: The comment on key Hunger values.raw_chicken_wings (default = 1) does not match the spec. This may create a backup.
[255月2025 13:35:28.139] [modloading-worker-0/WARN] [net.minecraftforge.common.ForgeConfigSpec/CORE]: Incorrect key Hunger values.raw_sausage (default = 2) was corrected from null to its default, 2. 
[255月2025 13:35:28.139] [modloading-worker-0/DEBUG] [net.minecraftforge.common.ForgeConfigSpec/CORE]: The comment on key Hunger values.raw_sausage (default = 2) does not match the spec. This may create a backup.
[255月2025 13:35:28.139] [modloading-worker-0/WARN] [net.minecraftforge.common.ForgeConfigSpec/CORE]: Incorrect key Hunger values.rice_bowl (default = 3) was corrected from null to its default, 3. 
[255月2025 13:35:28.139] [modloading-worker-0/DEBUG] [net.minecraftforge.common.ForgeConfigSpec/CORE]: The comment on key Hunger values.rice_bowl (default = 3) does not match the spec. This may create a backup.
[255月2025 13:35:28.139] [modloading-worker-0/WARN] [net.minecraftforge.common.ForgeConfigSpec/CORE]: Incorrect key Hunger values.salad (default = 12) was corrected from null to its default, 12. 
[255月2025 13:35:28.139] [modloading-worker-0/DEBUG] [net.minecraftforge.common.ForgeConfigSpec/CORE]: The comment on key Hunger values.salad (default = 12) does not match the spec. This may create a backup.
[255月2025 13:35:28.139] [modloading-worker-0/WARN] [net.minecraftforge.common.ForgeConfigSpec/CORE]: Incorrect key Hunger values.sandwich (default = 16) was corrected from null to its default, 16. 
[255月2025 13:35:28.139] [modloading-worker-0/DEBUG] [net.minecraftforge.common.ForgeConfigSpec/CORE]: The comment on key Hunger values.sandwich (default = 16) does not match the spec. This may create a backup.
[255月2025 13:35:28.139] [modloading-worker-0/WARN] [net.minecraftforge.common.ForgeConfigSpec/CORE]: Incorrect key Hunger values.spaghetti (default = 10) was corrected from null to its default, 10. 
[255月2025 13:35:28.139] [modloading-worker-0/DEBUG] [net.minecraftforge.common.ForgeConfigSpec/CORE]: The comment on key Hunger values.spaghetti (default = 10) does not match the spec. This may create a backup.
[255月2025 13:35:28.139] [modloading-worker-0/WARN] [net.minecraftforge.common.ForgeConfigSpec/CORE]: Incorrect key Hunger values.spinach_mushroom_quiche (default = 10) was corrected from null to its default, 10. 
[255月2025 13:35:28.139] [modloading-worker-0/DEBUG] [net.minecraftforge.common.ForgeConfigSpec/CORE]: The comment on key Hunger values.spinach_mushroom_quiche (default = 10) does not match the spec. This may create a backup.
[255月2025 13:35:28.139] [modloading-worker-0/WARN] [net.minecraftforge.common.ForgeConfigSpec/CORE]: Incorrect key Hunger values.squash_casserole (default = 9) was corrected from null to its default, 9. 
[255月2025 13:35:28.139] [modloading-worker-0/DEBUG] [net.minecraftforge.common.ForgeConfigSpec/CORE]: The comment on key Hunger values.squash_casserole (default = 9) does not match the spec. This may create a backup.
[255月2025 13:35:28.139] [modloading-worker-0/WARN] [net.minecraftforge.common.ForgeConfigSpec/CORE]: Incorrect key Hunger values.sushi (default = 8) was corrected from null to its default, 8. 
[255月2025 13:35:28.140] [modloading-worker-0/DEBUG] [net.minecraftforge.common.ForgeConfigSpec/CORE]: The comment on key Hunger values.sushi (default = 8) does not match the spec. This may create a backup.
[255月2025 13:35:28.140] [modloading-worker-0/WARN] [net.minecraftforge.common.ForgeConfigSpec/CORE]: Incorrect key Hunger values.tofu (default = 6) was corrected from null to its default, 6. 
[255月2025 13:35:28.140] [modloading-worker-0/DEBUG] [net.minecraftforge.common.ForgeConfigSpec/CORE]: The comment on key Hunger values.tofu (default = 6) does not match the spec. This may create a backup.
[255月2025 13:35:28.140] [modloading-worker-0/WARN] [net.minecraftforge.common.ForgeConfigSpec/CORE]: Incorrect key Hunger values.tomato_soup (default = 6) was corrected from null to its default, 6. 
[255月2025 13:35:28.140] [modloading-worker-0/DEBUG] [net.minecraftforge.common.ForgeConfigSpec/CORE]: The comment on key Hunger values.tomato_soup (default = 6) does not match the spec. This may create a backup.
[255月2025 13:35:28.141] [modloading-worker-0/WARN] [net.minecraftforge.common.ForgeConfigSpec/CORE]: Incorrect key Hunger values.vegetable_medley (default = 6) was corrected from null to its default, 6. 
[255月2025 13:35:28.141] [modloading-worker-0/DEBUG] [net.minecraftforge.common.ForgeConfigSpec/CORE]: The comment on key Hunger values.vegetable_medley (default = 6) does not match the spec. This may create a backup.
[255月2025 13:35:28.141] [modloading-worker-0/WARN] [net.minecraftforge.common.ForgeConfigSpec/CORE]: Incorrect key Hunger values.veggie_burger (default = 16) was corrected from null to its default, 16. 
[255月2025 13:35:28.141] [modloading-worker-0/DEBUG] [net.minecraftforge.common.ForgeConfigSpec/CORE]: The comment on key Hunger values.veggie_burger (default = 16) does not match the spec. This may create a backup.
[255月2025 13:35:28.141] [modloading-worker-0/WARN] [net.minecraftforge.common.ForgeConfigSpec/CORE]: Incorrect key Hunger values.tofu_scramble (default = 12) was corrected from null to its default, 12. 
[255月2025 13:35:28.141] [modloading-worker-0/DEBUG] [net.minecraftforge.common.ForgeConfigSpec/CORE]: The comment on key Hunger values.tofu_scramble (default = 12) does not match the spec. This may create a backup.
[255月2025 13:35:28.141] [modloading-worker-0/WARN] [net.minecraftforge.common.ForgeConfigSpec/CORE]: Incorrect key Hunger values.raisins (default = 8) was corrected from null to its default, 8. 
[255月2025 13:35:28.141] [modloading-worker-0/DEBUG] [net.minecraftforge.common.ForgeConfigSpec/CORE]: The comment on key Hunger values.raisins (default = 8) does not match the spec. This may create a backup.
[255月2025 13:35:28.141] [modloading-worker-0/WARN] [net.minecraftforge.common.ForgeConfigSpec/CORE]: Incorrect key Hunger values.chicken_noodle_soup (default = 13) was corrected from null to its default, 13. 
[255月2025 13:35:28.141] [modloading-worker-0/DEBUG] [net.minecraftforge.common.ForgeConfigSpec/CORE]: The comment on key Hunger values.chicken_noodle_soup (default = 13) does not match the spec. This may create a backup.
[255月2025 13:35:28.142] [modloading-worker-0/WARN] [net.minecraftforge.common.ForgeConfigSpec/CORE]: Incorrect key Hunger values.quinoa_salad (default = 5) was corrected from null to its default, 5. 
[255月2025 13:35:28.142] [modloading-worker-0/DEBUG] [net.minecraftforge.common.ForgeConfigSpec/CORE]: The comment on key Hunger values.quinoa_salad (default = 5) does not match the spec. This may create a backup.
[255月2025 13:35:28.142] [modloading-worker-0/WARN] [net.minecraftforge.common.ForgeConfigSpec/CORE]: Incorrect key Hunger values.squash_soup (default = 12) was corrected from null to its default, 12. 
[255月2025 13:35:28.142] [modloading-worker-0/DEBUG] [net.minecraftforge.common.ForgeConfigSpec/CORE]: The comment on key Hunger values.squash_soup (default = 12) does not match the spec. This may create a backup.
[255月2025 13:35:28.142] [modloading-worker-0/WARN] [net.minecraftforge.common.ForgeConfigSpec/CORE]: Incorrect key Hunger values.spinach_quinoa_quiche (default = 10) was corrected from null to its default, 10. 
[255月2025 13:35:28.142] [modloading-worker-0/DEBUG] [net.minecraftforge.common.ForgeConfigSpec/CORE]: The comment on key Hunger values.spinach_quinoa_quiche (default = 10) does not match the spec. This may create a backup.
[255月2025 13:35:28.142] [modloading-worker-0/WARN] [net.minecraftforge.common.ForgeConfigSpec/CORE]: Incorrect key Hunger values.beef_curry (default = 18) was corrected from null to its default, 18. 
[255月2025 13:35:28.142] [modloading-worker-0/DEBUG] [net.minecraftforge.common.ForgeConfigSpec/CORE]: The comment on key Hunger values.beef_curry (default = 18) does not match the spec. This may create a backup.
[255月2025 13:35:28.142] [modloading-worker-0/WARN] [net.minecraftforge.common.ForgeConfigSpec/CORE]: Incorrect key Hunger values.chicken_curry (default = 16) was corrected from null to its default, 16. 
[255月2025 13:35:28.142] [modloading-worker-0/DEBUG] [net.minecraftforge.common.ForgeConfigSpec/CORE]: The comment on key Hunger values.chicken_curry (default = 16) does not match the spec. This may create a backup.
[255月2025 13:35:28.142] [modloading-worker-0/WARN] [net.minecraftforge.common.ForgeConfigSpec/CORE]: Incorrect key Hunger values.mutton_curry (default = 16) was corrected from null to its default, 16. 
[255月2025 13:35:28.143] [modloading-worker-0/DEBUG] [net.minecraftforge.common.ForgeConfigSpec/CORE]: The comment on key Hunger values.mutton_curry (default = 16) does not match the spec. This may create a backup.
[255月2025 13:35:28.147] [modloading-worker-0/WARN] [net.minecraftforge.common.ForgeConfigSpec/CORE]: Incorrect key Hunger values.pork_curry (default = 18) was corrected from null to its default, 18. 
[255月2025 13:35:28.148] [modloading-worker-0/DEBUG] [net.minecraftforge.common.ForgeConfigSpec/CORE]: The comment on key Hunger values.pork_curry (default = 18) does not match the spec. This may create a backup.
[255月2025 13:35:28.149] [modloading-worker-0/WARN] [net.minecraftforge.common.ForgeConfigSpec/CORE]: Incorrect key Hunger values.vegetable_curry (default = 12) was corrected from null to its default, 12. 
[255月2025 13:35:28.149] [modloading-worker-0/DEBUG] [net.minecraftforge.common.ForgeConfigSpec/CORE]: The comment on key Hunger values.vegetable_curry (default = 12) does not match the spec. This may create a backup.
[255月2025 13:35:28.149] [modloading-worker-0/WARN] [net.minecraftforge.common.ForgeConfigSpec/CORE]: Incorrect key Hunger values.peanut_butter_pie (default = 3) was corrected from null to its default, 3. 
[255月2025 13:35:28.149] [modloading-worker-0/DEBUG] [net.minecraftforge.common.ForgeConfigSpec/CORE]: The comment on key Hunger values.peanut_butter_pie (default = 3) does not match the spec. This may create a backup.
[255月2025 13:35:28.149] [modloading-worker-0/WARN] [net.minecraftforge.common.ForgeConfigSpec/CORE]: Incorrect key Hunger values.sorghum_bread (default = 7) was corrected from null to its default, 7. 
[255月2025 13:35:28.149] [modloading-worker-0/DEBUG] [net.minecraftforge.common.ForgeConfigSpec/CORE]: The comment on key Hunger values.sorghum_bread (default = 7) does not match the spec. This may create a backup.
[255月2025 13:35:28.149] [modloading-worker-0/WARN] [net.minecraftforge.common.ForgeConfigSpec/CORE]: Incorrect key Hunger values.sorghum_porridge (default = 8) was corrected from null to its default, 8. 
[255月2025 13:35:28.149] [modloading-worker-0/DEBUG] [net.minecraftforge.common.ForgeConfigSpec/CORE]: The comment on key Hunger values.sorghum_porridge (default = 8) does not match the spec. This may create a backup.
[255月2025 13:35:28.149] [modloading-worker-0/WARN] [net.minecraftforge.common.ForgeConfigSpec/CORE]: Incorrect key Hunger values.italian_beef (default = 18) was corrected from null to its default, 18. 
[255月2025 13:35:28.149] [modloading-worker-0/DEBUG] [net.minecraftforge.common.ForgeConfigSpec/CORE]: The comment on key Hunger values.italian_beef (default = 18) does not match the spec. This may create a backup.
[255月2025 13:35:28.149] [modloading-worker-0/WARN] [net.minecraftforge.common.ForgeConfigSpec/CORE]: Incorrect key Hunger values.peanut_butter_cookie (default = 4) was corrected from null to its default, 2. 
[255月2025 13:35:28.149] [modloading-worker-0/DEBUG] [net.minecraftforge.common.ForgeConfigSpec/CORE]: The comment on key Hunger values.peanut_butter_cookie (default = 4) does not match the spec. This may create a backup.
[255月2025 13:35:28.149] [modloading-worker-0/WARN] [net.minecraftforge.common.ForgeConfigSpec/CORE]: Incorrect key Hunger values.pbj (default = 8) was corrected from null to its default, 8. 
[255月2025 13:35:28.149] [modloading-worker-0/DEBUG] [net.minecraftforge.common.ForgeConfigSpec/CORE]: The comment on key Hunger values.pbj (default = 8) does not match the spec. This may create a backup.
[255月2025 13:35:28.150] [modloading-worker-0/WARN] [net.minecraftforge.common.ForgeConfigSpec/CORE]: Incorrect key Hunger values.trail_mix (default = 12) was corrected from null to its default, 12. 
[255月2025 13:35:28.150] [modloading-worker-0/DEBUG] [net.minecraftforge.common.ForgeConfigSpec/CORE]: The comment on key Hunger values.trail_mix (default = 12) does not match the spec. This may create a backup.
[255月2025 13:35:28.150] [modloading-worker-0/WARN] [net.minecraftforge.common.ForgeConfigSpec/CORE]: Incorrect key Hunger values.carrot_soup (default = 6) was corrected from null to its default, 6. 
[255月2025 13:35:28.150] [modloading-worker-0/DEBUG] [net.minecraftforge.common.ForgeConfigSpec/CORE]: The comment on key Hunger values.carrot_soup (default = 6) does not match the spec. This may create a backup.
[255月2025 13:35:28.150] [modloading-worker-0/WARN] [net.minecraftforge.common.ForgeConfigSpec/CORE]: Incorrect key Hunger values.pumpkin_soup (default = 6) was corrected from null to its default, 6. 
[255月2025 13:35:28.150] [modloading-worker-0/DEBUG] [net.minecraftforge.common.ForgeConfigSpec/CORE]: The comment on key Hunger values.pumpkin_soup (default = 6) does not match the spec. This may create a backup.
[255月2025 13:35:28.150] [modloading-worker-0/WARN] [net.minecraftforge.common.ForgeConfigSpec/CORE]: Incorrect key Hunger values.pea_soup (default = 4) was corrected from null to its default, 4. 
[255月2025 13:35:28.150] [modloading-worker-0/DEBUG] [net.minecraftforge.common.ForgeConfigSpec/CORE]: The comment on key Hunger values.pea_soup (default = 4) does not match the spec. This may create a backup.
[255月2025 13:35:28.150] [modloading-worker-0/WARN] [net.minecraftforge.common.ForgeConfigSpec/CORE]: Incorrect key Hunger values.fried_rice (default = 9) was corrected from null to its default, 9. 
[255月2025 13:35:28.150] [modloading-worker-0/DEBUG] [net.minecraftforge.common.ForgeConfigSpec/CORE]: The comment on key Hunger values.fried_rice (default = 9) does not match the spec. This may create a backup.
[255月2025 13:35:28.151] [modloading-worker-0/WARN] [net.minecraftforge.common.ForgeConfigSpec/CORE]: Incorrect key Hunger values.sweet_potato_quinoa_cakes (default = 6) was corrected from null to its default, 6. 
[255月2025 13:35:28.151] [modloading-worker-0/DEBUG] [net.minecraftforge.common.ForgeConfigSpec/CORE]: The comment on key Hunger values.sweet_potato_quinoa_cakes (default = 6) does not match the spec. This may create a backup.
[255月2025 13:35:28.151] [modloading-worker-0/WARN] [net.minecraftforge.common.ForgeConfigSpec/CORE]: Incorrect key Hunger values.sausage_barley (default = 10) was corrected from null to its default, 10. 
[255月2025 13:35:28.151] [modloading-worker-0/DEBUG] [net.minecraftforge.common.ForgeConfigSpec/CORE]: The comment on key Hunger values.sausage_barley (default = 10) does not match the spec. This may create a backup.
[255月2025 13:35:28.151] [modloading-worker-0/WARN] [net.minecraftforge.common.ForgeConfigSpec/CORE]: Incorrect key Hunger values.mushroom_barley (default = 4) was corrected from null to its default, 4. 
[255月2025 13:35:28.151] [modloading-worker-0/DEBUG] [net.minecraftforge.common.ForgeConfigSpec/CORE]: The comment on key Hunger values.mushroom_barley (default = 4) does not match the spec. This may create a backup.
[255月2025 13:35:28.151] [modloading-worker-0/WARN] [net.minecraftforge.common.ForgeConfigSpec/CORE]: Incorrect key Hunger values.beef_and_broccoli (default = 14) was corrected from null to its default, 14. 
[255月2025 13:35:28.151] [modloading-worker-0/DEBUG] [net.minecraftforge.common.ForgeConfigSpec/CORE]: The comment on key Hunger values.beef_and_broccoli (default = 14) does not match the spec. This may create a backup.
[255月2025 13:35:28.151] [modloading-worker-0/WARN] [net.minecraftforge.common.ForgeConfigSpec/CORE]: Incorrect key Hunger values.broccoli_cheese_soup (default = 6) was corrected from null to its default, 6. 
[255月2025 13:35:28.151] [modloading-worker-0/DEBUG] [net.minecraftforge.common.ForgeConfigSpec/CORE]: The comment on key Hunger values.broccoli_cheese_soup (default = 6) does not match the spec. This may create a backup.
[255月2025 13:35:28.151] [modloading-worker-0/WARN] [net.minecraftforge.common.ForgeConfigSpec/CORE]: Incorrect key Hunger values.stuffed_corn_zucchini (default = 14) was corrected from null to its default, 14. 
[255月2025 13:35:28.151] [modloading-worker-0/DEBUG] [net.minecraftforge.common.ForgeConfigSpec/CORE]: The comment on key Hunger values.stuffed_corn_zucchini (default = 14) does not match the spec. This may create a backup.
[255月2025 13:35:28.151] [modloading-worker-0/WARN] [net.minecraftforge.common.ForgeConfigSpec/CORE]: Incorrect key Hunger values.zucchini_bread (default = 6) was corrected from null to its default, 6. 
[255月2025 13:35:28.151] [modloading-worker-0/DEBUG] [net.minecraftforge.common.ForgeConfigSpec/CORE]: The comment on key Hunger values.zucchini_bread (default = 6) does not match the spec. This may create a backup.
[255月2025 13:35:28.151] [modloading-worker-0/WARN] [net.minecraftforge.common.ForgeConfigSpec/CORE]: Incorrect key Hunger values.olive_tomato_salad (default = 5) was corrected from null to its default, 5. 
[255月2025 13:35:28.151] [modloading-worker-0/DEBUG] [net.minecraftforge.common.ForgeConfigSpec/CORE]: The comment on key Hunger values.olive_tomato_salad (default = 5) does not match the spec. This may create a backup.
[255月2025 13:35:28.151] [modloading-worker-0/WARN] [net.minecraftforge.common.ForgeConfigSpec/CORE]: Incorrect key Hunger values.candy (default = 5) was corrected from null to its default, 5. 
[255月2025 13:35:28.151] [modloading-worker-0/DEBUG] [net.minecraftforge.common.ForgeConfigSpec/CORE]: The comment on key Hunger values.candy (default = 5) does not match the spec. This may create a backup.
[255月2025 13:35:28.151] [modloading-worker-0/WARN] [net.minecraftforge.common.ForgeConfigSpec/CORE]: Incorrect key Hunger values.borscht (default = 6) was corrected from null to its default, 6. 
[255月2025 13:35:28.151] [modloading-worker-0/DEBUG] [net.minecraftforge.common.ForgeConfigSpec/CORE]: The comment on key Hunger values.borscht (default = 6) does not match the spec. This may create a backup.
[255月2025 13:35:28.151] [modloading-worker-0/WARN] [net.minecraftforge.common.ForgeConfigSpec/CORE]: Incorrect key Hunger values.squid_ink_pasta (default = 12) was corrected from null to its default, 12. 
[255月2025 13:35:28.151] [modloading-worker-0/DEBUG] [net.minecraftforge.common.ForgeConfigSpec/CORE]: The comment on key Hunger values.squid_ink_pasta (default = 12) does not match the spec. This may create a backup.
[255月2025 13:35:28.151] [modloading-worker-0/WARN] [net.minecraftforge.common.ForgeConfigSpec/CORE]: Incorrect key Hunger values.fish_and_chips (default = 9) was corrected from null to its default, 9. 
[255月2025 13:35:28.151] [modloading-worker-0/DEBUG] [net.minecraftforge.common.ForgeConfigSpec/CORE]: The comment on key Hunger values.fish_and_chips (default = 9) does not match the spec. This may create a backup.
[255月2025 13:35:28.152] [modloading-worker-0/WARN] [net.minecraftforge.common.ForgeConfigSpec/CORE]: Incorrect key Hunger values.marshmallow (default = 3) was corrected from null to its default, 3. 
[255月2025 13:35:28.152] [modloading-worker-0/DEBUG] [net.minecraftforge.common.ForgeConfigSpec/CORE]: The comment on key Hunger values.marshmallow (default = 3) does not match the spec. This may create a backup.
[255月2025 13:35:28.152] [modloading-worker-0/WARN] [net.minecraftforge.common.ForgeConfigSpec/CORE]: Incorrect key Hunger values.pad_thai (default = 18) was corrected from null to its default, 18. 
[255月2025 13:35:28.152] [modloading-worker-0/DEBUG] [net.minecraftforge.common.ForgeConfigSpec/CORE]: The comment on key Hunger values.pad_thai (default = 18) does not match the spec. This may create a backup.
[255月2025 13:35:28.152] [modloading-worker-0/WARN] [net.minecraftforge.common.ForgeConfigSpec/CORE]: Incorrect key Hunger values.potato_knish (default = 8) was corrected from null to its default, 8. 
[255月2025 13:35:28.152] [modloading-worker-0/DEBUG] [net.minecraftforge.common.ForgeConfigSpec/CORE]: The comment on key Hunger values.potato_knish (default = 8) does not match the spec. This may create a backup.
[255月2025 13:35:28.152] [modloading-worker-0/WARN] [net.minecraftforge.common.ForgeConfigSpec/CORE]: Incorrect key Hunger values.chicory_gratin (default = 9) was corrected from null to its default, 9. 
[255月2025 13:35:28.152] [modloading-worker-0/DEBUG] [net.minecraftforge.common.ForgeConfigSpec/CORE]: The comment on key Hunger values.chicory_gratin (default = 9) does not match the spec. This may create a backup.
[255月2025 13:35:28.152] [modloading-worker-0/WARN] [net.minecraftforge.common.ForgeConfigSpec/CORE]: Incorrect key Hunger values.turnip_beetroot_gratin (default = 10) was corrected from null to its default, 10. 
[255月2025 13:35:28.152] [modloading-worker-0/DEBUG] [net.minecraftforge.common.ForgeConfigSpec/CORE]: The comment on key Hunger values.turnip_beetroot_gratin (default = 10) does not match the spec. This may create a backup.
[255月2025 13:35:28.152] [modloading-worker-0/WARN] [net.minecraftforge.common.ForgeConfigSpec/CORE]: Incorrect key Hunger values.ice_cream_sundae (default = 7) was corrected from null to its default, 7. 
[255月2025 13:35:28.152] [modloading-worker-0/DEBUG] [net.minecraftforge.common.ForgeConfigSpec/CORE]: The comment on key Hunger values.ice_cream_sundae (default = 7) does not match the spec. This may create a backup.
[255月2025 13:35:28.152] [modloading-worker-0/WARN] [net.minecraftforge.common.ForgeConfigSpec/CORE]: Incorrect key Hunger values.candy_cane (default = 4) was corrected from null to its default, 4. 
[255月2025 13:35:28.152] [modloading-worker-0/DEBUG] [net.minecraftforge.common.ForgeConfigSpec/CORE]: The comment on key Hunger values.candy_cane (default = 4) does not match the spec. This may create a backup.
[255月2025 13:35:28.165] [modloading-worker-0/DEBUG] [net.minecraftforge.fml.javafmlmod.AutomaticEventSubscriber/LOADING]: Attempting to inject @EventBusSubscriber classes into the eventbus for sophisticatedcore
[255月2025 13:35:28.166] [modloading-worker-0/DEBUG] [net.minecraftforge.fml.javafmlmod.AutomaticEventSubscriber/LOADING]: Attempting to inject @EventBusSubscriber classes into the eventbus for simplebedrockmodel
[255月2025 13:35:28.166] [modloading-worker-0/DEBUG] [net.minecraftforge.fml.javafmlmod.AutomaticEventSubscriber/LOADING]: Auto-subscribing com.github.tartaricacid.simplebedrockmodel.client.ClientSetupEvent to MOD
[255月2025 13:35:28.173] [modloading-worker-0/DEBUG] [net.minecraftforge.fml.javafmlmod.AutomaticEventSubscriber/LOADING]: Attempting to inject @EventBusSubscriber classes into the eventbus for brewinandchewin
[255月2025 13:35:28.173] [modloading-worker-0/DEBUG] [net.minecraftforge.fml.javafmlmod.AutomaticEventSubscriber/LOADING]: Auto-subscribing umpaz.brewinandchewin.data.BnCDataGenerators to MOD
[255月2025 13:35:28.175] [modloading-worker-0/DEBUG] [net.minecraftforge.fml.javafmlmod.AutomaticEventSubscriber/LOADING]: Auto-subscribing umpaz.brewinandchewin.common.event.BnCCommonEvents to FORGE
[255月2025 13:35:28.176] [modloading-worker-0/DEBUG] [com.tterrag.registrate.AbstractRegistrate/REGISTRATE.REGISTER]: Captured registration for entry barbequesdelight:main of type minecraft:creative_mode_tab
[255月2025 13:35:28.179] [modloading-worker-0/DEBUG] [net.minecraftforge.fml.javafmlmod.AutomaticEventSubscriber/LOADING]: Attempting to inject @EventBusSubscriber classes into the eventbus for farmersrespite
[255月2025 13:35:28.180] [modloading-worker-0/DEBUG] [net.minecraftforge.fml.javafmlmod.AutomaticEventSubscriber/LOADING]: Auto-subscribing umpaz.farmersrespite.data.FRDataGenerators to MOD
[255月2025 13:35:28.182] [modloading-worker-0/DEBUG] [net.minecraftforge.fml.javafmlmod.AutomaticEventSubscriber/LOADING]: Auto-subscribing umpaz.farmersrespite.client.FRClientSetup to MOD
[255月2025 13:35:28.185] [modloading-worker-0/DEBUG] [com.tterrag.registrate.AbstractRegistrate/REGISTRATE.REGISTER]: Captured registration for entry youkaishomecoming:straw_hat of type minecraft:item
[255月2025 13:35:28.194] [modloading-worker-0/DEBUG] [mixin/]: Mixing TagsProviderAccess from kiwi.mixins.json into net.minecraft.data.tags.TagsProvider
[255月2025 13:35:28.194] [modloading-worker-0/DEBUG] [net.minecraftforge.fml.javafmlmod.AutomaticEventSubscriber/LOADING]: Attempting to inject @EventBusSubscriber classes into the eventbus for kitchenkarrot
[255月2025 13:35:28.194] [modloading-worker-0/DEBUG] [mixin/]: kiwi.mixins.json:TagsProviderAccess: Class version 61 required is higher than the class version supported by the current version of Mixin (JAVA_16 supports class version 60)
[255月2025 13:35:28.194] [modloading-worker-0/DEBUG] [net.minecraftforge.fml.javafmlmod.AutomaticEventSubscriber/LOADING]: Auto-subscribing io.github.tt432.kitchenkarrot.util.ModResourcePack to MOD
[255月2025 13:35:28.216] [modloading-worker-0/DEBUG] [net.minecraftforge.fml.javafmlmod.AutomaticEventSubscriber/LOADING]: Auto-subscribing umpaz.farmersrespite.common.FRConfiguration to FORGE
[255月2025 13:35:28.217] [modloading-worker-0/DEBUG] [net.minecraftforge.fml.javafmlmod.AutomaticEventSubscriber/LOADING]: Auto-subscribing umpaz.farmersrespite.common.event.VillagerEvents to FORGE
[255月2025 13:35:28.218] [modloading-worker-0/DEBUG] [com.tterrag.registrate.AbstractRegistrate/REGISTRATE.REGISTER]: Captured registration for entry youkaishomecoming:suwako_hat of type minecraft:item
[255月2025 13:35:28.218] [modloading-worker-0/INFO] [dev.enemeez.simplefarming.common.SimpleFarming/]: Simple Farming setup complete!
[255月2025 13:35:28.218] [modloading-worker-0/DEBUG] [net.minecraftforge.fml.javafmlmod.AutomaticEventSubscriber/LOADING]: Attempting to inject @EventBusSubscriber classes into the eventbus for simplefarming
[255月2025 13:35:28.218] [modloading-worker-0/DEBUG] [net.minecraftforge.fml.javafmlmod.AutomaticEventSubscriber/LOADING]: Auto-subscribing dev.enemeez.simplefarming.common.data.ModDataGenerator to MOD
[255月2025 13:35:28.221] [modloading-worker-0/DEBUG] [com.tterrag.registrate.AbstractRegistrate/REGISTRATE.REGISTER]: Captured registration for entry youkaishomecoming:koishi_hat of type minecraft:item
[255月2025 13:35:28.222] [modloading-worker-0/DEBUG] [com.tterrag.registrate.AbstractRegistrate/REGISTRATE.REGISTER]: Captured registration for entry youkaishomecoming:rumia_hairband of type minecraft:item
[255月2025 13:35:28.225] [modloading-worker-0/DEBUG] [com.tterrag.registrate.AbstractRegistrate/REGISTRATE.REGISTER]: Captured registration for entry youkaishomecoming:reimu_hairband of type minecraft:item
[255月2025 13:35:28.225] [modloading-worker-0/DEBUG] [net.minecraftforge.fml.javafmlmod.AutomaticEventSubscriber/LOADING]: Attempting to inject @EventBusSubscriber classes into the eventbus for vintagedelight
[255月2025 13:35:28.225] [modloading-worker-0/DEBUG] [net.minecraftforge.fml.javafmlmod.AutomaticEventSubscriber/LOADING]: Auto-subscribing net.ribs.vintagedelight.event.ModEventBusClientEvents to MOD
[255月2025 13:35:28.227] [modloading-worker-0/DEBUG] [net.minecraftforge.fml.javafmlmod.AutomaticEventSubscriber/LOADING]: Auto-subscribing dev.enemeez.simplefarming.common.CommonEvents to FORGE
[255月2025 13:35:28.227] [modloading-worker-0/DEBUG] [net.minecraftforge.fml.javafmlmod.AutomaticEventSubscriber/LOADING]: Auto-subscribing umpaz.farmersrespite.common.FRCommonSetup to MOD
[255月2025 13:35:28.226] [modloading-worker-0/DEBUG] [net.minecraftforge.fml.javafmlmod.AutomaticEventSubscriber/LOADING]: Auto-subscribing io.github.tt432.kitchenkarrot.util.ClientTickHandler to FORGE
[255月2025 13:35:28.225] [modloading-worker-0/DEBUG] [net.minecraftforge.fml.javafmlmod.AutomaticEventSubscriber/LOADING]: Auto-subscribing umpaz.brewinandchewin.common.effect.IntoxicationEffect to FORGE
[255月2025 13:35:28.228] [modloading-worker-0/DEBUG] [net.minecraftforge.fml.javafmlmod.AutomaticEventSubscriber/LOADING]: Auto-subscribing net.ribs.vintagedelight.datagen.DataGenerators to MOD
[255月2025 13:35:28.228] [modloading-worker-0/DEBUG] [com.tterrag.registrate.AbstractRegistrate/REGISTRATE.REGISTER]: Captured registration for entry youkaishomecoming:cirno_hairband of type minecraft:item
[255月2025 13:35:28.229] [modloading-worker-0/DEBUG] [mixin/]: Mixing MixinMinecraft from architectury.mixins.json into net.minecraft.client.Minecraft
[255月2025 13:35:28.253] [modloading-worker-0/DEBUG] [net.minecraftforge.fml.javafmlmod.AutomaticEventSubscriber/LOADING]: Auto-subscribing net.ribs.vintagedelight.VintageDelight$ClientModEvents to MOD
[255月2025 13:35:28.253] [modloading-worker-0/DEBUG] [net.minecraftforge.fml.javafmlmod.AutomaticEventSubscriber/LOADING]: Attempting to inject @EventBusSubscriber classes into the eventbus for jade
[255月2025 13:35:28.253] [modloading-worker-0/DEBUG] [net.minecraftforge.fml.javafmlmod.AutomaticEventSubscriber/LOADING]: Auto-subscribing io.github.tt432.kitchenkarrot.registries.ModTabs to MOD
[255月2025 13:35:28.256] [modloading-worker-0/DEBUG] [mixin/]: Mixing minecraft.AbstractContainerScreenMixin from maidsoulkitchen.mixins.json into net.minecraft.client.gui.screens.inventory.AbstractContainerScreen
[255月2025 13:35:28.257] [modloading-worker-0/DEBUG] [mixin/]: Renaming synthetic method lambda$tlmk$refreshEntityMaidBrain$0(Lcom/github/tartaricacid/touhoulittlemaid/entity/passive/EntityMaid;)V to md01afea$lambda$tlmk$refreshEntityMaidBrain$0$0 in maidsoulkitchen.mixins.json:minecraft.AbstractContainerScreenMixin
[255月2025 13:35:28.259] [modloading-worker-0/DEBUG] [net.minecraftforge.fml.javafmlmod.AutomaticEventSubscriber/LOADING]: Attempting to inject @EventBusSubscriber classes into the eventbus for mixinextras
[255月2025 13:35:28.259] [modloading-worker-0/DEBUG] [net.minecraftforge.fml.javafmlmod.AutomaticEventSubscriber/LOADING]: Auto-subscribing umpaz.brewinandchewin.common.BnCConfiguration to FORGE
[255月2025 13:35:28.259] [modloading-worker-0/DEBUG] [net.minecraftforge.fml.javafmlmod.AutomaticEventSubscriber/LOADING]: Auto-subscribing umpaz.brewinandchewin.client.recipebook.BnCRecipeBook to MOD
[255月2025 13:35:28.264] [modloading-worker-0/DEBUG] [net.minecraftforge.fml.javafmlmod.AutomaticEventSubscriber/LOADING]: Auto-subscribing umpaz.farmersrespite.common.core.dispenser.FRDispenseItemBehaviour to MOD
[255月2025 13:35:28.267] [modloading-worker-0/DEBUG] [net.minecraftforge.fml.javafmlmod.AutomaticEventSubscriber/LOADING]: Auto-subscribing umpaz.brewinandchewin.client.event.BnCClientSetupEvents to MOD
[255月2025 13:35:28.269] [modloading-worker-0/DEBUG] [net.minecraftforge.fml.javafmlmod.AutomaticEventSubscriber/LOADING]: Auto-subscribing io.github.tt432.kitchenkarrot.gui.reg.GuiRegistry to MOD
[255月2025 13:35:28.271] [modloading-worker-0/DEBUG] [net.minecraftforge.fml.javafmlmod.AutomaticEventSubscriber/LOADING]: Auto-subscribing io.github.tt432.kitchenkarrot.event.VillagerEvent to FORGE
[255月2025 13:35:28.271] [modloading-worker-0/DEBUG] [com.tterrag.registrate.AbstractRegistrate/REGISTRATE.REGISTER]: Captured registration for entry youkaishomecoming:cirno_wings of type minecraft:item
[255月2025 13:35:28.272] [modloading-worker-0/DEBUG] [net.minecraftforge.fml.javafmlmod.AutomaticEventSubscriber/LOADING]: Auto-subscribing io.github.tt432.kitchenkarrot.entity.EntityAttributeEvent to MOD
[255月2025 13:35:28.273] [modloading-worker-0/DEBUG] [mixin/]: Mixing PreventTaggedEffectRemovalMixin$HotCocoa from brewinandchewin.mixins.json into vectorwing.farmersdelight.common.item.HotCocoaItem
[255月2025 13:35:28.273] [modloading-worker-0/DEBUG] [mixin/]: Renaming synthetic method lambda$brewinandchewin$preventIntoxicationRemoval$0(Lnet/minecraft/world/effect/MobEffectInstance;)Z to md01afea$lambda$brewinandchewin$preventIntoxicationRemoval$0$0 in brewinandchewin.mixins.json:PreventTaggedEffectRemovalMixin$HotCocoa
[255月2025 13:35:28.285] [modloading-worker-0/DEBUG] [net.minecraftforge.fml.javafmlmod.AutomaticEventSubscriber/LOADING]: Auto-subscribing umpaz.farmersrespite.common.registry.FRCreativeTab to MOD
[255月2025 13:35:28.285] [modloading-worker-0/DEBUG] [net.minecraftforge.fml.javafmlmod.AutomaticEventSubscriber/LOADING]: Auto-subscribing dev.enemeez.simplefarming.client.ClientEvents to MOD
[255月2025 13:35:28.286] [modloading-worker-0/DEBUG] [net.minecraftforge.fml.javafmlmod.AutomaticEventSubscriber/LOADING]: Auto-subscribing umpaz.brewinandchewin.client.TipsyEffects to FORGE
[255月2025 13:35:28.287] [modloading-worker-0/DEBUG] [com.tterrag.registrate.AbstractRegistrate/REGISTRATE.REGISTER]: Captured registration for entry youkaishomecoming:custom_spell_ring of type minecraft:item
[255月2025 13:35:28.288] [modloading-worker-0/DEBUG] [com.tterrag.registrate.AbstractRegistrate/REGISTRATE.REGISTER]: Captured registration for entry youkaishomecoming:custom_spell_homing of type minecraft:item
[255月2025 13:35:28.288] [modloading-worker-0/DEBUG] [net.minecraftforge.fml.javafmlmod.AutomaticEventSubscriber/LOADING]: Auto-subscribing io.github.tt432.kitchenkarrot.client.renderer.be.BlockEntityRegistry to MOD
[255月2025 13:35:28.289] [modloading-worker-0/DEBUG] [net.minecraftforge.fml.config.ConfigTracker/CONFIG]: Config file storagedrawers-common.toml for storagedrawers tracking
[255月2025 13:35:28.290] [modloading-worker-0/DEBUG] [net.minecraftforge.fml.javafmlmod.AutomaticEventSubscriber/LOADING]: Auto-subscribing io.github.tt432.kitchenkarrot.client.ModModelRegistry to MOD
[255月2025 13:35:28.292] [modloading-worker-0/DEBUG] [com.tterrag.registrate.AbstractRegistrate/REGISTRATE.REGISTER]: Captured registration for entry youkaishomecoming:spell_reimu of type minecraft:item
[255月2025 13:35:28.296] [modloading-worker-0/DEBUG] [net.minecraftforge.fml.config.ConfigTracker/CONFIG]: Config file crockpot-common.toml for crockpot tracking
[255月2025 13:35:28.296] [modloading-worker-0/DEBUG] [net.minecraftforge.fml.config.ConfigTracker/CONFIG]: Config file crockpot-client.toml for crockpot tracking
[255月2025 13:35:28.298] [modloading-worker-0/DEBUG] [net.minecraftforge.fml.config.ConfigTracker/CONFIG]: Config file storagedrawers-client.toml for storagedrawers tracking
[255月2025 13:35:28.302] [modloading-worker-0/DEBUG] [net.minecraftforge.fml.javafmlmod.AutomaticEventSubscriber/LOADING]: Auto-subscribing io.github.tt432.kitchenkarrot.client.EntityRenderRegistry to MOD
[255月2025 13:35:28.302] [modloading-worker-0/INFO] [thedarkcolour.kotlinforforge.test.KotlinForForge/]: Kotlin For Forge Enabled!
[255月2025 13:35:28.302] [modloading-worker-0/DEBUG] [com.tterrag.registrate.AbstractRegistrate/REGISTRATE.REGISTER]: Captured registration for entry youkaishomecoming:spell_marisa of type minecraft:item
[255月2025 13:35:28.302] [modloading-worker-0/DEBUG] [net.minecraftforge.fml.javafmlmod.AutomaticEventSubscriber/LOADING]: Auto-subscribing io.github.tt432.kitchenkarrot.client.BlockRenderTypeRegistry to MOD
[255月2025 13:35:28.302] [modloading-worker-0/DEBUG] [com.tterrag.registrate.AbstractRegistrate/REGISTRATE.REGISTER]: Captured registration for entry youkaishomecoming:spell_sanae of type minecraft:item
[255月2025 13:35:28.302] [modloading-worker-0/DEBUG] [thedarkcolour.kotlinforforge.LoggerKt/LOADING]: Attempting to inject @EventBusSubscriber kotlin objects in to the event bus for kotlinforforge
[255月2025 13:35:28.302] [modloading-worker-0/DEBUG] [com.tterrag.registrate.AbstractRegistrate/REGISTRATE.REGISTER]: Captured registration for entry youkaishomecoming:spell_mystia of type minecraft:item
[255月2025 13:35:28.302] [modloading-worker-0/DEBUG] [com.tterrag.registrate.AbstractRegistrate/REGISTRATE.REGISTER]: Captured registration for entry youkaishomecoming:spell_yukari_laser of type minecraft:item
[255月2025 13:35:28.302] [modloading-worker-0/DEBUG] [com.tterrag.registrate.AbstractRegistrate/REGISTRATE.REGISTER]: Captured registration for entry youkaishomecoming:spell_yukari_butterfly of type minecraft:item
[255月2025 13:35:28.310] [modloading-worker-0/DEBUG] [com.tterrag.registrate.AbstractRegistrate/REGISTRATE.REGISTER]: Captured registration for entry barbequesdelight:grill of type minecraft:item
[255月2025 13:35:28.310] [modloading-worker-0/DEBUG] [com.tterrag.registrate.AbstractRegistrate/REGISTRATE.REGISTER]: Captured registration for entry barbequesdelight:grill of type minecraft:block
[255月2025 13:35:28.324] [modloading-worker-0/DEBUG] [com.tterrag.registrate.AbstractRegistrate/REGISTRATE.REGISTER]: Captured registration for entry barbequesdelight:grill of type minecraft:block_entity_type
[255月2025 13:35:28.326] [modloading-worker-0/DEBUG] [mixin/]: Mixing client.GuiMixin from brewinandchewin.mixins.json into net.minecraft.client.gui.Gui
[255月2025 13:35:28.326] [modloading-worker-0/DEBUG] [net.minecraftforge.fml.javafmlmod.AutomaticEventSubscriber/LOADING]: Auto-subscribing umpaz.brewinandchewin.client.BnCClientSetup to MOD
[255月2025 13:35:28.326] [modloading-worker-0/DEBUG] [com.tterrag.registrate.AbstractRegistrate/REGISTRATE.REGISTER]: Captured registration for entry barbequesdelight:basin of type minecraft:item
[255月2025 13:35:28.327] [modloading-worker-0/DEBUG] [com.tterrag.registrate.AbstractRegistrate/REGISTRATE.REGISTER]: Captured registration for entry barbequesdelight:basin of type minecraft:block
[255月2025 13:35:28.330] [modloading-worker-0/DEBUG] [com.tterrag.registrate.AbstractRegistrate/REGISTRATE.REGISTER]: Captured registration for entry youkaishomecoming:soybean of type minecraft:block
[255月2025 13:35:28.394] [modloading-worker-0/DEBUG] [net.minecraftforge.fml.config.ConfigTracker/CONFIG]: Config file maidsoulkitchen-common.toml for maidsoulkitchen tracking
[255月2025 13:35:28.394] [modloading-worker-0/DEBUG] [net.minecraftforge.fml.javafmlmod.AutomaticEventSubscriber/LOADING]: Attempting to inject @EventBusSubscriber classes into the eventbus for maidsoulkitchen
[255月2025 13:35:28.394] [modloading-worker-0/DEBUG] [net.minecraftforge.fml.javafmlmod.AutomaticEventSubscriber/LOADING]: Auto-subscribing com.github.wallev.maidsoulkitchen.client.event.AddTooltipsEvent to FORGE
[255月2025 13:35:28.400] [modloading-worker-0/DEBUG] [com.tterrag.registrate.AbstractRegistrate/REGISTRATE.REGISTER]: Captured registration for entry barbequesdelight:basin of type minecraft:block_entity_type
[255月2025 13:35:28.400] [modloading-worker-0/DEBUG] [mixin/]: Mixing client.MixinLevelRenderer from patchouli_xplat.mixins.json into net.minecraft.client.renderer.LevelRenderer
[255月2025 13:35:28.400] [modloading-worker-0/DEBUG] [com.tterrag.registrate.AbstractRegistrate/REGISTRATE.REGISTER]: Captured registration for entry barbequesdelight:tray of type minecraft:item
[255月2025 13:35:28.400] [modloading-worker-0/DEBUG] [com.tterrag.registrate.AbstractRegistrate/REGISTRATE.REGISTER]: Captured registration for entry barbequesdelight:tray of type minecraft:block
[255月2025 13:35:28.437] [modloading-worker-0/DEBUG] [net.minecraftforge.fml.javafmlmod.AutomaticEventSubscriber/LOADING]: Auto-subscribing com.github.wallev.maidsoulkitchen.client.event.CookBagPosRenderEvent to FORGE
[255月2025 13:35:28.438] [modloading-worker-0/DEBUG] [com.tterrag.registrate.AbstractRegistrate/REGISTRATE.REGISTER]: Captured registration for entry youkaishomecoming:wild_soybean of type minecraft:item
[255月2025 13:35:28.438] [modloading-worker-0/DEBUG] [com.tterrag.registrate.AbstractRegistrate/REGISTRATE.REGISTER]: Captured registration for entry youkaishomecoming:wild_soybean of type minecraft:block
[255月2025 13:35:28.438] [modloading-worker-0/DEBUG] [com.tterrag.registrate.AbstractRegistrate/REGISTRATE.REGISTER]: Captured registration for entry barbequesdelight:tray of type minecraft:block_entity_type
[255月2025 13:35:28.441] [modloading-worker-0/DEBUG] [com.tterrag.registrate.AbstractRegistrate/REGISTRATE.REGISTER]: Captured registration for entry youkaishomecoming:soybean of type minecraft:item
[255月2025 13:35:28.441] [modloading-worker-0/INFO] [In-game NBTEdit Reborn/]: Loading NBTEdit ver: 5.0.3
[255月2025 13:35:28.442] [modloading-worker-0/DEBUG] [com.tterrag.registrate.AbstractRegistrate/REGISTRATE.REGISTER]: Captured registration for entry youkaishomecoming:pods of type minecraft:item
[255月2025 13:35:28.443] [modloading-worker-0/DEBUG] [net.minecraftforge.fml.config.ConfigTracker/CONFIG]: Config file nbtedit.toml for nbtedit tracking
[255月2025 13:35:28.447] [modloading-worker-0/DEBUG] [net.minecraftforge.fml.javafmlmod.AutomaticEventSubscriber/LOADING]: Attempting to inject @EventBusSubscriber classes into the eventbus for mynethersdelight
[255月2025 13:35:28.447] [modloading-worker-0/DEBUG] [net.minecraftforge.fml.javafmlmod.AutomaticEventSubscriber/LOADING]: Auto-subscribing com.soytutta.mynethersdelight.core.data.MNDDataGenerators to MOD
[255月2025 13:35:28.448] [modloading-worker-0/DEBUG] [com.tterrag.registrate.AbstractRegistrate/REGISTRATE.REGISTER]: Captured registration for entry barbequesdelight:cumin_powder of type minecraft:item
[255月2025 13:35:28.448] [modloading-worker-0/DEBUG] [com.tterrag.registrate.AbstractRegistrate/REGISTRATE.REGISTER]: Captured registration for entry barbequesdelight:pepper_powder of type minecraft:item
[255月2025 13:35:28.448] [modloading-worker-0/DEBUG] [com.tterrag.registrate.AbstractRegistrate/REGISTRATE.REGISTER]: Captured registration for entry barbequesdelight:chili_powder of type minecraft:item
[255月2025 13:35:28.448] [modloading-worker-0/DEBUG] [com.tterrag.registrate.AbstractRegistrate/REGISTRATE.REGISTER]: Captured registration for entry barbequesdelight:honey_mustard_sauce of type minecraft:item
[255月2025 13:35:28.448] [modloading-worker-0/DEBUG] [com.tterrag.registrate.AbstractRegistrate/REGISTRATE.REGISTER]: Captured registration for entry youkaishomecoming:redbean of type minecraft:block
[255月2025 13:35:28.448] [modloading-worker-0/DEBUG] [com.tterrag.registrate.AbstractRegistrate/REGISTRATE.REGISTER]: Captured registration for entry barbequesdelight:buffalo_sauce of type minecraft:item
[255月2025 13:35:28.449] [modloading-worker-0/DEBUG] [com.tterrag.registrate.AbstractRegistrate/REGISTRATE.REGISTER]: Captured registration for entry barbequesdelight:barbeque_sauce of type minecraft:item
[255月2025 13:35:28.450] [modloading-worker-0/DEBUG] [mixin/]: Mixing touhoulittlemaid.EntityMaidMixin from maidsoulkitchen.mixins.json into com.github.tartaricacid.touhoulittlemaid.entity.passive.EntityMaid
[255月2025 13:35:28.451] [modloading-worker-0/DEBUG] [com.tterrag.registrate.AbstractRegistrate/REGISTRATE.REGISTER]: Captured registration for entry youkaishomecoming:wild_redbean of type minecraft:item
[255月2025 13:35:28.451] [modloading-worker-0/DEBUG] [com.tterrag.registrate.AbstractRegistrate/REGISTRATE.REGISTER]: Captured registration for entry youkaishomecoming:wild_redbean of type minecraft:block
[255月2025 13:35:28.451] [modloading-worker-0/DEBUG] [com.tterrag.registrate.AbstractRegistrate/REGISTRATE.REGISTER]: Captured registration for entry youkaishomecoming:redbean of type minecraft:item
[255月2025 13:35:28.465] [modloading-worker-0/DEBUG] [net.minecraftforge.fml.javafmlmod.AutomaticEventSubscriber/LOADING]: Auto-subscribing com.soytutta.mynethersdelight.common.registry.MNDCreativeTab to MOD
[255月2025 13:35:28.466] [modloading-worker-0/DEBUG] [net.minecraftforge.fml.javafmlmod.AutomaticEventSubscriber/LOADING]: Auto-subscribing com.soytutta.mynethersdelight.common.item.HotCreamConeItem to FORGE
[255月2025 13:35:28.467] [modloading-worker-0/DEBUG] [net.minecraftforge.fml.javafmlmod.AutomaticEventSubscriber/LOADING]: Auto-subscribing com.github.wallev.maidsoulkitchen.client.init.InitClientTooltip to MOD
[255月2025 13:35:28.469] [modloading-worker-0/DEBUG] [net.minecraftforge.fml.javafmlmod.AutomaticEventSubscriber/LOADING]: Auto-subscribing com.github.wallev.maidsoulkitchen.client.init.InitContainerGui to MOD
[255月2025 13:35:28.472] [modloading-worker-0/DEBUG] [net.minecraftforge.fml.javafmlmod.AutomaticEventSubscriber/LOADING]: Auto-subscribing com.github.wallev.maidsoulkitchen.datagen.DataGenerators to MOD
[255月2025 13:35:28.474] [modloading-worker-0/DEBUG] [net.minecraftforge.fml.config.ConfigTracker/CONFIG]: Config file pneumaticcraft-common.toml for pneumaticcraft tracking
[255月2025 13:35:28.474] [modloading-worker-0/DEBUG] [net.minecraftforge.fml.config.ConfigTracker/CONFIG]: Config file pneumaticcraft-client.toml for pneumaticcraft tracking
[255月2025 13:35:28.476] [modloading-worker-0/DEBUG] [com.tterrag.registrate.AbstractRegistrate/REGISTRATE.REGISTER]: Captured registration for entry barbequesdelight:raw_cod_skewer of type minecraft:item
[255月2025 13:35:28.477] [modloading-worker-0/DEBUG] [com.tterrag.registrate.AbstractRegistrate/REGISTRATE.REGISTER]: Captured registration for entry youkaishomecoming:coffea of type minecraft:block
[255月2025 13:35:28.479] [modloading-worker-0/DEBUG] [com.tterrag.registrate.AbstractRegistrate/REGISTRATE.REGISTER]: Captured registration for entry barbequesdelight:grilled_cod_skewer of type minecraft:item
[255月2025 13:35:28.479] [modloading-worker-0/DEBUG] [com.tterrag.registrate.AbstractRegistrate/REGISTRATE.REGISTER]: Captured registration for entry barbequesdelight:raw_salmon_skewer of type minecraft:item
[255月2025 13:35:28.479] [modloading-worker-0/DEBUG] [com.tterrag.registrate.AbstractRegistrate/REGISTRATE.REGISTER]: Captured registration for entry barbequesdelight:grilled_salmon_skewer of type minecraft:item
[255月2025 13:35:28.479] [modloading-worker-0/DEBUG] [com.tterrag.registrate.AbstractRegistrate/REGISTRATE.REGISTER]: Captured registration for entry barbequesdelight:raw_chicken_skewer of type minecraft:item
[255月2025 13:35:28.480] [modloading-worker-0/DEBUG] [com.tterrag.registrate.AbstractRegistrate/REGISTRATE.REGISTER]: Captured registration for entry barbequesdelight:grilled_chicken_skewer of type minecraft:item
[255月2025 13:35:28.480] [modloading-worker-0/DEBUG] [com.tterrag.registrate.AbstractRegistrate/REGISTRATE.REGISTER]: Captured registration for entry barbequesdelight:raw_mushroom_skewer of type minecraft:item
[255月2025 13:35:28.480] [modloading-worker-0/DEBUG] [com.tterrag.registrate.AbstractRegistrate/REGISTRATE.REGISTER]: Captured registration for entry barbequesdelight:grilled_mushroom_skewer of type minecraft:item
[255月2025 13:35:28.480] [modloading-worker-0/DEBUG] [net.minecraftforge.fml.javafmlmod.AutomaticEventSubscriber/LOADING]: Auto-subscribing com.github.wallev.maidsoulkitchen.event.ItemTabEvent to MOD
[255月2025 13:35:28.481] [modloading-worker-0/DEBUG] [com.tterrag.registrate.AbstractRegistrate/REGISTRATE.REGISTER]: Captured registration for entry barbequesdelight:raw_beef_skewer of type minecraft:item
[255月2025 13:35:28.481] [modloading-worker-0/DEBUG] [com.tterrag.registrate.AbstractRegistrate/REGISTRATE.REGISTER]: Captured registration for entry youkaishomecoming:wild_coffea of type minecraft:item
[255月2025 13:35:28.481] [modloading-worker-0/DEBUG] [com.tterrag.registrate.AbstractRegistrate/REGISTRATE.REGISTER]: Captured registration for entry barbequesdelight:grilled_beef_skewer of type minecraft:item
[255月2025 13:35:28.481] [modloading-worker-0/DEBUG] [com.tterrag.registrate.AbstractRegistrate/REGISTRATE.REGISTER]: Captured registration for entry youkaishomecoming:wild_coffea of type minecraft:block
[255月2025 13:35:28.482] [modloading-worker-0/DEBUG] [com.tterrag.registrate.AbstractRegistrate/REGISTRATE.REGISTER]: Captured registration for entry youkaishomecoming:green_coffee_bean of type minecraft:item
[255月2025 13:35:28.482] [modloading-worker-0/DEBUG] [com.tterrag.registrate.AbstractRegistrate/REGISTRATE.REGISTER]: Captured registration for entry youkaishomecoming:coffee_berries of type minecraft:item
[255月2025 13:35:28.482] [modloading-worker-0/DEBUG] [com.tterrag.registrate.AbstractRegistrate/REGISTRATE.REGISTER]: Captured registration for entry barbequesdelight:raw_lamb_skewer of type minecraft:item
[255月2025 13:35:28.482] [modloading-worker-0/DEBUG] [net.minecraftforge.fml.javafmlmod.AutomaticEventSubscriber/LOADING]: Auto-subscribing com.github.wallev.maidsoulkitchen.event.MelonConfigEvent to MOD
[255月2025 13:35:28.482] [modloading-worker-0/DEBUG] [com.tterrag.registrate.AbstractRegistrate/REGISTRATE.REGISTER]: Captured registration for entry barbequesdelight:grilled_lamb_skewer of type minecraft:item
[255月2025 13:35:28.483] [modloading-worker-0/DEBUG] [com.tterrag.registrate.AbstractRegistrate/REGISTRATE.REGISTER]: Captured registration for entry barbequesdelight:raw_rabbit_skewer of type minecraft:item
[255月2025 13:35:28.483] [modloading-worker-0/DEBUG] [com.tterrag.registrate.AbstractRegistrate/REGISTRATE.REGISTER]: Captured registration for entry barbequesdelight:grilled_rabbit_skewer of type minecraft:item
[255月2025 13:35:28.484] [modloading-worker-0/DEBUG] [com.tterrag.registrate.AbstractRegistrate/REGISTRATE.REGISTER]: Captured registration for entry barbequesdelight:raw_pork_sausage_skewer of type minecraft:item
[255月2025 13:35:28.484] [modloading-worker-0/DEBUG] [com.tterrag.registrate.AbstractRegistrate/REGISTRATE.REGISTER]: Captured registration for entry barbequesdelight:grilled_pork_sausage_skewer of type minecraft:item
[255月2025 13:35:28.484] [modloading-worker-0/DEBUG] [net.minecraftforge.fml.javafmlmod.AutomaticEventSubscriber/LOADING]: Auto-subscribing com.soytutta.mynethersdelight.common.item.HotCreamConeItem$StriderFeedEvent to FORGE
[255月2025 13:35:28.484] [modloading-worker-0/DEBUG] [com.tterrag.registrate.AbstractRegistrate/REGISTRATE.REGISTER]: Captured registration for entry barbequesdelight:raw_potato_skewer of type minecraft:item
[255月2025 13:35:28.484] [modloading-worker-0/DEBUG] [com.tterrag.registrate.AbstractRegistrate/REGISTRATE.REGISTER]: Captured registration for entry barbequesdelight:grilled_potato_skewer of type minecraft:item
[255月2025 13:35:28.485] [modloading-worker-0/DEBUG] [com.tterrag.registrate.AbstractRegistrate/REGISTRATE.REGISTER]: Captured registration for entry barbequesdelight:raw_vegetable_skewer of type minecraft:item
[255月2025 13:35:28.485] [modloading-worker-0/DEBUG] [mixin/]: Mixing client.MixinInventoryScreen from patchouli_xplat.mixins.json into net.minecraft.client.gui.screens.inventory.InventoryScreen
[255月2025 13:35:28.485] [modloading-worker-0/DEBUG] [com.tterrag.registrate.AbstractRegistrate/REGISTRATE.REGISTER]: Captured registration for entry barbequesdelight:grilled_vegetable_skewer of type minecraft:item
[255月2025 13:35:28.487] [modloading-worker-0/DEBUG] [com.tterrag.registrate.AbstractRegistrate/REGISTRATE.REGISTER]: Captured registration for entry youkaishomecoming:tea of type minecraft:block
[255月2025 13:35:28.488] [modloading-worker-0/DEBUG] [com.tterrag.registrate.AbstractRegistrate/REGISTRATE.REGISTER]: Captured registration for entry youkaishomecoming:wild_tea of type minecraft:item
[255月2025 13:35:28.488] [modloading-worker-0/DEBUG] [com.tterrag.registrate.AbstractRegistrate/REGISTRATE.REGISTER]: Captured registration for entry youkaishomecoming:wild_tea of type minecraft:block
[255月2025 13:35:28.488] [modloading-worker-0/DEBUG] [com.tterrag.registrate.AbstractRegistrate/REGISTRATE.REGISTER]: Captured registration for entry youkaishomecoming:tea_seeds of type minecraft:item
[255月2025 13:35:28.488] [modloading-worker-0/DEBUG] [com.tterrag.registrate.AbstractRegistrate/REGISTRATE.REGISTER]: Captured registration for entry youkaishomecoming:tea_leaves of type minecraft:item
[255月2025 13:35:28.489] [modloading-worker-0/DEBUG] [com.tterrag.registrate.AbstractRegistrate/REGISTRATE.REGISTER]: Captured registration for entry youkaishomecoming:udumbara of type minecraft:block
[255月2025 13:35:28.492] [modloading-worker-0/DEBUG] [com.tterrag.registrate.AbstractRegistrate/REGISTRATE.REGISTER]: Captured registration for entry youkaishomecoming:wild_udumbara of type minecraft:item
[255月2025 13:35:28.492] [modloading-worker-0/DEBUG] [com.tterrag.registrate.AbstractRegistrate/REGISTRATE.REGISTER]: Captured registration for entry youkaishomecoming:wild_udumbara of type minecraft:block
[255月2025 13:35:28.492] [modloading-worker-0/DEBUG] [com.tterrag.registrate.AbstractRegistrate/REGISTRATE.REGISTER]: Captured registration for entry youkaishomecoming:udumbara_seeds of type minecraft:item
[255月2025 13:35:28.492] [modloading-worker-0/DEBUG] [com.tterrag.registrate.AbstractRegistrate/REGISTRATE.REGISTER]: Captured registration for entry youkaishomecoming:udumbara_flower of type minecraft:item
[255月2025 13:35:28.493] [modloading-worker-0/DEBUG] [com.tterrag.registrate.AbstractRegistrate/REGISTRATE.REGISTER]: Captured registration for entry youkaishomecoming:mandrake of type minecraft:block
[255月2025 13:35:28.493] [modloading-worker-0/DEBUG] [com.tterrag.registrate.AbstractRegistrate/REGISTRATE.REGISTER]: Captured registration for entry youkaishomecoming:wild_mandrake of type minecraft:item
[255月2025 13:35:28.493] [modloading-worker-0/DEBUG] [com.tterrag.registrate.AbstractRegistrate/REGISTRATE.REGISTER]: Captured registration for entry youkaishomecoming:wild_mandrake of type minecraft:block
[255月2025 13:35:28.493] [modloading-worker-0/DEBUG] [com.tterrag.registrate.AbstractRegistrate/REGISTRATE.REGISTER]: Captured registration for entry youkaishomecoming:mandrake_root of type minecraft:item
[255月2025 13:35:28.494] [modloading-worker-0/DEBUG] [com.tterrag.registrate.AbstractRegistrate/REGISTRATE.REGISTER]: Captured registration for entry youkaishomecoming:mandrake_flower of type minecraft:item
[255月2025 13:35:28.494] [modloading-worker-0/DEBUG] [com.tterrag.registrate.AbstractRegistrate/REGISTRATE.REGISTER]: Captured registration for entry youkaishomecoming:coffee_beans of type minecraft:item
[255月2025 13:35:28.494] [modloading-worker-0/DEBUG] [com.tterrag.registrate.AbstractRegistrate/REGISTRATE.REGISTER]: Captured registration for entry youkaishomecoming:coffee_powder of type minecraft:item
[255月2025 13:35:28.514] [modloading-worker-0/DEBUG] [com.tterrag.registrate.AbstractRegistrate/REGISTRATE.REGISTER]: Captured registration for entry youkaishomecoming:black_tea_leaves of type minecraft:item
[255月2025 13:35:28.515] [modloading-worker-0/DEBUG] [com.tterrag.registrate.AbstractRegistrate/REGISTRATE.REGISTER]: Captured registration for entry youkaishomecoming:green_tea_leaves of type minecraft:item
[255月2025 13:35:28.514] [modloading-worker-0/DEBUG] [com.tterrag.registrate.AbstractRegistrate/REGISTRATE.REGISTER]: Captured registration for entry barbequesdelight:burnt_skewer of type minecraft:item
[255月2025 13:35:28.515] [modloading-worker-0/DEBUG] [mixin/]: Mixing AddItemModifierAccessor from youkaishomecoming.mixins.json into vectorwing.farmersdelight.common.loot.modifier.AddItemModifier
[255月2025 13:35:28.515] [modloading-worker-0/DEBUG] [com.tterrag.registrate.AbstractRegistrate/REGISTRATE.REGISTER]: Captured registration for entry youkaishomecoming:oolong_tea_leaves of type minecraft:item
[255月2025 13:35:28.515] [modloading-worker-0/DEBUG] [com.tterrag.registrate.AbstractRegistrate/REGISTRATE.REGISTER]: Captured registration for entry youkaishomecoming:white_tea_leaves of type minecraft:item
[255月2025 13:35:28.516] [modloading-worker-0/DEBUG] [com.tterrag.registrate.AbstractRegistrate/REGISTRATE.REGISTER]: Captured registration for entry youkaishomecoming:matcha of type minecraft:item
[255月2025 13:35:28.516] [modloading-worker-0/DEBUG] [com.tterrag.registrate.AbstractRegistrate/REGISTRATE.REGISTER]: Captured registration for entry youkaishomecoming:stripped_mandrake_root of type minecraft:item
[255月2025 13:35:28.517] [modloading-worker-0/DEBUG] [mixin/]: Renaming @Invoker method create([Lnet/minecraft/world/level/storage/loot/predicates/LootItemCondition;Lnet/minecraft/world/item/Item;I)Lvectorwing/farmersdelight/common/loot/modifier/AddItemModifier; to create_$md$01afea$0 in youkaishomecoming.mixins.json:AddItemModifierAccessor
[255月2025 13:35:28.517] [modloading-worker-0/DEBUG] [com.tterrag.registrate.AbstractRegistrate/REGISTRATE.REGISTER]: Captured registration for entry youkaishomecoming:dried_mandrake_flower of type minecraft:item
[255月2025 13:35:28.517] [modloading-worker-0/DEBUG] [com.tterrag.registrate.AbstractRegistrate/REGISTRATE.REGISTER]: Captured registration for entry youkaishomecoming:soybean_bag of type minecraft:item
[255月2025 13:35:28.517] [modloading-worker-0/DEBUG] [com.tterrag.registrate.AbstractRegistrate/REGISTRATE.REGISTER]: Captured registration for entry youkaishomecoming:soybean_bag of type minecraft:block
[255月2025 13:35:28.517] [modloading-worker-0/DEBUG] [com.tterrag.registrate.AbstractRegistrate/REGISTRATE.REGISTER]: Captured registration for entry youkaishomecoming:redbean_bag of type minecraft:item
[255月2025 13:35:28.517] [modloading-worker-0/DEBUG] [com.tterrag.registrate.AbstractRegistrate/REGISTRATE.REGISTER]: Captured registration for entry youkaishomecoming:redbean_bag of type minecraft:block
[255月2025 13:35:28.517] [modloading-worker-0/DEBUG] [com.tterrag.registrate.AbstractRegistrate/REGISTRATE.REGISTER]: Captured registration for entry youkaishomecoming:coffee_bean_bag of type minecraft:item
[255月2025 13:35:28.517] [modloading-worker-0/DEBUG] [com.tterrag.registrate.AbstractRegistrate/REGISTRATE.REGISTER]: Captured registration for entry youkaishomecoming:coffee_bean_bag of type minecraft:block
[255月2025 13:35:28.517] [modloading-worker-0/DEBUG] [com.tterrag.registrate.AbstractRegistrate/REGISTRATE.REGISTER]: Captured registration for entry youkaishomecoming:tea_leaf_bag of type minecraft:item
[255月2025 13:35:28.518] [modloading-worker-0/DEBUG] [com.tterrag.registrate.AbstractRegistrate/REGISTRATE.REGISTER]: Captured registration for entry youkaishomecoming:tea_leaf_bag of type minecraft:block
[255月2025 13:35:28.518] [modloading-worker-0/DEBUG] [com.tterrag.registrate.AbstractRegistrate/REGISTRATE.REGISTER]: Captured registration for entry youkaishomecoming:black_tea_bag of type minecraft:item
[255月2025 13:35:28.518] [modloading-worker-0/DEBUG] [com.tterrag.registrate.AbstractRegistrate/REGISTRATE.REGISTER]: Captured registration for entry youkaishomecoming:black_tea_bag of type minecraft:block
[255月2025 13:35:28.518] [modloading-worker-0/DEBUG] [com.tterrag.registrate.AbstractRegistrate/REGISTRATE.REGISTER]: Captured registration for entry youkaishomecoming:green_tea_bag of type minecraft:item
[255月2025 13:35:28.518] [modloading-worker-0/DEBUG] [com.tterrag.registrate.AbstractRegistrate/REGISTRATE.REGISTER]: Captured registration for entry youkaishomecoming:green_tea_bag of type minecraft:block
[255月2025 13:35:28.518] [modloading-worker-0/DEBUG] [com.tterrag.registrate.AbstractRegistrate/REGISTRATE.REGISTER]: Captured registration for entry youkaishomecoming:oolong_tea_bag of type minecraft:item
[255月2025 13:35:28.518] [modloading-worker-0/DEBUG] [com.tterrag.registrate.AbstractRegistrate/REGISTRATE.REGISTER]: Captured registration for entry youkaishomecoming:oolong_tea_bag of type minecraft:block
[255月2025 13:35:28.518] [modloading-worker-0/DEBUG] [com.tterrag.registrate.AbstractRegistrate/REGISTRATE.REGISTER]: Captured registration for entry youkaishomecoming:white_tea_bag of type minecraft:item
[255月2025 13:35:28.518] [modloading-worker-0/DEBUG] [com.tterrag.registrate.AbstractRegistrate/REGISTRATE.REGISTER]: Captured registration for entry youkaishomecoming:white_tea_bag of type minecraft:block
[255月2025 13:35:28.521] [modloading-worker-0/DEBUG] [net.minecraftforge.fml.javafmlmod.AutomaticEventSubscriber/LOADING]: Auto-subscribing com.github.wallev.maidsoulkitchen.init.CompatRegistry to MOD
[255月2025 13:35:28.524] [modloading-worker-0/DEBUG] [com.tterrag.registrate.AbstractRegistrate/REGISTRATE.REGISTER]: Captured registration for entry barbequesdelight:kebab_wrap of type minecraft:item
[255月2025 13:35:28.525] [modloading-worker-0/DEBUG] [com.tterrag.registrate.AbstractRegistrate/REGISTRATE.REGISTER]: Captured registration for entry barbequesdelight:kebab_sandwich of type minecraft:item
[255月2025 13:35:28.525] [modloading-worker-0/DEBUG] [com.tterrag.registrate.AbstractRegistrate/REGISTRATE.REGISTER]: Captured registration for entry barbequesdelight:bibimbap of type minecraft:item
[255月2025 13:35:28.527] [modloading-worker-0/DEBUG] [mixin/]: Mixing AddLootTableModifierAccessor from youkaishomecoming.mixins.json into vectorwing.farmersdelight.common.loot.modifier.AddLootTableModifier
[255月2025 13:35:28.527] [modloading-worker-0/DEBUG] [com.tterrag.registrate.AbstractRegistrate/REGISTRATE.REGISTER]: Captured registration for entry barbequesdelight:grilling of type minecraft:recipe_type
[255月2025 13:35:28.527] [modloading-worker-0/DEBUG] [mixin/]: Renaming @Invoker method createAddLootTableModifier([Lnet/minecraft/world/level/storage/loot/predicates/LootItemCondition;Lnet/minecraft/resources/ResourceLocation;)Lvectorwing/farmersdelight/common/loot/modifier/AddLootTableModifier; to createAddLootTableModifier_$md$01afea$0 in youkaishomecoming.mixins.json:AddLootTableModifierAccessor
[255月2025 13:35:28.527] [modloading-worker-0/DEBUG] [com.tterrag.registrate.AbstractRegistrate/REGISTRATE.REGISTER]: Captured registration for entry barbequesdelight:skewering of type minecraft:recipe_type
[255月2025 13:35:28.531] [modloading-worker-0/DEBUG] [net.minecraftforge.fml.javafmlmod.AutomaticEventSubscriber/LOADING]: Auto-subscribing com.github.wallev.maidsoulkitchen.init.registry.CommonRegistry to MOD
[255月2025 13:35:28.531] [modloading-worker-0/DEBUG] [net.minecraftforge.fml.javafmlmod.AutomaticEventSubscriber/LOADING]: Auto-subscribing com.soytutta.mynethersdelight.client.event.ClientSetupEvents to MOD
[255月2025 13:35:28.533] [modloading-worker-0/DEBUG] [com.tterrag.registrate.AbstractRegistrate/REGISTRATE.REGISTER]: Captured registration for entry barbequesdelight:grilling of type minecraft:recipe_serializer
[255月2025 13:35:28.534] [modloading-worker-0/INFO] [In-game NBTEdit Reborn/]: NBTEdit loaded!
[255月2025 13:35:28.534] [modloading-worker-0/DEBUG] [net.minecraftforge.fml.javafmlmod.AutomaticEventSubscriber/LOADING]: Attempting to inject @EventBusSubscriber classes into the eventbus for nbtedit
[255月2025 13:35:28.534] [modloading-worker-0/DEBUG] [net.minecraftforge.fml.javafmlmod.AutomaticEventSubscriber/LOADING]: Auto-subscribing cx.rain.mc.nbtedit.forge.keybinding.OnNBTEditShortcut to FORGE
[255月2025 13:35:28.534] [modloading-worker-0/DEBUG] [com.tterrag.registrate.AbstractRegistrate/REGISTRATE.REGISTER]: Captured registration for entry barbequesdelight:skewering of type minecraft:recipe_serializer
[255月2025 13:35:28.536] [modloading-worker-0/DEBUG] [net.minecraftforge.fml.javafmlmod.AutomaticEventSubscriber/LOADING]: Auto-subscribing cx.rain.mc.nbtedit.forge.keybinding.NBTEditKeyBindings to MOD
[255月2025 13:35:28.537] [modloading-worker-0/DEBUG] [com.tterrag.registrate.AbstractRegistrate/REGISTRATE.REGISTER]: Captured registration for entry barbequesdelight:combine of type minecraft:recipe_serializer
[255月2025 13:35:28.540] [modloading-worker-0/DEBUG] [net.minecraftforge.fml.javafmlmod.AutomaticEventSubscriber/LOADING]: Attempting to inject @EventBusSubscriber classes into the eventbus for cloth_config
[255月2025 13:35:28.540] [modloading-worker-0/DEBUG] [net.minecraftforge.fml.javafmlmod.AutomaticEventSubscriber/LOADING]: Attempting to inject @EventBusSubscriber classes into the eventbus for quickmodstart
[255月2025 13:35:28.541] [modloading-worker-0/DEBUG] [net.minecraftforge.fml.javafmlmod.AutomaticEventSubscriber/LOADING]: Auto-subscribing cx.rain.mc.nbtedit.forge.data.DataGen to MOD
[255月2025 13:35:28.542] [modloading-worker-0/DEBUG] [net.minecraftforge.fml.javafmlmod.AutomaticEventSubscriber/LOADING]: Attempting to inject @EventBusSubscriber classes into the eventbus for barbequesdelight
[255月2025 13:35:28.543] [modloading-worker-0/DEBUG] [net.minecraftforge.fml.javafmlmod.AutomaticEventSubscriber/LOADING]: Auto-subscribing com.mao.barbequesdelight.init.BarbequesDelight to MOD
[255月2025 13:35:28.544] [modloading-worker-0/DEBUG] [net.minecraftforge.fml.javafmlmod.AutomaticEventSubscriber/LOADING]: Auto-subscribing com.mao.barbequesdelight.init.BBQDClient to MOD
[255月2025 13:35:28.544] [modloading-worker-0/DEBUG] [net.minecraftforge.fml.javafmlmod.AutomaticEventSubscriber/LOADING]: Auto-subscribing cx.rain.mc.nbtedit.forge.command.NBTEditPermissionImpl to FORGE
[255月2025 13:35:28.546] [modloading-worker-0/DEBUG] [net.minecraftforge.fml.javafmlmod.AutomaticEventSubscriber/LOADING]: Auto-subscribing com.mao.barbequesdelight.event.BBQGeneralEventHandlers to FORGE
[255月2025 13:35:28.547] [modloading-worker-0/DEBUG] [com.tterrag.registrate.AbstractRegistrate/REGISTRATE.REGISTER]: Captured registration for entry youkaishomecoming:soy_sauce of type forge:fluid_type
[255月2025 13:35:28.547] [modloading-worker-0/DEBUG] [com.tterrag.registrate.AbstractRegistrate/REGISTRATE.REGISTER]: Captured registration for entry youkaishomecoming:soy_sauce of type minecraft:fluid
[255月2025 13:35:28.550] [modloading-worker-0/DEBUG] [com.tterrag.registrate.AbstractRegistrate/REGISTRATE.REGISTER]: Captured registration for entry youkaishomecoming:flowing_soy_sauce of type minecraft:fluid
[255月2025 13:35:28.551] [modloading-worker-0/DEBUG] [com.tterrag.registrate.AbstractRegistrate/REGISTRATE.REGISTER]: Captured registration for entry youkaishomecoming:soy_sauce_bottle of type minecraft:item
[255月2025 13:35:28.551] [modloading-worker-0/DEBUG] [net.minecraftforge.fml.config.ConfigTracker/CONFIG]: Config file toms_storage-common.toml for toms_storage tracking
[255月2025 13:35:28.551] [modloading-worker-0/DEBUG] [net.minecraftforge.fml.config.ConfigTracker/CONFIG]: Config file toms_storage-server.toml for toms_storage tracking
[255月2025 13:35:28.552] [modloading-worker-0/DEBUG] [com.tterrag.registrate.AbstractRegistrate/REGISTRATE.REGISTER]: Captured registration for entry youkaishomecoming:blood of type forge:fluid_type
[255月2025 13:35:28.553] [modloading-worker-0/DEBUG] [com.tterrag.registrate.AbstractRegistrate/REGISTRATE.REGISTER]: Captured registration for entry youkaishomecoming:blood of type minecraft:fluid
[255月2025 13:35:28.553] [modloading-worker-0/DEBUG] [com.tterrag.registrate.AbstractRegistrate/REGISTRATE.REGISTER]: Captured registration for entry youkaishomecoming:flowing_blood of type minecraft:fluid
[255月2025 13:35:28.553] [modloading-worker-0/DEBUG] [com.tterrag.registrate.AbstractRegistrate/REGISTRATE.REGISTER]: Captured registration for entry youkaishomecoming:blood_bottle of type minecraft:item
[255月2025 13:35:28.554] [modloading-worker-0/DEBUG] [com.tterrag.registrate.AbstractRegistrate/REGISTRATE.REGISTER]: Captured registration for entry youkaishomecoming:bowl_of_cream of type minecraft:item
[255月2025 13:35:28.555] [modloading-worker-0/DEBUG] [com.tterrag.registrate.AbstractRegistrate/REGISTRATE.REGISTER]: Captured registration for entry youkaishomecoming:ice_cube of type minecraft:item
[255月2025 13:35:28.556] [modloading-worker-0/DEBUG] [net.minecraftforge.versions.forge.ForgeVersion/CORE]: Forge Version package package net.minecraftforge.versions.forge, Forge, version 47.1 from cpw.mods.modlauncher.TransformingClassLoader@2bc7db89
[255月2025 13:35:28.556] [modloading-worker-0/DEBUG] [net.minecraftforge.versions.forge.ForgeVersion/CORE]: Found Forge version 47.1.3
[255月2025 13:35:28.556] [modloading-worker-0/DEBUG] [net.minecraftforge.versions.forge.ForgeVersion/CORE]: Found Forge spec 47.1
[255月2025 13:35:28.556] [modloading-worker-0/DEBUG] [net.minecraftforge.versions.forge.ForgeVersion/CORE]: Found Forge group net.minecraftforge
[255月2025 13:35:28.558] [modloading-worker-0/DEBUG] [net.minecraftforge.versions.mcp.MCPVersion/CORE]: MCP Version package package net.minecraftforge.versions.mcp, Minecraft, version 1.20.1 from cpw.mods.modlauncher.TransformingClassLoader@2bc7db89
[255月2025 13:35:28.558] [modloading-worker-0/DEBUG] [net.minecraftforge.versions.mcp.MCPVersion/CORE]: Found MC version information 1.20.1
[255月2025 13:35:28.558] [modloading-worker-0/DEBUG] [net.minecraftforge.versions.mcp.MCPVersion/CORE]: Found MCP version information 20230612.114412
[255月2025 13:35:28.558] [modloading-worker-0/INFO] [net.minecraftforge.common.ForgeMod/FORGEMOD]: Forge mod loading, version 47.1.3, for MC 1.20.1 with MCP 20230612.114412
[255月2025 13:35:28.558] [modloading-worker-0/INFO] [net.minecraftforge.common.MinecraftForge/FORGE]: MinecraftForge v47.1.3 Initialized
[255月2025 13:35:28.559] [modloading-worker-0/DEBUG] [com.tterrag.registrate.AbstractRegistrate/REGISTRATE.REGISTER]: Captured registration for entry youkaishomecoming:fairy_ice_crystal of type minecraft:item
[255月2025 13:35:28.561] [modloading-worker-0/DEBUG] [com.tterrag.registrate.AbstractRegistrate/REGISTRATE.REGISTER]: Captured registration for entry youkaishomecoming:frozen_frog_cold of type minecraft:item
[255月2025 13:35:28.561] [modloading-worker-0/DEBUG] [com.tterrag.registrate.AbstractRegistrate/REGISTRATE.REGISTER]: Captured registration for entry youkaishomecoming:frozen_frog_warm of type minecraft:item
[255月2025 13:35:28.571] [modloading-worker-0/DEBUG] [com.tterrag.registrate.AbstractRegistrate/REGISTRATE.REGISTER]: Captured registration for entry youkaishomecoming:frozen_frog_temperate of type minecraft:item
[255月2025 13:35:28.570] [modloading-worker-0/DEBUG] [net.minecraftforge.fml.javafmlmod.AutomaticEventSubscriber/LOADING]: Attempting to inject @EventBusSubscriber classes into the eventbus for farmersdelight
[255月2025 13:35:28.571] [modloading-worker-0/DEBUG] [net.minecraftforge.fml.javafmlmod.AutomaticEventSubscriber/LOADING]: Auto-subscribing vectorwing.farmersdelight.data.DataGenerators to MOD
[255月2025 13:35:28.574] [modloading-worker-0/DEBUG] [com.tterrag.registrate.AbstractRegistrate/REGISTRATE.REGISTER]: Captured registration for entry youkaishomecoming:can of type minecraft:item
[255月2025 13:35:28.576] [modloading-worker-0/DEBUG] [net.minecraftforge.fml.javafmlmod.AutomaticEventSubscriber/LOADING]: Auto-subscribing vectorwing.farmersdelight.common.item.SkilletItem$SkilletEvents to FORGE
[255月2025 13:35:28.577] [modloading-worker-0/DEBUG] [net.minecraftforge.fml.javafmlmod.AutomaticEventSubscriber/LOADING]: Auto-subscribing vectorwing.farmersdelight.common.item.KnifeItem$KnifeEvents to FORGE
[255月2025 13:35:28.583] [modloading-worker-0/INFO] [libIPN/]: [libIPN] libIPN - init in Kotlin
[255月2025 13:35:28.586] [modloading-worker-0/DEBUG] [net.minecraftforge.fml.javafmlmod.AutomaticEventSubscriber/LOADING]: Auto-subscribing vectorwing.farmersdelight.common.item.HorseFeedItem$HorseFeedEvent to FORGE
[255月2025 13:35:28.587] [modloading-worker-0/DEBUG] [net.minecraftforge.fml.javafmlmod.AutomaticEventSubscriber/LOADING]: Auto-subscribing vectorwing.farmersdelight.common.item.enchantment.BackstabbingEnchantment$BackstabbingEvent to FORGE
[255月2025 13:35:28.587] [modloading-worker-0/DEBUG] [net.minecraftforge.fml.javafmlmod.AutomaticEventSubscriber/LOADING]: Auto-subscribing cx.rain.mc.nbtedit.forge.command.NBTEditCommandRegister to FORGE
[255月2025 13:35:28.588] [modloading-worker-0/DEBUG] [thedarkcolour.kotlinforforge.LoggerKt/LOADING]: Attempting to inject @EventBusSubscriber kotlin objects in to the event bus for libipn
[255月2025 13:35:28.590] [modloading-worker-0/DEBUG] [mixin/]: Mixing CookingPotRecipeAccessor from youkaishomecoming.mixins.json into vectorwing.farmersdelight.common.crafting.CookingPotRecipe
[255月2025 13:35:28.596] [modloading-worker-0/DEBUG] [net.minecraftforge.fml.config.ConfigTracker/CONFIG]: Config file appleskin-client.toml for appleskin tracking
[255月2025 13:35:28.598] [modloading-worker-0/WARN] [net.minecraftforge.common.ForgeConfigSpec/CORE]: Configuration file G:\mc-mods\maidsoulkitchen\MaidsoulKitchen-1.20.1\run-data\config\appleskin-client.toml is not correct. Correcting
[255月2025 13:35:28.600] [modloading-worker-0/DEBUG] [net.minecraftforge.fml.javafmlmod.AutomaticEventSubscriber/LOADING]: Attempting to inject @EventBusSubscriber classes into the eventbus for crockpot
[255月2025 13:35:28.600] [modloading-worker-0/DEBUG] [net.minecraftforge.fml.javafmlmod.AutomaticEventSubscriber/LOADING]: Auto-subscribing com.sihenzhang.crockpot.integration.theoneprobe.ModIntegrationTheOneProbe to MOD
[255月2025 13:35:28.601] [modloading-worker-0/WARN] [net.minecraftforge.common.ForgeConfigSpec/CORE]: Incorrect key client was corrected from null to its default, SimpleCommentedConfig:{}. 
[255月2025 13:35:28.601] [modloading-worker-0/WARN] [net.minecraftforge.common.ForgeConfigSpec/CORE]: Incorrect key client.showFoodValuesInTooltip was corrected from null to its default, true. 
[255月2025 13:35:28.601] [modloading-worker-0/DEBUG] [net.minecraftforge.common.ForgeConfigSpec/CORE]: The comment on key client.showFoodValuesInTooltip does not match the spec. This may create a backup.
[255月2025 13:35:28.601] [modloading-worker-0/WARN] [net.minecraftforge.common.ForgeConfigSpec/CORE]: Incorrect key client.showFoodValuesInTooltipAlways was corrected from null to its default, true. 
[255月2025 13:35:28.601] [modloading-worker-0/DEBUG] [net.minecraftforge.common.ForgeConfigSpec/CORE]: The comment on key client.showFoodValuesInTooltipAlways does not match the spec. This may create a backup.
[255月2025 13:35:28.601] [modloading-worker-0/WARN] [net.minecraftforge.common.ForgeConfigSpec/CORE]: Incorrect key client.showSaturationHudOverlay was corrected from null to its default, true. 
[255月2025 13:35:28.601] [modloading-worker-0/DEBUG] [net.minecraftforge.common.ForgeConfigSpec/CORE]: The comment on key client.showSaturationHudOverlay does not match the spec. This may create a backup.
[255月2025 13:35:28.601] [modloading-worker-0/WARN] [net.minecraftforge.common.ForgeConfigSpec/CORE]: Incorrect key client.showFoodValuesHudOverlay was corrected from null to its default, true. 
[255月2025 13:35:28.601] [modloading-worker-0/DEBUG] [net.minecraftforge.common.ForgeConfigSpec/CORE]: The comment on key client.showFoodValuesHudOverlay does not match the spec. This may create a backup.
[255月2025 13:35:28.602] [modloading-worker-0/WARN] [net.minecraftforge.common.ForgeConfigSpec/CORE]: Incorrect key client.showFoodValuesHudOverlayWhenOffhand was corrected from null to its default, true. 
[255月2025 13:35:28.602] [modloading-worker-0/DEBUG] [net.minecraftforge.common.ForgeConfigSpec/CORE]: The comment on key client.showFoodValuesHudOverlayWhenOffhand does not match the spec. This may create a backup.
[255月2025 13:35:28.602] [modloading-worker-0/WARN] [net.minecraftforge.common.ForgeConfigSpec/CORE]: Incorrect key client.showFoodExhaustionHudUnderlay was corrected from null to its default, true. 
[255月2025 13:35:28.602] [modloading-worker-0/DEBUG] [net.minecraftforge.fml.javafmlmod.AutomaticEventSubscriber/LOADING]: Auto-subscribing com.sihenzhang.crockpot.integration.curios.ModIntegrationCurios to MOD
[255月2025 13:35:28.602] [modloading-worker-0/DEBUG] [net.minecraftforge.common.ForgeConfigSpec/CORE]: The comment on key client.showFoodExhaustionHudUnderlay does not match the spec. This may create a backup.
[255月2025 13:35:28.602] [modloading-worker-0/WARN] [net.minecraftforge.common.ForgeConfigSpec/CORE]: Incorrect key client.showFoodStatsInDebugOverlay was corrected from null to its default, true. 
[255月2025 13:35:28.602] [modloading-worker-0/DEBUG] [net.minecraftforge.common.ForgeConfigSpec/CORE]: The comment on key client.showFoodStatsInDebugOverlay does not match the spec. This may create a backup.
[255月2025 13:35:28.602] [modloading-worker-0/WARN] [net.minecraftforge.common.ForgeConfigSpec/CORE]: Incorrect key client.showFoodHealthHudOverlay was corrected from null to its default, true. 
[255月2025 13:35:28.602] [modloading-worker-0/DEBUG] [net.minecraftforge.common.ForgeConfigSpec/CORE]: The comment on key client.showFoodHealthHudOverlay does not match the spec. This may create a backup.
[255月2025 13:35:28.602] [modloading-worker-0/WARN] [net.minecraftforge.common.ForgeConfigSpec/CORE]: Incorrect key client.showVanillaAnimationsOverlay was corrected from null to its default, true. 
[255月2025 13:35:28.602] [modloading-worker-0/DEBUG] [net.minecraftforge.common.ForgeConfigSpec/CORE]: The comment on key client.showVanillaAnimationsOverlay does not match the spec. This may create a backup.
[255月2025 13:35:28.602] [modloading-worker-0/WARN] [net.minecraftforge.common.ForgeConfigSpec/CORE]: Incorrect key client.maxHudOverlayFlashAlpha was corrected from null to its default, 0.65. 
[255月2025 13:35:28.602] [modloading-worker-0/DEBUG] [net.minecraftforge.common.ForgeConfigSpec/CORE]: The comment on key client.maxHudOverlayFlashAlpha does not match the spec. This may create a backup.
[255月2025 13:35:28.602] [modloading-worker-0/DEBUG] [com.sammy.minersdelight.repack.registrate.AbstractRegistrate/REGISTRATE.REGISTER]: Captured registration for entry copper_pot of type minecraft:item
[255月2025 13:35:28.603] [modloading-worker-0/DEBUG] [net.minecraftforge.fml.javafmlmod.AutomaticEventSubscriber/LOADING]: Auto-subscribing com.sihenzhang.crockpot.event.SpawnRestrictionEvent to MOD
[255月2025 13:35:28.604] [modloading-worker-0/DEBUG] [net.minecraftforge.fml.javafmlmod.AutomaticEventSubscriber/LOADING]: Auto-subscribing vectorwing.farmersdelight.common.item.DogFoodItem$DogFoodEvent to FORGE
[255月2025 13:35:28.608] [modloading-worker-0/DEBUG] [net.minecraftforge.fml.javafmlmod.AutomaticEventSubscriber/LOADING]: Auto-subscribing vectorwing.farmersdelight.common.event.VillagerEvents to FORGE
[255月2025 13:35:28.608] [modloading-worker-0/DEBUG] [net.minecraftforge.fml.javafmlmod.AutomaticEventSubscriber/LOADING]: Attempting to inject @EventBusSubscriber classes into the eventbus for appleskin
[255月2025 13:35:28.611] [modloading-worker-0/DEBUG] [com.tterrag.registrate.AbstractRegistrate/REGISTRATE.REGISTER]: Captured registration for entry youkaishomecoming:raw_lamprey of type minecraft:item
[255月2025 13:35:28.612] [modloading-worker-0/DEBUG] [net.minecraftforge.fml.javafmlmod.AutomaticEventSubscriber/LOADING]: Attempting to inject @EventBusSubscriber classes into the eventbus for storagedrawers
[255月2025 13:35:28.612] [modloading-worker-0/DEBUG] [net.minecraftforge.fml.javafmlmod.AutomaticEventSubscriber/LOADING]: Auto-subscribing com.sihenzhang.crockpot.event.RegisterPacketsEvent to MOD
[255月2025 13:35:28.612] [modloading-worker-0/DEBUG] [net.minecraftforge.fml.javafmlmod.AutomaticEventSubscriber/LOADING]: Auto-subscribing com.jaquadro.minecraft.storagedrawers.core.CommonEventBusSubscriber to FORGE
[255月2025 13:35:28.612] [modloading-worker-0/DEBUG] [com.tterrag.registrate.AbstractRegistrate/REGISTRATE.REGISTER]: Captured registration for entry youkaishomecoming:roasted_lamprey of type minecraft:item
[255月2025 13:35:28.612] [modloading-worker-0/DEBUG] [com.tterrag.registrate.AbstractRegistrate/REGISTRATE.REGISTER]: Captured registration for entry youkaishomecoming:raw_lamprey_fillet of type minecraft:item
[255月2025 13:35:28.613] [modloading-worker-0/DEBUG] [net.minecraftforge.fml.javafmlmod.AutomaticEventSubscriber/LOADING]: Auto-subscribing com.sihenzhang.crockpot.event.MilkmadeHatRepairEvent to FORGE
[255月2025 13:35:28.613] [modloading-worker-0/DEBUG] [com.tterrag.registrate.AbstractRegistrate/REGISTRATE.REGISTER]: Captured registration for entry youkaishomecoming:roasted_lamprey_fillet of type minecraft:item
[255月2025 13:35:28.613] [modloading-worker-0/DEBUG] [com.tterrag.registrate.AbstractRegistrate/REGISTRATE.REGISTER]: Captured registration for entry l2damagetracker:crit_rate of type minecraft:attribute
[255月2025 13:35:28.614] [modloading-worker-0/DEBUG] [net.minecraftforge.fml.javafmlmod.AutomaticEventSubscriber/LOADING]: Auto-subscribing com.jaquadro.minecraft.storagedrawers.client.model.BasicDrawerModel$Register to MOD
[255月2025 13:35:28.615] [modloading-worker-0/DEBUG] [net.minecraftforge.fml.javafmlmod.AutomaticEventSubscriber/LOADING]: Auto-subscribing vectorwing.farmersdelight.common.event.SetupEvents to MOD
[255月2025 13:35:28.615] [modloading-worker-0/DEBUG] [com.tterrag.registrate.AbstractRegistrate/REGISTRATE.REGISTER]: Captured registration for entry youkaishomecoming:flesh of type minecraft:item
[255月2025 13:35:28.616] [modloading-worker-0/DEBUG] [com.tterrag.registrate.AbstractRegistrate/REGISTRATE.REGISTER]: Captured registration for entry youkaishomecoming:cooked_flesh of type minecraft:item
[255月2025 13:35:28.616] [modloading-worker-0/DEBUG] [com.tterrag.registrate.AbstractRegistrate/REGISTRATE.REGISTER]: Captured registration for entry youkaishomecoming:cooked_mandrake_root of type minecraft:item
[255月2025 13:35:28.616] [modloading-worker-0/DEBUG] [net.minecraftforge.fml.javafmlmod.AutomaticEventSubscriber/LOADING]: Auto-subscribing com.sihenzhang.crockpot.event.MilkWithBottleEvent to FORGE
[255月2025 13:35:28.616] [modloading-worker-0/DEBUG] [com.tterrag.registrate.AbstractRegistrate/REGISTRATE.REGISTER]: Captured registration for entry youkaishomecoming:roe of type minecraft:item
[255月2025 13:35:28.616] [modloading-worker-0/DEBUG] [com.tterrag.registrate.AbstractRegistrate/REGISTRATE.REGISTER]: Captured registration for entry youkaishomecoming:butter of type minecraft:item
[255月2025 13:35:28.616] [modloading-worker-0/DEBUG] [com.tterrag.registrate.AbstractRegistrate/REGISTRATE.REGISTER]: Captured registration for entry youkaishomecoming:tofu of type minecraft:item
[255月2025 13:35:28.616] [modloading-worker-0/DEBUG] [com.tterrag.registrate.AbstractRegistrate/REGISTRATE.REGISTER]: Captured registration for entry youkaishomecoming:oily_bean_curd of type minecraft:item
[255月2025 13:35:28.616] [modloading-worker-0/DEBUG] [com.tterrag.registrate.AbstractRegistrate/REGISTRATE.REGISTER]: Captured registration for entry youkaishomecoming:mochi of type minecraft:item
[255月2025 13:35:28.616] [modloading-worker-0/DEBUG] [com.tterrag.registrate.AbstractRegistrate/REGISTRATE.REGISTER]: Captured registration for entry youkaishomecoming:tsukimi_dango of type minecraft:item
[255月2025 13:35:28.616] [modloading-worker-0/DEBUG] [net.minecraftforge.fml.javafmlmod.AutomaticEventSubscriber/LOADING]: Auto-subscribing vectorwing.farmersdelight.common.event.MappingEvents to FORGE
[255月2025 13:35:28.618] [modloading-worker-0/DEBUG] [net.minecraftforge.fml.javafmlmod.AutomaticEventSubscriber/LOADING]: Auto-subscribing com.sihenzhang.crockpot.event.GoatConversionEvent to FORGE
[255月2025 13:35:28.618] [modloading-worker-0/DEBUG] [com.tterrag.registrate.AbstractRegistrate/REGISTRATE.REGISTER]: Captured registration for entry l2damagetracker:crit_damage of type minecraft:attribute
[255月2025 13:35:28.620] [modloading-worker-0/DEBUG] [com.tterrag.registrate.AbstractRegistrate/REGISTRATE.REGISTER]: Captured registration for entry l2damagetracker:bow_strength of type minecraft:attribute
[255月2025 13:35:28.620] [modloading-worker-0/DEBUG] [mixin/]: Mixing GameRendererMixin from youkaishomecoming.mixins.json into net.minecraft.client.renderer.GameRenderer
[255月2025 13:35:28.620] [modloading-worker-0/DEBUG] [com.tterrag.registrate.AbstractRegistrate/REGISTRATE.REGISTER]: Captured registration for entry l2damagetracker:explosion_damage of type minecraft:attribute
[255月2025 13:35:28.620] [modloading-worker-0/DEBUG] [com.tterrag.registrate.AbstractRegistrate/REGISTRATE.REGISTER]: Captured registration for entry l2damagetracker:fire_damage of type minecraft:attribute
[255月2025 13:35:28.620] [modloading-worker-0/DEBUG] [com.tterrag.registrate.AbstractRegistrate/REGISTRATE.REGISTER]: Captured registration for entry l2damagetracker:magic_damage of type minecraft:attribute
[255月2025 13:35:28.620] [modloading-worker-0/DEBUG] [com.tterrag.registrate.AbstractRegistrate/REGISTRATE.REGISTER]: Captured registration for entry youkaishomecoming:youkaified of type minecraft:mob_effect
[255月2025 13:35:28.620] [modloading-worker-0/DEBUG] [com.tterrag.registrate.AbstractRegistrate/REGISTRATE.REGISTER]: Captured registration for entry l2damagetracker:damage_absorption of type minecraft:attribute
[255月2025 13:35:28.620] [modloading-worker-0/DEBUG] [mixin/]: Mixing client.TipsyDrunkRendererMixin from brewinandchewin.mixins.json into net.minecraft.client.renderer.GameRenderer
[255月2025 13:35:28.621] [modloading-worker-0/DEBUG] [com.tterrag.registrate.AbstractRegistrate/REGISTRATE.REGISTER]: Captured registration for entry l2damagetracker:damage_reduction of type minecraft:attribute
[255月2025 13:35:28.641] [modloading-worker-0/DEBUG] [io.netty.util.internal.PlatformDependent0/]: -Dio.netty.noUnsafe: false
[255月2025 13:35:28.642] [modloading-worker-0/DEBUG] [io.netty.util.internal.PlatformDependent0/]: Java version: 17
[255月2025 13:35:28.643] [modloading-worker-0/DEBUG] [io.netty.util.internal.PlatformDependent0/]: sun.misc.Unsafe.theUnsafe: available
[255月2025 13:35:28.643] [modloading-worker-0/DEBUG] [io.netty.util.internal.PlatformDependent0/]: sun.misc.Unsafe.copyMemory: available
[255月2025 13:35:28.643] [modloading-worker-0/DEBUG] [io.netty.util.internal.PlatformDependent0/]: sun.misc.Unsafe.storeFence: available
[255月2025 13:35:28.644] [modloading-worker-0/DEBUG] [io.netty.util.internal.PlatformDependent0/]: java.nio.Buffer.address: available
[255月2025 13:35:28.644] [modloading-worker-0/DEBUG] [io.netty.util.internal.PlatformDependent0/]: direct buffer constructor: unavailable
java.lang.UnsupportedOperationException: Reflective setAccessible(true) disabled
	at io.netty.util.internal.ReflectionUtil.trySetAccessible(ReflectionUtil.java:31) ~[netty-common-4.1.82.Final.jar%23151!/:4.1.82.Final]
	at io.netty.util.internal.PlatformDependent0$5.run(PlatformDependent0.java:288) ~[netty-common-4.1.82.Final.jar%23151!/:4.1.82.Final]
	at java.security.AccessController.doPrivileged(AccessController.java:318) ~[?:?]
	at io.netty.util.internal.PlatformDependent0.<clinit>(PlatformDependent0.java:282) ~[netty-common-4.1.82.Final.jar%23151!/:4.1.82.Final]
	at io.netty.util.internal.PlatformDependent.isAndroid(PlatformDependent.java:333) ~[netty-common-4.1.82.Final.jar%23151!/:4.1.82.Final]
	at io.netty.util.internal.PlatformDependent.<clinit>(PlatformDependent.java:88) ~[netty-common-4.1.82.Final.jar%23151!/:4.1.82.Final]
	at io.netty.util.ConstantPool.<init>(ConstantPool.java:34) ~[netty-common-4.1.82.Final.jar%23151!/:4.1.82.Final]
	at io.netty.util.AttributeKey$1.<init>(AttributeKey.java:27) ~[netty-common-4.1.82.Final.jar%23151!/:4.1.82.Final]
	at io.netty.util.AttributeKey.<clinit>(AttributeKey.java:27) ~[netty-common-4.1.82.Final.jar%23151!/:4.1.82.Final]
	at net.minecraftforge.network.NetworkConstants.<clinit>(NetworkConstants.java:34) ~[forge-1.20.1-47.1.3_mapped_parchment_2023.09.03-1.20.1.jar%23190%23197!/:?]
	at net.minecraftforge.common.ForgeMod.<init>(ForgeMod.java:429) ~[forge-1.20.1-47.1.3_mapped_parchment_2023.09.03-1.20.1.jar%23190%23197!/:?]
	at jdk.internal.reflect.NativeConstructorAccessorImpl.newInstance0(Native Method) ~[?:?]
	at jdk.internal.reflect.NativeConstructorAccessorImpl.newInstance(NativeConstructorAccessorImpl.java:77) ~[?:?]
	at jdk.internal.reflect.DelegatingConstructorAccessorImpl.newInstance(DelegatingConstructorAccessorImpl.java:45) ~[?:?]
	at java.lang.reflect.Constructor.newInstanceWithCaller(Constructor.java:500) ~[?:?]
	at java.lang.reflect.Constructor.newInstance(Constructor.java:481) ~[?:?]
	at net.minecraftforge.fml.javafmlmod.FMLModContainer.constructMod(FMLModContainer.java:68) ~[javafmllanguage-1.20.1-47.1.3.jar%23192!/:?]
	at net.minecraftforge.fml.ModContainer.lambda$buildTransitionHandler$10(ModContainer.java:123) ~[fmlcore-1.20.1-47.1.3.jar%23195!/:?]
	at java.util.concurrent.CompletableFuture$AsyncRun.run(CompletableFuture.java:1804) ~[?:?]
	at java.util.concurrent.CompletableFuture$AsyncRun.exec(CompletableFuture.java:1796) ~[?:?]
	at java.util.concurrent.ForkJoinTask.doExec(ForkJoinTask.java:373) ~[?:?]
	at java.util.concurrent.ForkJoinPool$WorkQueue.topLevelExec(ForkJoinPool.java:1182) ~[?:?]
	at java.util.concurrent.ForkJoinPool.scan(ForkJoinPool.java:1655) ~[?:?]
	at java.util.concurrent.ForkJoinPool.runWorker(ForkJoinPool.java:1622) ~[?:?]
	at java.util.concurrent.ForkJoinWorkerThread.run(ForkJoinWorkerThread.java:165) ~[?:?]
[255月2025 13:35:28.659] [modloading-worker-0/DEBUG] [io.netty.util.internal.PlatformDependent0/]: java.nio.Bits.unaligned: available, true
[255月2025 13:35:28.660] [modloading-worker-0/DEBUG] [io.netty.util.internal.PlatformDependent0/]: jdk.internal.misc.Unsafe.allocateUninitializedArray(int): unavailable
java.lang.IllegalAccessException: class io.netty.util.internal.PlatformDependent0$7 (in module io.netty.common) cannot access class jdk.internal.misc.Unsafe (in module java.base) because module java.base does not export jdk.internal.misc to module io.netty.common
	at jdk.internal.reflect.Reflection.newIllegalAccessException(Reflection.java:392) ~[?:?]
	at java.lang.reflect.AccessibleObject.checkAccess(AccessibleObject.java:674) ~[?:?]
	at java.lang.reflect.Method.invoke(Method.java:561) ~[?:?]
	at io.netty.util.internal.PlatformDependent0$7.run(PlatformDependent0.java:410) ~[netty-common-4.1.82.Final.jar%23151!/:4.1.82.Final]
	at java.security.AccessController.doPrivileged(AccessController.java:318) ~[?:?]
	at io.netty.util.internal.PlatformDependent0.<clinit>(PlatformDependent0.java:401) ~[netty-common-4.1.82.Final.jar%23151!/:4.1.82.Final]
	at io.netty.util.internal.PlatformDependent.isAndroid(PlatformDependent.java:333) ~[netty-common-4.1.82.Final.jar%23151!/:4.1.82.Final]
	at io.netty.util.internal.PlatformDependent.<clinit>(PlatformDependent.java:88) ~[netty-common-4.1.82.Final.jar%23151!/:4.1.82.Final]
	at io.netty.util.ConstantPool.<init>(ConstantPool.java:34) ~[netty-common-4.1.82.Final.jar%23151!/:4.1.82.Final]
	at io.netty.util.AttributeKey$1.<init>(AttributeKey.java:27) ~[netty-common-4.1.82.Final.jar%23151!/:4.1.82.Final]
	at io.netty.util.AttributeKey.<clinit>(AttributeKey.java:27) ~[netty-common-4.1.82.Final.jar%23151!/:4.1.82.Final]
	at net.minecraftforge.network.NetworkConstants.<clinit>(NetworkConstants.java:34) ~[forge-1.20.1-47.1.3_mapped_parchment_2023.09.03-1.20.1.jar%23190%23197!/:?]
	at net.minecraftforge.common.ForgeMod.<init>(ForgeMod.java:429) ~[forge-1.20.1-47.1.3_mapped_parchment_2023.09.03-1.20.1.jar%23190%23197!/:?]
	at jdk.internal.reflect.NativeConstructorAccessorImpl.newInstance0(Native Method) ~[?:?]
	at jdk.internal.reflect.NativeConstructorAccessorImpl.newInstance(NativeConstructorAccessorImpl.java:77) ~[?:?]
	at jdk.internal.reflect.DelegatingConstructorAccessorImpl.newInstance(DelegatingConstructorAccessorImpl.java:45) ~[?:?]
	at java.lang.reflect.Constructor.newInstanceWithCaller(Constructor.java:500) ~[?:?]
	at java.lang.reflect.Constructor.newInstance(Constructor.java:481) ~[?:?]
	at net.minecraftforge.fml.javafmlmod.FMLModContainer.constructMod(FMLModContainer.java:68) ~[javafmllanguage-1.20.1-47.1.3.jar%23192!/:?]
	at net.minecraftforge.fml.ModContainer.lambda$buildTransitionHandler$10(ModContainer.java:123) ~[fmlcore-1.20.1-47.1.3.jar%23195!/:?]
	at java.util.concurrent.CompletableFuture$AsyncRun.run(CompletableFuture.java:1804) ~[?:?]
	at java.util.concurrent.CompletableFuture$AsyncRun.exec(CompletableFuture.java:1796) ~[?:?]
	at java.util.concurrent.ForkJoinTask.doExec(ForkJoinTask.java:373) ~[?:?]
	at java.util.concurrent.ForkJoinPool$WorkQueue.topLevelExec(ForkJoinPool.java:1182) ~[?:?]
	at java.util.concurrent.ForkJoinPool.scan(ForkJoinPool.java:1655) ~[?:?]
	at java.util.concurrent.ForkJoinPool.runWorker(ForkJoinPool.java:1622) ~[?:?]
	at java.util.concurrent.ForkJoinWorkerThread.run(ForkJoinWorkerThread.java:165) ~[?:?]
[255月2025 13:35:28.666] [modloading-worker-0/DEBUG] [io.netty.util.internal.PlatformDependent0/]: java.nio.DirectByteBuffer.<init>(long, int): unavailable
[255月2025 13:35:28.666] [modloading-worker-0/DEBUG] [io.netty.util.internal.PlatformDependent/]: sun.misc.Unsafe: available
[255月2025 13:35:28.666] [modloading-worker-0/DEBUG] [io.netty.util.internal.PlatformDependent/]: maxDirectMemory: 4238344192 bytes (maybe)
[255月2025 13:35:28.667] [modloading-worker-0/DEBUG] [io.netty.util.internal.PlatformDependent/]: -Dio.netty.tmpdir: C:\Users\addor\AppData\Local\Temp (java.io.tmpdir)
[255月2025 13:35:28.667] [modloading-worker-0/DEBUG] [io.netty.util.internal.PlatformDependent/]: -Dio.netty.bitMode: 64 (sun.arch.data.model)
[255月2025 13:35:28.667] [modloading-worker-0/DEBUG] [io.netty.util.internal.PlatformDependent/]: Platform: Windows
[255月2025 13:35:28.668] [modloading-worker-0/DEBUG] [io.netty.util.internal.PlatformDependent/]: -Dio.netty.maxDirectMemory: -1 bytes
[255月2025 13:35:28.668] [modloading-worker-0/DEBUG] [io.netty.util.internal.PlatformDependent/]: -Dio.netty.uninitializedArrayAllocationThreshold: -1
[255月2025 13:35:28.669] [modloading-worker-0/DEBUG] [io.netty.util.internal.CleanerJava9/]: java.nio.ByteBuffer.cleaner(): available
[255月2025 13:35:28.670] [modloading-worker-0/DEBUG] [io.netty.util.internal.PlatformDependent/]: -Dio.netty.noPreferDirect: false
[255月2025 13:35:28.671] [modloading-worker-0/DEBUG] [com.tterrag.registrate.AbstractRegistrate/REGISTRATE.REGISTER]: Captured registration for entry youkaishomecoming:youkaifying of type minecraft:mob_effect
[255月2025 13:35:28.673] [modloading-worker-0/DEBUG] [com.tterrag.registrate.AbstractRegistrate/REGISTRATE.REGISTER]: Captured registration for entry youkaishomecoming:caffeinated of type minecraft:mob_effect
[255月2025 13:35:28.673] [modloading-worker-0/DEBUG] [net.minecraftforge.fml.javafmlmod.AutomaticEventSubscriber/LOADING]: Auto-subscribing vectorwing.farmersdelight.common.event.CommonEvents to FORGE
[255月2025 13:35:28.674] [modloading-worker-0/DEBUG] [com.tterrag.registrate.AbstractRegistrate/REGISTRATE.REGISTER]: Captured registration for entry youkaishomecoming:tea_polyphenols of type minecraft:mob_effect
[255月2025 13:35:28.674] [modloading-worker-0/DEBUG] [net.minecraftforge.fml.ModLoadingContext/]: Attempted to register an empty config for type CLIENT on mod l2damagetracker using file name l2_configs/l2damagetracker-client.toml
[255月2025 13:35:28.674] [modloading-worker-0/DEBUG] [net.minecraftforge.fml.config.ConfigTracker/CONFIG]: Config file l2_configs/l2damagetracker-common.toml for l2damagetracker tracking
[255月2025 13:35:28.676] [modloading-worker-0/DEBUG] [net.minecraftforge.fml.javafmlmod.AutomaticEventSubscriber/LOADING]: Auto-subscribing com.sihenzhang.crockpot.event.GnawsCoinSoulboundEvent to FORGE
[255月2025 13:35:28.679] [modloading-worker-0/DEBUG] [com.tterrag.registrate.AbstractRegistrate/REGISTRATE.REGISTER]: Captured registration for entry youkaishomecoming:sober of type minecraft:mob_effect
[255月2025 13:35:28.680] [modloading-worker-0/DEBUG] [net.minecraftforge.fml.javafmlmod.AutomaticEventSubscriber/LOADING]: Auto-subscribing com.sihenzhang.crockpot.event.ExplosionCraftingEvent to FORGE
[255月2025 13:35:28.680] [modloading-worker-0/DEBUG] [com.tterrag.registrate.AbstractRegistrate/REGISTRATE.REGISTER]: Captured registration for entry youkaishomecoming:drunk of type minecraft:mob_effect
[255月2025 13:35:28.681] [modloading-worker-0/DEBUG] [com.tterrag.registrate.AbstractRegistrate/REGISTRATE.REGISTER]: Captured registration for entry youkaishomecoming:refreshing of type minecraft:mob_effect
[255月2025 13:35:28.681] [modloading-worker-0/DEBUG] [com.tterrag.registrate.AbstractRegistrate/REGISTRATE.REGISTER]: Captured registration for entry youkaishomecoming:thick of type minecraft:mob_effect
[255月2025 13:35:28.682] [modloading-worker-0/DEBUG] [com.tterrag.registrate.AbstractRegistrate/REGISTRATE.REGISTER]: Captured registration for entry youkaishomecoming:smoothing of type minecraft:mob_effect
[255月2025 13:35:28.683] [modloading-worker-0/DEBUG] [com.tterrag.registrate.AbstractRegistrate/REGISTRATE.REGISTER]: Captured registration for entry youkaishomecoming:native_god_bless of type minecraft:mob_effect
[255月2025 13:35:28.683] [modloading-worker-0/DEBUG] [com.tterrag.registrate.AbstractRegistrate/REGISTRATE.REGISTER]: Captured registration for entry youkaishomecoming:unconscious of type minecraft:mob_effect
[255月2025 13:35:28.684] [modloading-worker-0/DEBUG] [mixin/]: Mixing FontMixin from jade.mixins.json into net.minecraft.client.gui.Font
[255月2025 13:35:28.684] [modloading-worker-0/DEBUG] [mixin/]: jade.mixins.json:FontMixin: Class version 61 required is higher than the class version supported by the current version of Mixin (JAVA_16 supports class version 60)
[255月2025 13:35:28.703] [modloading-worker-0/DEBUG] [net.minecraftforge.fml.javafmlmod.AutomaticEventSubscriber/LOADING]: Auto-subscribing vectorwing.farmersdelight.common.block.CuttingBoardBlock$ToolCarvingEvent to FORGE
[255月2025 13:35:28.704] [modloading-worker-0/DEBUG] [net.minecraftforge.fml.javafmlmod.AutomaticEventSubscriber/LOADING]: Auto-subscribing vectorwing.farmersdelight.client.event.TooltipEvents to FORGE
[255月2025 13:35:28.705] [modloading-worker-0/DEBUG] [net.minecraftforge.fml.javafmlmod.AutomaticEventSubscriber/LOADING]: Auto-subscribing com.jaquadro.minecraft.storagedrawers.client.ClientModBusSubscriber to MOD
[255月2025 13:35:28.707] [modloading-worker-0/DEBUG] [com.tterrag.registrate.AbstractRegistrate/REGISTRATE.REGISTER]: Captured registration for entry youkaishomecoming:aphrodisiac of type minecraft:mob_effect
[255月2025 13:35:28.707] [modloading-worker-0/DEBUG] [com.tterrag.registrate.AbstractRegistrate/REGISTRATE.REGISTER]: Captured registration for entry youkaishomecoming:hypnosis of type minecraft:mob_effect
[255月2025 13:35:28.708] [modloading-worker-0/DEBUG] [com.tterrag.registrate.AbstractRegistrate/REGISTRATE.REGISTER]: Captured registration for entry youkaishomecoming:phantom of type minecraft:mob_effect
[255月2025 13:35:28.710] [modloading-worker-0/DEBUG] [net.minecraftforge.fml.javafmlmod.AutomaticEventSubscriber/LOADING]: Auto-subscribing vectorwing.farmersdelight.client.event.ClientSetupEvents to MOD
[255月2025 13:35:28.710] [modloading-worker-0/DEBUG] [net.minecraftforge.fml.javafmlmod.AutomaticEventSubscriber/LOADING]: Auto-subscribing com.sihenzhang.crockpot.event.EntityAttributeEvent to MOD
[255月2025 13:35:28.712] [modloading-worker-0/DEBUG] [com.tterrag.registrate.AbstractRegistrate/REGISTRATE.REGISTER]: Captured registration for entry cuisinedelight:fried_egg of type minecraft:item
[255月2025 13:35:28.712] [modloading-worker-0/DEBUG] [net.minecraftforge.fml.javafmlmod.AutomaticEventSubscriber/LOADING]: Auto-subscribing com.sihenzhang.crockpot.event.CrockPotEffectsEvent to FORGE
[255月2025 13:35:28.712] [modloading-worker-0/DEBUG] [com.tterrag.registrate.AbstractRegistrate/REGISTRATE.REGISTER]: Captured registration for entry cuisinedelight:cuisine of type minecraft:creative_mode_tab
[255月2025 13:35:28.712] [modloading-worker-0/DEBUG] [com.tterrag.registrate.AbstractRegistrate/REGISTRATE.REGISTER]: Captured registration for entry youkaishomecoming:higi of type minecraft:mob_effect
[255月2025 13:35:28.713] [modloading-worker-0/DEBUG] [com.tterrag.registrate.AbstractRegistrate/REGISTRATE.REGISTER]: Captured registration for entry youkaishomecoming:fairy of type minecraft:mob_effect
[255月2025 13:35:28.713] [modloading-worker-0/DEBUG] [mixin/]: Mixing client.AccessorMultiBufferSource from patchouli_xplat.mixins.json into net.minecraft.client.renderer.MultiBufferSource$BufferSource
[255月2025 13:35:28.715] [modloading-worker-0/DEBUG] [com.tterrag.registrate.AbstractRegistrate/REGISTRATE.REGISTER]: Captured registration for entry youkaishomecoming:coffee_mochi of type minecraft:item
[255月2025 13:35:28.716] [modloading-worker-0/DEBUG] [com.tterrag.registrate.AbstractRegistrate/REGISTRATE.REGISTER]: Captured registration for entry youkaishomecoming:matcha_mochi of type minecraft:item
[255月2025 13:35:28.716] [modloading-worker-0/DEBUG] [com.tterrag.registrate.AbstractRegistrate/REGISTRATE.REGISTER]: Captured registration for entry youkaishomecoming:sakura_mochi of type minecraft:item
[255月2025 13:35:28.716] [modloading-worker-0/DEBUG] [com.tterrag.registrate.AbstractRegistrate/REGISTRATE.REGISTER]: Captured registration for entry youkaishomecoming:yashouma_dango of type minecraft:item
[255月2025 13:35:28.717] [modloading-worker-0/DEBUG] [com.tterrag.registrate.AbstractRegistrate/REGISTRATE.REGISTER]: Captured registration for entry youkaishomecoming:onigili of type minecraft:item
[255月2025 13:35:28.717] [modloading-worker-0/DEBUG] [com.tterrag.registrate.AbstractRegistrate/REGISTRATE.REGISTER]: Captured registration for entry youkaishomecoming:senbei of type minecraft:item
[255月2025 13:35:28.717] [modloading-worker-0/DEBUG] [com.tterrag.registrate.AbstractRegistrate/REGISTRATE.REGISTER]: Captured registration for entry youkaishomecoming:sekibankiyaki of type minecraft:item
[255月2025 13:35:28.717] [modloading-worker-0/DEBUG] [com.tterrag.registrate.AbstractRegistrate/REGISTRATE.REGISTER]: Captured registration for entry youkaishomecoming:yakumo_inari of type minecraft:item
[255月2025 13:35:28.717] [modloading-worker-0/DEBUG] [com.tterrag.registrate.AbstractRegistrate/REGISTRATE.REGISTER]: Captured registration for entry youkaishomecoming:koishi_mousse of type minecraft:item
[255月2025 13:35:28.717] [modloading-worker-0/DEBUG] [com.tterrag.registrate.AbstractRegistrate/REGISTRATE.REGISTER]: Captured registration for entry youkaishomecoming:bun of type minecraft:item
[255月2025 13:35:28.718] [modloading-worker-0/DEBUG] [com.tterrag.registrate.AbstractRegistrate/REGISTRATE.REGISTER]: Captured registration for entry youkaishomecoming:oyaki of type minecraft:item
[255月2025 13:35:28.718] [modloading-worker-0/DEBUG] [com.tterrag.registrate.AbstractRegistrate/REGISTRATE.REGISTER]: Captured registration for entry youkaishomecoming:pork_rice_ball of type minecraft:item
[255月2025 13:35:28.718] [modloading-worker-0/DEBUG] [com.tterrag.registrate.AbstractRegistrate/REGISTRATE.REGISTER]: Captured registration for entry youkaishomecoming:tobiko_gunkan of type minecraft:item
[255月2025 13:35:28.718] [modloading-worker-0/DEBUG] [com.tterrag.registrate.AbstractRegistrate/REGISTRATE.REGISTER]: Captured registration for entry youkaishomecoming:tutu_congee of type minecraft:item
[255月2025 13:35:28.718] [modloading-worker-0/DEBUG] [com.tterrag.registrate.AbstractRegistrate/REGISTRATE.REGISTER]: Captured registration for entry youkaishomecoming:steamed_egg_in_bamboo of type minecraft:item
[255月2025 13:35:28.718] [modloading-worker-0/DEBUG] [com.tterrag.registrate.AbstractRegistrate/REGISTRATE.REGISTER]: Captured registration for entry youkaishomecoming:doughnut of type minecraft:item
[255月2025 13:35:28.719] [modloading-worker-0/DEBUG] [com.tterrag.registrate.AbstractRegistrate/REGISTRATE.REGISTER]: Captured registration for entry youkaishomecoming:higi_chocolate of type minecraft:item
[255月2025 13:35:28.719] [modloading-worker-0/DEBUG] [com.tterrag.registrate.AbstractRegistrate/REGISTRATE.REGISTER]: Captured registration for entry youkaishomecoming:higi_doughnut of type minecraft:item
[255月2025 13:35:28.719] [modloading-worker-0/DEBUG] [com.tterrag.registrate.AbstractRegistrate/REGISTRATE.REGISTER]: Captured registration for entry youkaishomecoming:fairy_candy of type minecraft:item
[255月2025 13:35:28.719] [modloading-worker-0/DEBUG] [com.tterrag.registrate.AbstractRegistrate/REGISTRATE.REGISTER]: Captured registration for entry youkaishomecoming:candy_apple of type minecraft:item
[255月2025 13:35:28.719] [modloading-worker-0/DEBUG] [com.tterrag.registrate.AbstractRegistrate/REGISTRATE.REGISTER]: Captured registration for entry youkaishomecoming:milk_popsicle of type minecraft:item
[255月2025 13:35:28.719] [modloading-worker-0/DEBUG] [com.tterrag.registrate.AbstractRegistrate/REGISTRATE.REGISTER]: Captured registration for entry youkaishomecoming:big_popsicle of type minecraft:item
[255月2025 13:35:28.719] [modloading-worker-0/DEBUG] [com.tterrag.registrate.AbstractRegistrate/REGISTRATE.REGISTER]: Captured registration for entry youkaishomecoming:kinako_dango of type minecraft:item
[255月2025 13:35:28.720] [modloading-worker-0/DEBUG] [com.tterrag.registrate.AbstractRegistrate/REGISTRATE.REGISTER]: Captured registration for entry youkaishomecoming:mitarashi_dango of type minecraft:item
[255月2025 13:35:28.720] [modloading-worker-0/DEBUG] [com.tterrag.registrate.AbstractRegistrate/REGISTRATE.REGISTER]: Captured registration for entry youkaishomecoming:assorted_dango of type minecraft:item
[255月2025 13:35:28.720] [modloading-worker-0/DEBUG] [com.tterrag.registrate.AbstractRegistrate/REGISTRATE.REGISTER]: Captured registration for entry youkaishomecoming:shaved_ice_over_rice of type minecraft:item
[255月2025 13:35:28.720] [modloading-worker-0/DEBUG] [com.tterrag.registrate.AbstractRegistrate/REGISTRATE.REGISTER]: Captured registration for entry youkaishomecoming:green_tea of type minecraft:item
[255月2025 13:35:28.721] [modloading-worker-0/DEBUG] [com.tterrag.registrate.AbstractRegistrate/REGISTRATE.REGISTER]: Captured registration for entry youkaishomecoming:white_tea of type minecraft:item
[255月2025 13:35:28.721] [modloading-worker-0/DEBUG] [com.tterrag.registrate.AbstractRegistrate/REGISTRATE.REGISTER]: Captured registration for entry youkaishomecoming:black_tea of type minecraft:item
[255月2025 13:35:28.722] [modloading-worker-0/DEBUG] [com.tterrag.registrate.AbstractRegistrate/REGISTRATE.REGISTER]: Captured registration for entry youkaishomecoming:oolong_tea of type minecraft:item
[255月2025 13:35:28.722] [modloading-worker-0/DEBUG] [com.tterrag.registrate.AbstractRegistrate/REGISTRATE.REGISTER]: Captured registration for entry youkaishomecoming:cornflower_tea of type minecraft:item
[255月2025 13:35:28.722] [modloading-worker-0/DEBUG] [com.tterrag.registrate.AbstractRegistrate/REGISTRATE.REGISTER]: Captured registration for entry youkaishomecoming:tea_mocha of type minecraft:item
[255月2025 13:35:28.723] [modloading-worker-0/DEBUG] [com.tterrag.registrate.AbstractRegistrate/REGISTRATE.REGISTER]: Captured registration for entry youkaishomecoming:saidi_tea of type minecraft:item
[255月2025 13:35:28.723] [modloading-worker-0/DEBUG] [com.tterrag.registrate.AbstractRegistrate/REGISTRATE.REGISTER]: Captured registration for entry youkaishomecoming:sakura_honey_tea of type minecraft:item
[255月2025 13:35:28.724] [modloading-worker-0/DEBUG] [com.tterrag.registrate.AbstractRegistrate/REGISTRATE.REGISTER]: Captured registration for entry youkaishomecoming:genmai_tea of type minecraft:item
[255月2025 13:35:28.725] [modloading-worker-0/DEBUG] [com.tterrag.registrate.AbstractRegistrate/REGISTRATE.REGISTER]: Captured registration for entry youkaishomecoming:scarlet_tea of type minecraft:item
[255月2025 13:35:28.725] [modloading-worker-0/DEBUG] [com.tterrag.registrate.AbstractRegistrate/REGISTRATE.REGISTER]: Captured registration for entry youkaishomecoming:green_water of type minecraft:item
[255月2025 13:35:28.725] [modloading-worker-0/DEBUG] [com.tterrag.registrate.AbstractRegistrate/REGISTRATE.REGISTER]: Captured registration for entry youkaishomecoming:apaki of type minecraft:item
[255月2025 13:35:28.726] [modloading-worker-0/DEBUG] [com.tterrag.registrate.AbstractRegistrate/REGISTRATE.REGISTER]: Captured registration for entry youkaishomecoming:avgolemono of type minecraft:item
[255月2025 13:35:28.726] [modloading-worker-0/DEBUG] [com.tterrag.registrate.AbstractRegistrate/REGISTRATE.REGISTER]: Captured registration for entry youkaishomecoming:blazing_red_curry of type minecraft:item
[255月2025 13:35:28.727] [modloading-worker-0/DEBUG] [com.tterrag.registrate.AbstractRegistrate/REGISTRATE.REGISTER]: Captured registration for entry youkaishomecoming:grilled_eel_over_rice of type minecraft:item
[255月2025 13:35:28.727] [modloading-worker-0/DEBUG] [com.tterrag.registrate.AbstractRegistrate/REGISTRATE.REGISTER]: Captured registration for entry youkaishomecoming:higan_soup of type minecraft:item
[255月2025 13:35:28.727] [modloading-worker-0/DEBUG] [com.tterrag.registrate.AbstractRegistrate/REGISTRATE.REGISTER]: Captured registration for entry youkaishomecoming:longevity_noodles of type minecraft:item
[255月2025 13:35:28.727] [modloading-worker-0/DEBUG] [com.tterrag.registrate.AbstractRegistrate/REGISTRATE.REGISTER]: Captured registration for entry youkaishomecoming:miso_soup of type minecraft:item
[255月2025 13:35:28.727] [modloading-worker-0/DEBUG] [com.tterrag.registrate.AbstractRegistrate/REGISTRATE.REGISTER]: Captured registration for entry youkaishomecoming:seafood_miso_soup of type minecraft:item
[255月2025 13:35:28.730] [modloading-worker-0/DEBUG] [net.minecraftforge.fml.javafmlmod.AutomaticEventSubscriber/LOADING]: Attempting to inject @EventBusSubscriber classes into the eventbus for l2damagetracker
[255月2025 13:35:28.730] [modloading-worker-0/DEBUG] [net.minecraftforge.fml.javafmlmod.AutomaticEventSubscriber/LOADING]: Auto-subscribing dev.xkmc.l2damagetracker.events.GeneralEventHandler to FORGE
[255月2025 13:35:28.731] [modloading-worker-0/DEBUG] [com.tterrag.registrate.AbstractRegistrate/REGISTRATE.REGISTER]: Captured registration for entry cuisinedelight:cuisine_skillet of type minecraft:item
[255月2025 13:35:28.732] [modloading-worker-0/DEBUG] [net.minecraftforge.fml.javafmlmod.AutomaticEventSubscriber/LOADING]: Auto-subscribing com.sihenzhang.crockpot.event.ComposterRecipeEvent to MOD
[255月2025 13:35:28.733] [modloading-worker-0/DEBUG] [net.minecraftforge.fml.javafmlmod.AutomaticEventSubscriber/LOADING]: Auto-subscribing com.sihenzhang.crockpot.event.ChickensFollowSeedsEvent to FORGE
[255月2025 13:35:28.733] [modloading-worker-0/DEBUG] [net.minecraftforge.fml.javafmlmod.AutomaticEventSubscriber/LOADING]: Auto-subscribing dev.xkmc.l2damagetracker.contents.attack.AttackEventHandler to FORGE
[255月2025 13:35:28.734] [modloading-worker-0/DEBUG] [net.minecraftforge.fml.javafmlmod.AutomaticEventSubscriber/LOADING]: Auto-subscribing com.sihenzhang.crockpot.event.AnimalsFollowPowcakeEvent to FORGE
[255月2025 13:35:28.737] [modloading-worker-0/DEBUG] [net.minecraftforge.fml.javafmlmod.AutomaticEventSubscriber/LOADING]: Auto-subscribing com.sihenzhang.crockpot.event.AddContentsToCreativeTabsEvent to MOD
[255月2025 13:35:28.737] [modloading-worker-0/DEBUG] [net.minecraftforge.fml.javafmlmod.AutomaticEventSubscriber/LOADING]: Auto-subscribing com.sihenzhang.crockpot.data.DataGen to MOD
[255月2025 13:35:28.741] [modloading-worker-0/DEBUG] [net.minecraftforge.fml.javafmlmod.AutomaticEventSubscriber/LOADING]: Auto-subscribing com.sihenzhang.crockpot.client.GnawsGiftHungerOverlay to FORGE
[255月2025 13:35:28.743] [modloading-worker-0/DEBUG] [com.tterrag.registrate.AbstractRegistrate/REGISTRATE.REGISTER]: Captured registration for entry youkaishomecoming:poor_god_soup of type minecraft:item
[255月2025 13:35:28.746] [modloading-worker-0/DEBUG] [com.tterrag.registrate.AbstractRegistrate/REGISTRATE.REGISTER]: Captured registration for entry youkaishomecoming:power_soup of type minecraft:item
[255月2025 13:35:28.746] [modloading-worker-0/DEBUG] [com.tterrag.registrate.AbstractRegistrate/REGISTRATE.REGISTER]: Captured registration for entry youkaishomecoming:shirayuki of type minecraft:item
[255月2025 13:35:28.747] [modloading-worker-0/DEBUG] [com.tterrag.registrate.AbstractRegistrate/REGISTRATE.REGISTER]: Captured registration for entry youkaishomecoming:sweet_ormosia_mochi_mixed_boiled of type minecraft:item
[255月2025 13:35:28.748] [modloading-worker-0/DEBUG] [com.tterrag.registrate.AbstractRegistrate/REGISTRATE.REGISTER]: Captured registration for entry youkaishomecoming:tuscan_salmon of type minecraft:item
[255月2025 13:35:28.748] [modloading-worker-0/DEBUG] [com.tterrag.registrate.AbstractRegistrate/REGISTRATE.REGISTER]: Captured registration for entry youkaishomecoming:mushroom_soup of type minecraft:item
[255月2025 13:35:28.749] [modloading-worker-0/DEBUG] [com.tterrag.registrate.AbstractRegistrate/REGISTRATE.REGISTER]: Captured registration for entry youkaishomecoming:lions_head of type minecraft:item
[255月2025 13:35:28.750] [modloading-worker-0/DEBUG] [com.tterrag.registrate.AbstractRegistrate/REGISTRATE.REGISTER]: Captured registration for entry youkaishomecoming:mapo_tofu of type minecraft:item
[255月2025 13:35:28.750] [modloading-worker-0/DEBUG] [com.tterrag.registrate.AbstractRegistrate/REGISTRATE.REGISTER]: Captured registration for entry cuisinedelight:spatula of type minecraft:item
[255月2025 13:35:28.750] [modloading-worker-0/DEBUG] [com.tterrag.registrate.AbstractRegistrate/REGISTRATE.REGISTER]: Captured registration for entry youkaishomecoming:udumbara_cake of type minecraft:item
[255月2025 13:35:28.751] [modloading-worker-0/DEBUG] [com.tterrag.registrate.AbstractRegistrate/REGISTRATE.REGISTER]: Captured registration for entry youkaishomecoming:bowl_of_heart_throbbing_surprise of type minecraft:item
[255月2025 13:35:28.751] [modloading-worker-0/DEBUG] [com.tterrag.registrate.AbstractRegistrate/REGISTRATE.REGISTER]: Captured registration for entry youkaishomecoming:flesh_dumplings of type minecraft:item
[255月2025 13:35:28.751] [modloading-worker-0/DEBUG] [com.tterrag.registrate.AbstractRegistrate/REGISTRATE.REGISTER]: Captured registration for entry youkaishomecoming:flesh_roll of type minecraft:item
[255月2025 13:35:28.751] [modloading-worker-0/DEBUG] [com.tterrag.registrate.AbstractRegistrate/REGISTRATE.REGISTER]: Captured registration for entry youkaishomecoming:canned_flesh of type minecraft:item
[255月2025 13:35:28.752] [modloading-worker-0/DEBUG] [com.tterrag.registrate.AbstractRegistrate/REGISTRATE.REGISTER]: Captured registration for entry youkaishomecoming:flesh_stew of type minecraft:item
[255月2025 13:35:28.752] [modloading-worker-0/DEBUG] [com.tterrag.registrate.AbstractRegistrate/REGISTRATE.REGISTER]: Captured registration for entry youkaishomecoming:bowl_of_flesh_feast of type minecraft:item
[255月2025 13:35:28.753] [modloading-worker-0/DEBUG] [com.tterrag.registrate.AbstractRegistrate/REGISTRATE.REGISTER]: Captured registration for entry youkaishomecoming:flesh_chocolate_mousse of type minecraft:item
[255月2025 13:35:28.753] [modloading-worker-0/DEBUG] [com.tterrag.registrate.AbstractRegistrate/REGISTRATE.REGISTER]: Captured registration for entry youkaishomecoming:scarlet_devil_cake of type minecraft:item
[255月2025 13:35:28.754] [modloading-worker-0/DEBUG] [com.tterrag.registrate.AbstractRegistrate/REGISTRATE.REGISTER]: Captured registration for entry cuisinedelight:plate of type minecraft:item
[255月2025 13:35:28.754] [modloading-worker-0/DEBUG] [net.minecraftforge.fml.javafmlmod.AutomaticEventSubscriber/LOADING]: Auto-subscribing com.sihenzhang.crockpot.client.FoodValuesTooltip to FORGE
[255月2025 13:35:28.755] [modloading-worker-0/DEBUG] [com.tterrag.registrate.AbstractRegistrate/REGISTRATE.REGISTER]: Captured registration for entry youkaishomecoming:chest_of_heart_throbbing_surprise of type minecraft:item
[255月2025 13:35:28.756] [modloading-worker-0/DEBUG] [com.tterrag.registrate.AbstractRegistrate/REGISTRATE.REGISTER]: Captured registration for entry youkaishomecoming:chest_of_heart_throbbing_surprise of type minecraft:block
[255月2025 13:35:28.756] [modloading-worker-0/DEBUG] [net.minecraftforge.fml.javafmlmod.AutomaticEventSubscriber/LOADING]: Auto-subscribing dev.xkmc.l2damagetracker.init.L2DamageTracker to MOD
[255月2025 13:35:28.759] [modloading-worker-0/DEBUG] [net.minecraftforge.fml.config.ConfigTracker/CONFIG]: Config file l2_configs/l2library-client.toml for l2library tracking
[255月2025 13:35:28.759] [modloading-worker-0/DEBUG] [net.minecraftforge.fml.config.ConfigTracker/CONFIG]: Config file l2_configs/l2library-common.toml for l2library tracking
[255月2025 13:35:28.761] [modloading-worker-0/DEBUG] [com.tterrag.registrate.AbstractRegistrate/REGISTRATE.REGISTER]: Captured registration for entry cuisinedelight:suspicious_mix of type minecraft:item
[255月2025 13:35:28.761] [modloading-worker-0/DEBUG] [com.tterrag.registrate.AbstractRegistrate/REGISTRATE.REGISTER]: Captured registration for entry cuisinedelight:ham_fried_rice of type minecraft:item
[255月2025 13:35:28.761] [modloading-worker-0/DEBUG] [com.tterrag.registrate.AbstractRegistrate/REGISTRATE.REGISTER]: Captured registration for entry cuisinedelight:fried_rice of type minecraft:item
[255月2025 13:35:28.761] [modloading-worker-0/DEBUG] [com.tterrag.registrate.AbstractRegistrate/REGISTRATE.REGISTER]: Captured registration for entry cuisinedelight:mixed_fried_rice of type minecraft:item
[255月2025 13:35:28.761] [modloading-worker-0/DEBUG] [com.tterrag.registrate.AbstractRegistrate/REGISTRATE.REGISTER]: Captured registration for entry cuisinedelight:meat_with_seafood of type minecraft:item
[255月2025 13:35:28.761] [modloading-worker-0/DEBUG] [com.tterrag.registrate.AbstractRegistrate/REGISTRATE.REGISTER]: Captured registration for entry cuisinedelight:meat_with_vegetables of type minecraft:item
[255月2025 13:35:28.761] [modloading-worker-0/DEBUG] [com.tterrag.registrate.AbstractRegistrate/REGISTRATE.REGISTER]: Captured registration for entry cuisinedelight:seafood_with_vegetables of type minecraft:item
[255月2025 13:35:28.761] [modloading-worker-0/DEBUG] [net.minecraftforge.fml.javafmlmod.AutomaticEventSubscriber/LOADING]: Auto-subscribing dev.xkmc.l2damagetracker.init.L2DamageTrackerClient to MOD
[255月2025 13:35:28.761] [modloading-worker-0/DEBUG] [com.tterrag.registrate.AbstractRegistrate/REGISTRATE.REGISTER]: Captured registration for entry cuisinedelight:fried_pasta of type minecraft:item
[255月2025 13:35:28.761] [modloading-worker-0/DEBUG] [com.tterrag.registrate.AbstractRegistrate/REGISTRATE.REGISTER]: Captured registration for entry cuisinedelight:mixed_pasta of type minecraft:item
[255月2025 13:35:28.765] [modloading-worker-0/DEBUG] [com.tterrag.registrate.AbstractRegistrate/REGISTRATE.REGISTER]: Captured registration for entry cuisinedelight:meat_fried_rice of type minecraft:item
[255月2025 13:35:28.765] [modloading-worker-0/DEBUG] [com.tterrag.registrate.AbstractRegistrate/REGISTRATE.REGISTER]: Captured registration for entry cuisinedelight:meat_pasta of type minecraft:item
[255月2025 13:35:28.765] [modloading-worker-0/DEBUG] [com.tterrag.registrate.AbstractRegistrate/REGISTRATE.REGISTER]: Captured registration for entry cuisinedelight:meat_platter of type minecraft:item
[255月2025 13:35:28.765] [modloading-worker-0/DEBUG] [com.tterrag.registrate.AbstractRegistrate/REGISTRATE.REGISTER]: Captured registration for entry cuisinedelight:seafood_fried_rice of type minecraft:item
[255月2025 13:35:28.765] [modloading-worker-0/DEBUG] [com.tterrag.registrate.AbstractRegistrate/REGISTRATE.REGISTER]: Captured registration for entry cuisinedelight:seafood_pasta of type minecraft:item
[255月2025 13:35:28.765] [modloading-worker-0/DEBUG] [com.tterrag.registrate.AbstractRegistrate/REGISTRATE.REGISTER]: Captured registration for entry cuisinedelight:seafood_platter of type minecraft:item
[255月2025 13:35:28.765] [modloading-worker-0/DEBUG] [com.tterrag.registrate.AbstractRegistrate/REGISTRATE.REGISTER]: Captured registration for entry cuisinedelight:vegetable_fried_rice of type minecraft:item
[255月2025 13:35:28.766] [modloading-worker-0/DEBUG] [com.tterrag.registrate.AbstractRegistrate/REGISTRATE.REGISTER]: Captured registration for entry cuisinedelight:vegetable_pasta of type minecraft:item
[255月2025 13:35:28.766] [modloading-worker-0/DEBUG] [com.tterrag.registrate.AbstractRegistrate/REGISTRATE.REGISTER]: Captured registration for entry cuisinedelight:vegetable_platter of type minecraft:item
[255月2025 13:35:28.767] [modloading-worker-0/DEBUG] [com.tterrag.registrate.AbstractRegistrate/REGISTRATE.REGISTER]: Captured registration for entry cuisinedelight:fried_mushroom of type minecraft:item
[255月2025 13:35:28.767] [modloading-worker-0/DEBUG] [com.tterrag.registrate.AbstractRegistrate/REGISTRATE.REGISTER]: Captured registration for entry cuisinedelight:fried_meat_and_melon of type minecraft:item
[255月2025 13:35:28.767] [modloading-worker-0/DEBUG] [com.tterrag.registrate.AbstractRegistrate/REGISTRATE.REGISTER]: Captured registration for entry cuisinedelight:scrambled_egg_and_tomato of type minecraft:item
[255月2025 13:35:28.765] [modloading-worker-0/DEBUG] [com.tterrag.registrate.AbstractRegistrate/REGISTRATE.REGISTER]: Captured registration for entry youkaishomecoming:heart_throbbing_surprise of type minecraft:block
[255月2025 13:35:28.792] [modloading-worker-0/DEBUG] [net.minecraftforge.fml.javafmlmod.AutomaticEventSubscriber/LOADING]: Auto-subscribing com.sihenzhang.crockpot.client.ClientRegistry to MOD
[255月2025 13:35:28.829] [modloading-worker-0/DEBUG] [com.tterrag.registrate.AbstractRegistrate/REGISTRATE.REGISTER]: Captured registration for entry youkaishomecoming:raw_flesh_feast of type minecraft:item
[255月2025 13:35:28.829] [modloading-worker-0/DEBUG] [com.tterrag.registrate.AbstractRegistrate/REGISTRATE.REGISTER]: Captured registration for entry cuisinedelight:cuisine_skillet of type minecraft:block
[255月2025 13:35:28.830] [modloading-worker-0/DEBUG] [mixin/]: Mixing drinkbeer.BeerBarrelBlockAccessor from maidsoulkitchen.mixins.json into lekavar.lma.drinkbeer.blockentities.BeerBarrelBlockEntity
[255月2025 13:35:28.833] [modloading-worker-0/DEBUG] [com.tterrag.registrate.AbstractRegistrate/REGISTRATE.REGISTER]: Captured registration for entry cuisinedelight:cuisine_skillet of type minecraft:block_entity_type
[255月2025 13:35:28.834] [modloading-worker-0/DEBUG] [com.tterrag.registrate.AbstractRegistrate/REGISTRATE.REGISTER]: Captured registration for entry cuisinedelight:cuisine of type minecraft:recipe_type
[255月2025 13:35:28.834] [modloading-worker-0/DEBUG] [net.minecraftforge.fml.javafmlmod.AutomaticEventSubscriber/LOADING]: Auto-subscribing com.sihenzhang.crockpot.capability.FoodCounterCapabilityHandler to FORGE
[255月2025 13:35:28.834] [modloading-worker-0/DEBUG] [com.tterrag.registrate.AbstractRegistrate/REGISTRATE.REGISTER]: Captured registration for entry youkaishomecoming:flesh_feast of type minecraft:item
[255月2025 13:35:28.834] [modloading-worker-0/DEBUG] [com.tterrag.registrate.AbstractRegistrate/REGISTRATE.REGISTER]: Captured registration for entry cuisinedelight:plate_cuisine of type minecraft:recipe_serializer
[255月2025 13:35:28.834] [modloading-worker-0/DEBUG] [com.tterrag.registrate.AbstractRegistrate/REGISTRATE.REGISTER]: Captured registration for entry youkaishomecoming:flesh_feast of type minecraft:block
[255月2025 13:35:28.836] [modloading-worker-0/DEBUG] [net.minecraftforge.fml.javafmlmod.AutomaticEventSubscriber/LOADING]: Auto-subscribing com.sihenzhang.crockpot.advancement.CrockPotCriteriaTriggers to MOD
[255月2025 13:35:28.840] [modloading-worker-0/DEBUG] [net.minecraftforge.fml.config.ConfigTracker/CONFIG]: Config file cuisinedelight-client.toml for cuisinedelight tracking
[255月2025 13:35:28.841] [modloading-worker-0/DEBUG] [net.minecraftforge.fml.config.ConfigTracker/CONFIG]: Config file cuisinedelight-common.toml for cuisinedelight tracking
[255月2025 13:35:28.842] [modloading-worker-0/DEBUG] [com.tterrag.registrate.AbstractRegistrate/REGISTRATE.REGISTER]: Captured registration for entry youkaishomecoming:red_velvet_cake_slice of type minecraft:item
[255月2025 13:35:28.843] [modloading-worker-0/DEBUG] [net.minecraftforge.fml.javafmlmod.AutomaticEventSubscriber/LOADING]: Attempting to inject @EventBusSubscriber classes into the eventbus for l2library
[255月2025 13:35:28.843] [modloading-worker-0/DEBUG] [net.minecraftforge.fml.javafmlmod.AutomaticEventSubscriber/LOADING]: Auto-subscribing dev.xkmc.l2library.init.events.GeneralEventHandler to FORGE
[255月2025 13:35:28.844] [modloading-worker-0/DEBUG] [net.minecraftforge.fml.javafmlmod.AutomaticEventSubscriber/LOADING]: Auto-subscribing dev.xkmc.l2library.init.events.EffectSyncEvents to FORGE
[255月2025 13:35:28.844] [modloading-worker-0/DEBUG] [com.tterrag.registrate.AbstractRegistrate/REGISTRATE.REGISTER]: Captured registration for entry youkaishomecoming:red_velvet_cake of type minecraft:item
[255月2025 13:35:28.844] [modloading-worker-0/DEBUG] [com.tterrag.registrate.AbstractRegistrate/REGISTRATE.REGISTER]: Captured registration for entry youkaishomecoming:red_velvet_cake of type minecraft:block
[255月2025 13:35:28.845] [modloading-worker-0/DEBUG] [com.tterrag.registrate.AbstractRegistrate/REGISTRATE.REGISTER]: Captured registration for entry youkaishomecoming:red_velvet_candle_cake of type minecraft:block
[255月2025 13:35:28.846] [modloading-worker-0/DEBUG] [com.tterrag.registrate.AbstractRegistrate/REGISTRATE.REGISTER]: Captured registration for entry youkaishomecoming:white_red_velvet_candle_cake of type minecraft:block
[255月2025 13:35:28.846] [modloading-worker-0/DEBUG] [com.tterrag.registrate.AbstractRegistrate/REGISTRATE.REGISTER]: Captured registration for entry youkaishomecoming:orange_red_velvet_candle_cake of type minecraft:block
[255月2025 13:35:28.847] [modloading-worker-0/DEBUG] [com.tterrag.registrate.AbstractRegistrate/REGISTRATE.REGISTER]: Captured registration for entry youkaishomecoming:magenta_red_velvet_candle_cake of type minecraft:block
[255月2025 13:35:28.847] [modloading-worker-0/DEBUG] [com.tterrag.registrate.AbstractRegistrate/REGISTRATE.REGISTER]: Captured registration for entry youkaishomecoming:light_blue_red_velvet_candle_cake of type minecraft:block
[255月2025 13:35:28.847] [modloading-worker-0/DEBUG] [com.tterrag.registrate.AbstractRegistrate/REGISTRATE.REGISTER]: Captured registration for entry youkaishomecoming:yellow_red_velvet_candle_cake of type minecraft:block
[255月2025 13:35:28.848] [modloading-worker-0/DEBUG] [com.tterrag.registrate.AbstractRegistrate/REGISTRATE.REGISTER]: Captured registration for entry youkaishomecoming:lime_red_velvet_candle_cake of type minecraft:block
[255月2025 13:35:28.848] [modloading-worker-0/DEBUG] [net.minecraftforge.fml.javafmlmod.AutomaticEventSubscriber/LOADING]: Attempting to inject @EventBusSubscriber classes into the eventbus for cuisinedelight
[255月2025 13:35:28.848] [modloading-worker-0/DEBUG] [com.tterrag.registrate.AbstractRegistrate/REGISTRATE.REGISTER]: Captured registration for entry youkaishomecoming:pink_red_velvet_candle_cake of type minecraft:block
[255月2025 13:35:28.848] [modloading-worker-0/DEBUG] [net.minecraftforge.fml.javafmlmod.AutomaticEventSubscriber/LOADING]: Auto-subscribing dev.xkmc.cuisinedelight.init.CuisineDelightClient to MOD
[255月2025 13:35:28.848] [modloading-worker-0/DEBUG] [com.tterrag.registrate.AbstractRegistrate/REGISTRATE.REGISTER]: Captured registration for entry youkaishomecoming:gray_red_velvet_candle_cake of type minecraft:block
[255月2025 13:35:28.848] [modloading-worker-0/DEBUG] [com.tterrag.registrate.AbstractRegistrate/REGISTRATE.REGISTER]: Captured registration for entry youkaishomecoming:light_gray_red_velvet_candle_cake of type minecraft:block
[255月2025 13:35:28.848] [modloading-worker-0/DEBUG] [com.tterrag.registrate.AbstractRegistrate/REGISTRATE.REGISTER]: Captured registration for entry youkaishomecoming:cyan_red_velvet_candle_cake of type minecraft:block
[255月2025 13:35:28.848] [modloading-worker-0/DEBUG] [com.tterrag.registrate.AbstractRegistrate/REGISTRATE.REGISTER]: Captured registration for entry youkaishomecoming:purple_red_velvet_candle_cake of type minecraft:block
[255月2025 13:35:28.848] [modloading-worker-0/DEBUG] [com.tterrag.registrate.AbstractRegistrate/REGISTRATE.REGISTER]: Captured registration for entry youkaishomecoming:blue_red_velvet_candle_cake of type minecraft:block
[255月2025 13:35:28.848] [modloading-worker-0/DEBUG] [com.tterrag.registrate.AbstractRegistrate/REGISTRATE.REGISTER]: Captured registration for entry youkaishomecoming:brown_red_velvet_candle_cake of type minecraft:block
[255月2025 13:35:28.848] [modloading-worker-0/DEBUG] [com.tterrag.registrate.AbstractRegistrate/REGISTRATE.REGISTER]: Captured registration for entry youkaishomecoming:green_red_velvet_candle_cake of type minecraft:block
[255月2025 13:35:28.849] [modloading-worker-0/DEBUG] [com.tterrag.registrate.AbstractRegistrate/REGISTRATE.REGISTER]: Captured registration for entry youkaishomecoming:red_red_velvet_candle_cake of type minecraft:block
[255月2025 13:35:28.849] [modloading-worker-0/DEBUG] [com.tterrag.registrate.AbstractRegistrate/REGISTRATE.REGISTER]: Captured registration for entry youkaishomecoming:black_red_velvet_candle_cake of type minecraft:block
[255月2025 13:35:28.849] [modloading-worker-0/DEBUG] [com.tterrag.registrate.AbstractRegistrate/REGISTRATE.REGISTER]: Captured registration for entry youkaishomecoming:tarte_lune_slice of type minecraft:item
[255月2025 13:35:28.852] [modloading-worker-0/DEBUG] [com.tterrag.registrate.AbstractRegistrate/REGISTRATE.REGISTER]: Captured registration for entry youkaishomecoming:tarte_lune of type minecraft:item
[255月2025 13:35:28.852] [modloading-worker-0/DEBUG] [com.tterrag.registrate.AbstractRegistrate/REGISTRATE.REGISTER]: Captured registration for entry youkaishomecoming:tarte_lune of type minecraft:block
[255月2025 13:35:28.852] [modloading-worker-0/DEBUG] [com.tterrag.registrate.AbstractRegistrate/REGISTRATE.REGISTER]: Captured registration for entry youkaishomecoming:clay_saucer of type minecraft:item
[255月2025 13:35:28.857] [modloading-worker-0/DEBUG] [com.tterrag.registrate.AbstractRegistrate/REGISTRATE.REGISTER]: Captured registration for entry youkaishomecoming:saucer of type minecraft:item
[255月2025 13:35:28.857] [modloading-worker-0/DEBUG] [com.tterrag.registrate.AbstractRegistrate/REGISTRATE.REGISTER]: Captured registration for entry youkaishomecoming:saucer of type minecraft:block
[255月2025 13:35:28.857] [modloading-worker-0/DEBUG] [net.minecraftforge.fml.javafmlmod.AutomaticEventSubscriber/LOADING]: Auto-subscribing dev.xkmc.l2library.init.events.ClientGeneralEventHandler to FORGE
[255月2025 13:35:28.869] [modloading-worker-0/DEBUG] [net.minecraftforge.fml.javafmlmod.AutomaticEventSubscriber/LOADING]: Auto-subscribing dev.xkmc.l2library.init.events.ClientEffectRenderEvents to FORGE
[255月2025 13:35:28.875] [modloading-worker-0/DEBUG] [net.minecraftforge.fml.javafmlmod.AutomaticEventSubscriber/LOADING]: Auto-subscribing dev.xkmc.l2library.init.events.BaseCapabilityEvents to FORGE
[255月2025 13:35:28.876] [modloading-worker-0/DEBUG] [net.minecraftforge.common.ForgeMod/FORGEMOD]: Loading Network data for FML net version: FML3
[255月2025 13:35:28.880] [modloading-worker-0/DEBUG] [net.minecraftforge.fml.javafmlmod.AutomaticEventSubscriber/LOADING]: Auto-subscribing dev.xkmc.l2library.init.L2Library to MOD
[255月2025 13:35:28.898] [modloading-worker-0/DEBUG] [net.minecraftforge.fml.config.ConfigTracker/CONFIG]: Config file forge-client.toml for forge tracking
[255月2025 13:35:28.898] [modloading-worker-0/DEBUG] [com.sammy.minersdelight.repack.registrate.AbstractRegistrate/REGISTRATE.REGISTER]: Captured registration for entry copper_pot of type minecraft:block
[255月2025 13:35:28.899] [modloading-worker-0/DEBUG] [net.minecraftforge.fml.config.ConfigTracker/CONFIG]: Config file forge-server.toml for forge tracking
[255月2025 13:35:28.899] [modloading-worker-0/DEBUG] [net.minecraftforge.fml.ModLoadingContext/]: Attempted to register an empty config for type COMMON on mod forge
[255月2025 13:35:28.899] [modloading-worker-0/DEBUG] [com.tterrag.registrate.AbstractRegistrate/REGISTRATE.REGISTER]: Captured registration for entry youkaishomecoming:bamboo_mizuyokan of type minecraft:item
[255月2025 13:35:28.899] [modloading-worker-0/DEBUG] [net.minecraftforge.fml.javafmlmod.AutomaticEventSubscriber/LOADING]: Attempting to inject @EventBusSubscriber classes into the eventbus for kiwi
[255月2025 13:35:28.899] [modloading-worker-0/DEBUG] [com.tterrag.registrate.AbstractRegistrate/REGISTRATE.REGISTER]: Captured registration for entry youkaishomecoming:bamboo_mizuyokan of type minecraft:block
[255月2025 13:35:28.900] [modloading-worker-0/DEBUG] [com.tterrag.registrate.AbstractRegistrate/REGISTRATE.REGISTER]: Captured registration for entry youkaishomecoming:dried_fish of type minecraft:item
[255月2025 13:35:28.900] [modloading-worker-0/DEBUG] [com.tterrag.registrate.AbstractRegistrate/REGISTRATE.REGISTER]: Captured registration for entry youkaishomecoming:dried_fish of type minecraft:block
[255月2025 13:35:28.900] [modloading-worker-0/DEBUG] [net.minecraftforge.fml.javafmlmod.AutomaticEventSubscriber/LOADING]: Auto-subscribing dev.xkmc.cuisinedelight.init.CuisineDelight to MOD
[255月2025 13:35:28.901] [modloading-worker-0/DEBUG] [com.tterrag.registrate.AbstractRegistrate/REGISTRATE.REGISTER]: Captured registration for entry youkaishomecoming:imitation_bear_paw of type minecraft:item
[255月2025 13:35:28.901] [modloading-worker-0/DEBUG] [com.tterrag.registrate.AbstractRegistrate/REGISTRATE.REGISTER]: Captured registration for entry youkaishomecoming:imitation_bear_paw of type minecraft:block
[255月2025 13:35:28.901] [modloading-worker-0/DEBUG] [com.sammy.minersdelight.repack.registrate.AbstractRegistrate/REGISTRATE.REGISTER]: Captured registration for entry sticky_basket of type minecraft:item
[255月2025 13:35:28.899] [modloading-worker-0/DEBUG] [net.minecraftforge.fml.javafmlmod.AutomaticEventSubscriber/LOADING]: Auto-subscribing snownee.kiwi.schedule.Scheduler to FORGE
[255月2025 13:35:28.903] [modloading-worker-0/DEBUG] [com.tterrag.registrate.AbstractRegistrate/REGISTRATE.REGISTER]: Captured registration for entry youkaishomecoming:pastitsio of type minecraft:item
[255月2025 13:35:28.903] [modloading-worker-0/DEBUG] [com.tterrag.registrate.AbstractRegistrate/REGISTRATE.REGISTER]: Captured registration for entry youkaishomecoming:pastitsio of type minecraft:block
[255月2025 13:35:28.902] [modloading-worker-0/DEBUG] [com.sammy.minersdelight.repack.registrate.AbstractRegistrate/REGISTRATE.REGISTER]: Captured registration for entry sticky_basket of type minecraft:block
[255月2025 13:35:28.903] [modloading-worker-0/DEBUG] [com.tterrag.registrate.AbstractRegistrate/REGISTRATE.REGISTER]: Captured registration for entry youkaishomecoming:sauce_grilled_fish of type minecraft:item
[255月2025 13:35:28.903] [modloading-worker-0/DEBUG] [com.tterrag.registrate.AbstractRegistrate/REGISTRATE.REGISTER]: Captured registration for entry youkaishomecoming:sauce_grilled_fish of type minecraft:block
[255月2025 13:35:28.903] [modloading-worker-0/DEBUG] [com.tterrag.registrate.AbstractRegistrate/REGISTRATE.REGISTER]: Captured registration for entry youkaishomecoming:stinky_tofu of type minecraft:item
[255月2025 13:35:28.903] [modloading-worker-0/DEBUG] [com.tterrag.registrate.AbstractRegistrate/REGISTRATE.REGISTER]: Captured registration for entry youkaishomecoming:stinky_tofu of type minecraft:block
[255月2025 13:35:28.904] [modloading-worker-0/DEBUG] [com.tterrag.registrate.AbstractRegistrate/REGISTRATE.REGISTER]: Captured registration for entry youkaishomecoming:tofu_burger of type minecraft:item
[255月2025 13:35:28.904] [modloading-worker-0/DEBUG] [com.tterrag.registrate.AbstractRegistrate/REGISTRATE.REGISTER]: Captured registration for entry youkaishomecoming:tofu_burger of type minecraft:block
[255月2025 13:35:28.904] [modloading-worker-0/DEBUG] [com.tterrag.registrate.AbstractRegistrate/REGISTRATE.REGISTER]: Captured registration for entry youkaishomecoming:blood_curd of type minecraft:item
[255月2025 13:35:28.904] [modloading-worker-0/DEBUG] [com.tterrag.registrate.AbstractRegistrate/REGISTRATE.REGISTER]: Captured registration for entry youkaishomecoming:blood_curd of type minecraft:block
[255月2025 13:35:28.904] [modloading-worker-0/DEBUG] [com.tterrag.registrate.AbstractRegistrate/REGISTRATE.REGISTER]: Captured registration for entry youkaishomecoming:seven_colored_yokan of type minecraft:item
[255月2025 13:35:28.905] [modloading-worker-0/DEBUG] [com.tterrag.registrate.AbstractRegistrate/REGISTRATE.REGISTER]: Captured registration for entry youkaishomecoming:seven_colored_yokan of type minecraft:block
[255月2025 13:35:28.904] [modloading-worker-0/DEBUG] [com.sammy.minersdelight.repack.registrate.AbstractRegistrate/REGISTRATE.REGISTER]: Captured registration for entry stuffed_squid of type minecraft:item
[255月2025 13:35:28.906] [modloading-worker-0/DEBUG] [com.sammy.minersdelight.repack.registrate.AbstractRegistrate/REGISTRATE.REGISTER]: Captured registration for entry stuffed_squid of type minecraft:block
[255月2025 13:35:28.907] [modloading-worker-0/DEBUG] [com.tterrag.registrate.AbstractRegistrate/REGISTRATE.REGISTER]: Captured registration for entry youkaishomecoming:espresso of type minecraft:item
[255月2025 13:35:28.907] [modloading-worker-0/DEBUG] [com.tterrag.registrate.AbstractRegistrate/REGISTRATE.REGISTER]: Captured registration for entry youkaishomecoming:americano of type minecraft:item
[255月2025 13:35:28.908] [modloading-worker-0/DEBUG] [net.minecraftforge.fml.javafmlmod.AutomaticEventSubscriber/LOADING]: Auto-subscribing snownee.kiwi.loader.Initializer to FORGE
[255月2025 13:35:28.908] [modloading-worker-0/DEBUG] [com.tterrag.registrate.AbstractRegistrate/REGISTRATE.REGISTER]: Captured registration for entry youkaishomecoming:ristretto of type minecraft:item
[255月2025 13:35:28.908] [modloading-worker-0/DEBUG] [com.tterrag.registrate.AbstractRegistrate/REGISTRATE.REGISTER]: Captured registration for entry youkaishomecoming:latte of type minecraft:item
[255月2025 13:35:28.908] [modloading-worker-0/DEBUG] [com.sammy.minersdelight.repack.registrate.AbstractRegistrate/REGISTRATE.REGISTER]: Captured registration for entry wild_cave_carrots of type minecraft:item
[255月2025 13:35:28.908] [modloading-worker-0/DEBUG] [com.tterrag.registrate.AbstractRegistrate/REGISTRATE.REGISTER]: Captured registration for entry youkaishomecoming:affogato of type minecraft:item
[255月2025 13:35:28.909] [modloading-worker-0/DEBUG] [com.sammy.minersdelight.repack.registrate.AbstractRegistrate/REGISTRATE.REGISTER]: Captured registration for entry wild_cave_carrots of type minecraft:block
[255月2025 13:35:28.909] [modloading-worker-0/DEBUG] [net.minecraftforge.fml.javafmlmod.AutomaticEventSubscriber/LOADING]: Auto-subscribing snownee.kiwi.client.model.RetextureModel to MOD
[255月2025 13:35:28.909] [modloading-worker-0/DEBUG] [com.tterrag.registrate.AbstractRegistrate/REGISTRATE.REGISTER]: Captured registration for entry youkaishomecoming:con_panna of type minecraft:item
[255月2025 13:35:28.909] [modloading-worker-0/DEBUG] [com.tterrag.registrate.AbstractRegistrate/REGISTRATE.REGISTER]: Captured registration for entry youkaishomecoming:cappuccino of type minecraft:item
[255月2025 13:35:28.910] [modloading-worker-0/DEBUG] [com.tterrag.registrate.AbstractRegistrate/REGISTRATE.REGISTER]: Captured registration for entry youkaishomecoming:macchiato of type minecraft:item
[255月2025 13:35:28.910] [modloading-worker-0/DEBUG] [com.sammy.minersdelight.repack.registrate.AbstractRegistrate/REGISTRATE.REGISTER]: Captured registration for entry gossypium of type minecraft:item
[255月2025 13:35:28.910] [modloading-worker-0/DEBUG] [com.tterrag.registrate.AbstractRegistrate/REGISTRATE.REGISTER]: Captured registration for entry youkaishomecoming:mocha of type minecraft:item
[255月2025 13:35:28.911] [modloading-worker-0/DEBUG] [com.sammy.minersdelight.repack.registrate.AbstractRegistrate/REGISTRATE.REGISTER]: Captured registration for entry gossypium of type minecraft:block
[255月2025 13:35:28.911] [modloading-worker-0/DEBUG] [mezz.jei.common.config.file.ConfigSerializer/]: Saving config file: G:\mc-mods\maidsoulkitchen\MaidsoulKitchen-1.20.1\run-data\config\jei\jei-debug.ini
[255月2025 13:35:28.914] [modloading-worker-0/DEBUG] [com.sammy.minersdelight.repack.registrate.AbstractRegistrate/REGISTRATE.REGISTER]: Captured registration for entry cave_carrots of type minecraft:block
[255月2025 13:35:28.913] [modloading-worker-0/DEBUG] [net.minecraftforge.fml.javafmlmod.AutomaticEventSubscriber/LOADING]: Auto-subscribing dev.xkmc.cuisinedelight.events.SkilletUseEventListeners to FORGE
[255月2025 13:35:28.914] [modloading-worker-0/DEBUG] [com.sammy.minersdelight.repack.registrate.AbstractRegistrate/REGISTRATE.REGISTER]: Captured registration for entry cave_carrot_crate of type minecraft:item
[255月2025 13:35:28.914] [modloading-worker-0/DEBUG] [com.sammy.minersdelight.repack.registrate.AbstractRegistrate/REGISTRATE.REGISTER]: Captured registration for entry cave_carrot_crate of type minecraft:block
[255月2025 13:35:28.917] [modloading-worker-0/DEBUG] [com.tterrag.registrate.AbstractRegistrate/REGISTRATE.REGISTER]: Captured registration for entry youkaishomecoming:mio of type forge:fluid_type
[255月2025 13:35:28.917] [modloading-worker-0/DEBUG] [com.tterrag.registrate.AbstractRegistrate/REGISTRATE.REGISTER]: Captured registration for entry youkaishomecoming:mio of type minecraft:fluid
[255月2025 13:35:28.917] [modloading-worker-0/DEBUG] [com.tterrag.registrate.AbstractRegistrate/REGISTRATE.REGISTER]: Captured registration for entry youkaishomecoming:flowing_mio of type minecraft:fluid
[255月2025 13:35:28.917] [modloading-worker-0/DEBUG] [net.minecraftforge.fml.javafmlmod.AutomaticEventSubscriber/LOADING]: Auto-subscribing dev.xkmc.cuisinedelight.events.EventListeners to FORGE
[255月2025 13:35:28.917] [modloading-worker-0/DEBUG] [com.tterrag.registrate.AbstractRegistrate/REGISTRATE.REGISTER]: Captured registration for entry youkaishomecoming:mio of type minecraft:item
[255月2025 13:35:28.917] [modloading-worker-0/DEBUG] [com.tterrag.registrate.AbstractRegistrate/REGISTRATE.REGISTER]: Captured registration for entry youkaishomecoming:mead of type forge:fluid_type
[255月2025 13:35:28.917] [modloading-worker-0/DEBUG] [com.tterrag.registrate.AbstractRegistrate/REGISTRATE.REGISTER]: Captured registration for entry youkaishomecoming:mead of type minecraft:fluid
[255月2025 13:35:28.917] [modloading-worker-0/DEBUG] [com.tterrag.registrate.AbstractRegistrate/REGISTRATE.REGISTER]: Captured registration for entry youkaishomecoming:flowing_mead of type minecraft:fluid
[255月2025 13:35:28.917] [modloading-worker-0/DEBUG] [com.tterrag.registrate.AbstractRegistrate/REGISTRATE.REGISTER]: Captured registration for entry youkaishomecoming:mead of type minecraft:item
[255月2025 13:35:28.917] [modloading-worker-0/DEBUG] [mixin/]: Mixing ServerPlaceRecipeAccessor from brewinandchewin.mixins.json into net.minecraft.recipebook.ServerPlaceRecipe
[255月2025 13:35:28.917] [modloading-worker-0/DEBUG] [com.tterrag.registrate.AbstractRegistrate/REGISTRATE.REGISTER]: Captured registration for entry youkaishomecoming:sparrow_sake of type forge:fluid_type
[255月2025 13:35:28.917] [modloading-worker-0/DEBUG] [com.tterrag.registrate.AbstractRegistrate/REGISTRATE.REGISTER]: Captured registration for entry youkaishomecoming:sparrow_sake of type minecraft:fluid
[255月2025 13:35:28.917] [modloading-worker-0/DEBUG] [com.tterrag.registrate.AbstractRegistrate/REGISTRATE.REGISTER]: Captured registration for entry youkaishomecoming:flowing_sparrow_sake of type minecraft:fluid
[255月2025 13:35:28.917] [modloading-worker-0/DEBUG] [com.tterrag.registrate.AbstractRegistrate/REGISTRATE.REGISTER]: Captured registration for entry youkaishomecoming:sparrow_sake of type minecraft:item
[255月2025 13:35:28.917] [modloading-worker-0/DEBUG] [com.tterrag.registrate.AbstractRegistrate/REGISTRATE.REGISTER]: Captured registration for entry youkaishomecoming:daiginjo of type forge:fluid_type
[255月2025 13:35:28.917] [modloading-worker-0/DEBUG] [com.tterrag.registrate.AbstractRegistrate/REGISTRATE.REGISTER]: Captured registration for entry youkaishomecoming:daiginjo of type minecraft:fluid
[255月2025 13:35:28.917] [modloading-worker-0/DEBUG] [com.tterrag.registrate.AbstractRegistrate/REGISTRATE.REGISTER]: Captured registration for entry youkaishomecoming:flowing_daiginjo of type minecraft:fluid
[255月2025 13:35:28.917] [modloading-worker-0/DEBUG] [com.tterrag.registrate.AbstractRegistrate/REGISTRATE.REGISTER]: Captured registration for entry youkaishomecoming:daiginjo of type minecraft:item
[255月2025 13:35:28.917] [modloading-worker-0/DEBUG] [com.tterrag.registrate.AbstractRegistrate/REGISTRATE.REGISTER]: Captured registration for entry youkaishomecoming:dassai of type forge:fluid_type
[255月2025 13:35:28.917] [modloading-worker-0/DEBUG] [com.tterrag.registrate.AbstractRegistrate/REGISTRATE.REGISTER]: Captured registration for entry youkaishomecoming:dassai of type minecraft:fluid
[255月2025 13:35:28.917] [modloading-worker-0/DEBUG] [com.tterrag.registrate.AbstractRegistrate/REGISTRATE.REGISTER]: Captured registration for entry youkaishomecoming:flowing_dassai of type minecraft:fluid
[255月2025 13:35:28.923] [modloading-worker-0/DEBUG] [com.tterrag.registrate.AbstractRegistrate/REGISTRATE.REGISTER]: Captured registration for entry youkaishomecoming:dassai of type minecraft:item
[255月2025 13:35:28.923] [modloading-worker-0/DEBUG] [com.tterrag.registrate.AbstractRegistrate/REGISTRATE.REGISTER]: Captured registration for entry youkaishomecoming:tengu_tango of type forge:fluid_type
[255月2025 13:35:28.923] [modloading-worker-0/DEBUG] [com.tterrag.registrate.AbstractRegistrate/REGISTRATE.REGISTER]: Captured registration for entry youkaishomecoming:tengu_tango of type minecraft:fluid
[255月2025 13:35:28.923] [modloading-worker-0/DEBUG] [com.tterrag.registrate.AbstractRegistrate/REGISTRATE.REGISTER]: Captured registration for entry youkaishomecoming:flowing_tengu_tango of type minecraft:fluid
[255月2025 13:35:28.923] [modloading-worker-0/DEBUG] [com.tterrag.registrate.AbstractRegistrate/REGISTRATE.REGISTER]: Captured registration for entry youkaishomecoming:tengu_tango of type minecraft:item
[255月2025 13:35:28.923] [modloading-worker-0/DEBUG] [com.tterrag.registrate.AbstractRegistrate/REGISTRATE.REGISTER]: Captured registration for entry youkaishomecoming:full_moons_eve of type forge:fluid_type
[255月2025 13:35:28.923] [modloading-worker-0/DEBUG] [com.tterrag.registrate.AbstractRegistrate/REGISTRATE.REGISTER]: Captured registration for entry youkaishomecoming:full_moons_eve of type minecraft:fluid
[255月2025 13:35:28.923] [modloading-worker-0/DEBUG] [com.tterrag.registrate.AbstractRegistrate/REGISTRATE.REGISTER]: Captured registration for entry youkaishomecoming:flowing_full_moons_eve of type minecraft:fluid
[255月2025 13:35:28.924] [modloading-worker-0/DEBUG] [com.tterrag.registrate.AbstractRegistrate/REGISTRATE.REGISTER]: Captured registration for entry youkaishomecoming:full_moons_eve of type minecraft:item
[255月2025 13:35:28.924] [modloading-worker-0/DEBUG] [com.tterrag.registrate.AbstractRegistrate/REGISTRATE.REGISTER]: Captured registration for entry youkaishomecoming:scarlet_mist of type forge:fluid_type
[255月2025 13:35:28.924] [modloading-worker-0/DEBUG] [com.tterrag.registrate.AbstractRegistrate/REGISTRATE.REGISTER]: Captured registration for entry youkaishomecoming:scarlet_mist of type minecraft:fluid
[255月2025 13:35:28.924] [modloading-worker-0/DEBUG] [com.tterrag.registrate.AbstractRegistrate/REGISTRATE.REGISTER]: Captured registration for entry youkaishomecoming:flowing_scarlet_mist of type minecraft:fluid
[255月2025 13:35:28.924] [modloading-worker-0/DEBUG] [com.tterrag.registrate.AbstractRegistrate/REGISTRATE.REGISTER]: Captured registration for entry youkaishomecoming:scarlet_mist of type minecraft:item
[255月2025 13:35:28.924] [modloading-worker-0/DEBUG] [com.tterrag.registrate.AbstractRegistrate/REGISTRATE.REGISTER]: Captured registration for entry youkaishomecoming:wind_priestesses of type forge:fluid_type
[255月2025 13:35:28.925] [modloading-worker-0/DEBUG] [com.tterrag.registrate.AbstractRegistrate/REGISTRATE.REGISTER]: Captured registration for entry youkaishomecoming:wind_priestesses of type minecraft:fluid
[255月2025 13:35:28.925] [modloading-worker-0/DEBUG] [com.tterrag.registrate.AbstractRegistrate/REGISTRATE.REGISTER]: Captured registration for entry youkaishomecoming:flowing_wind_priestesses of type minecraft:fluid
[255月2025 13:35:28.925] [modloading-worker-0/DEBUG] [com.tterrag.registrate.AbstractRegistrate/REGISTRATE.REGISTER]: Captured registration for entry youkaishomecoming:wind_priestesses of type minecraft:item
[255月2025 13:35:28.925] [modloading-worker-0/DEBUG] [com.tterrag.registrate.AbstractRegistrate/REGISTRATE.REGISTER]: Captured registration for entry youkaishomecoming:lamprey_bucket of type minecraft:item
[255月2025 13:35:28.934] [modloading-worker-0/DEBUG] [com.sammy.minersdelight.repack.registrate.AbstractRegistrate/REGISTRATE.REGISTER]: Captured registration for entry copper_cup of type minecraft:item
[255月2025 13:35:28.934] [modloading-worker-0/DEBUG] [com.sammy.minersdelight.repack.registrate.AbstractRegistrate/REGISTRATE.REGISTER]: Captured registration for entry water_cup of type minecraft:item
[255月2025 13:35:28.934] [modloading-worker-0/DEBUG] [mezz.jei.common.config.file.ConfigSerializer/]: Saving config file: G:\mc-mods\maidsoulkitchen\MaidsoulKitchen-1.20.1\run-data\config\jei\jei-mod-id-format.ini
[255月2025 13:35:28.936] [modloading-worker-0/DEBUG] [com.sammy.minersdelight.repack.registrate.AbstractRegistrate/REGISTRATE.REGISTER]: Captured registration for entry milk_cup of type minecraft:item
[255月2025 13:35:28.937] [modloading-worker-0/DEBUG] [com.sammy.minersdelight.repack.registrate.AbstractRegistrate/REGISTRATE.REGISTER]: Captured registration for entry powder_snow_cup of type minecraft:item
[255月2025 13:35:28.939] [modloading-worker-0/DEBUG] [net.minecraftforge.fml.javafmlmod.AutomaticEventSubscriber/LOADING]: Attempting to inject @EventBusSubscriber classes into the eventbus for forge
[255月2025 13:35:28.940] [modloading-worker-0/DEBUG] [net.minecraftforge.fml.javafmlmod.AutomaticEventSubscriber/LOADING]: Auto-subscribing net.minecraftforge.common.ForgeSpawnEggItem$CommonHandler to MOD
[255月2025 13:35:28.941] [modloading-worker-0/DEBUG] [net.minecraftforge.fml.javafmlmod.AutomaticEventSubscriber/LOADING]: Auto-subscribing net.minecraftforge.common.ForgeSpawnEggItem$ColorRegisterHandler to MOD
[255月2025 13:35:28.942] [modloading-worker-0/DEBUG] [mezz.jei.common.config.file.ConfigSerializer/]: Saving config file: G:\mc-mods\maidsoulkitchen\MaidsoulKitchen-1.20.1\run-data\config\jei\jei-colors.ini
[255月2025 13:35:28.942] [modloading-worker-0/DEBUG] [net.minecraftforge.fml.javafmlmod.AutomaticEventSubscriber/LOADING]: Auto-subscribing net.minecraftforge.client.model.data.ModelDataManager to FORGE
[255月2025 13:35:28.950] [modloading-worker-0/DEBUG] [net.minecraftforge.fml.javafmlmod.AutomaticEventSubscriber/LOADING]: Auto-subscribing net.minecraftforge.client.ForgeHooksClient$ClientEvents to MOD
[255月2025 13:35:28.953] [modloading-worker-0/DEBUG] [com.sammy.minersdelight.repack.registrate.AbstractRegistrate/REGISTRATE.REGISTER]: Captured registration for entry cave_carrot of type minecraft:item
[255月2025 13:35:28.954] [modloading-worker-0/DEBUG] [com.sammy.minersdelight.repack.registrate.AbstractRegistrate/REGISTRATE.REGISTER]: Captured registration for entry baked_cave_carrot of type minecraft:item
[255月2025 13:35:28.954] [modloading-worker-0/DEBUG] [com.sammy.minersdelight.repack.registrate.AbstractRegistrate/REGISTRATE.REGISTER]: Captured registration for entry copper_carrot of type minecraft:item
[255月2025 13:35:28.954] [modloading-worker-0/DEBUG] [com.sammy.minersdelight.repack.registrate.AbstractRegistrate/REGISTRATE.REGISTER]: Captured registration for entry pasta_with_veggieballs of type minecraft:item
[255月2025 13:35:28.954] [modloading-worker-0/DEBUG] [com.sammy.minersdelight.repack.registrate.AbstractRegistrate/REGISTRATE.REGISTER]: Captured registration for entry cave_soup of type minecraft:item
[255月2025 13:35:28.954] [modloading-worker-0/DEBUG] [com.sammy.minersdelight.repack.registrate.AbstractRegistrate/REGISTRATE.REGISTER]: Captured registration for entry vegan_patty of type minecraft:item
[255月2025 13:35:28.954] [modloading-worker-0/DEBUG] [com.sammy.minersdelight.repack.registrate.AbstractRegistrate/REGISTRATE.REGISTER]: Captured registration for entry vegan_hamburger of type minecraft:item
[255月2025 13:35:28.954] [modloading-worker-0/DEBUG] [com.sammy.minersdelight.repack.registrate.AbstractRegistrate/REGISTRATE.REGISTER]: Captured registration for entry vegan_wrap of type minecraft:item
[255月2025 13:35:28.954] [modloading-worker-0/DEBUG] [com.sammy.minersdelight.repack.registrate.AbstractRegistrate/REGISTRATE.REGISTER]: Captured registration for entry vegan_steak_and_potatoes of type minecraft:item
[255月2025 13:35:28.954] [modloading-worker-0/DEBUG] [com.sammy.minersdelight.repack.registrate.AbstractRegistrate/REGISTRATE.REGISTER]: Captured registration for entry moss of type minecraft:item
[255月2025 13:35:28.954] [modloading-worker-0/DEBUG] [com.sammy.minersdelight.repack.registrate.AbstractRegistrate/REGISTRATE.REGISTER]: Captured registration for entry bat_wing of type minecraft:item
[255月2025 13:35:28.954] [modloading-worker-0/DEBUG] [com.sammy.minersdelight.repack.registrate.AbstractRegistrate/REGISTRATE.REGISTER]: Captured registration for entry smoked_bat_wing of type minecraft:item
[255月2025 13:35:28.954] [modloading-worker-0/DEBUG] [com.sammy.minersdelight.repack.registrate.AbstractRegistrate/REGISTRATE.REGISTER]: Captured registration for entry bat_rolls of type minecraft:item
[255月2025 13:35:28.954] [modloading-worker-0/DEBUG] [com.sammy.minersdelight.repack.registrate.AbstractRegistrate/REGISTRATE.REGISTER]: Captured registration for entry bat_cookie of type minecraft:item
[255月2025 13:35:28.954] [modloading-worker-0/DEBUG] [com.sammy.minersdelight.repack.registrate.AbstractRegistrate/REGISTRATE.REGISTER]: Captured registration for entry improvised_barbecue_stick of type minecraft:item
[255月2025 13:35:28.954] [modloading-worker-0/DEBUG] [com.sammy.minersdelight.repack.registrate.AbstractRegistrate/REGISTRATE.REGISTER]: Captured registration for entry bat_soup of type minecraft:item
[255月2025 13:35:28.958] [modloading-worker-0/DEBUG] [net.minecraftforge.fml.javafmlmod.AutomaticEventSubscriber/LOADING]: Attempting to inject @EventBusSubscriber classes into the eventbus for toms_storage
[255月2025 13:35:28.958] [modloading-worker-0/DEBUG] [com.sammy.minersdelight.repack.registrate.AbstractRegistrate/REGISTRATE.REGISTER]: Captured registration for entry silverfish_eggs of type minecraft:item
[255月2025 13:35:28.958] [modloading-worker-0/DEBUG] [com.sammy.minersdelight.repack.registrate.AbstractRegistrate/REGISTRATE.REGISTER]: Captured registration for entry weird_caviar of type minecraft:item
[255月2025 13:35:28.958] [modloading-worker-0/DEBUG] [com.sammy.minersdelight.repack.registrate.AbstractRegistrate/REGISTRATE.REGISTER]: Captured registration for entry arthropod of type minecraft:item
[255月2025 13:35:28.958] [modloading-worker-0/DEBUG] [com.sammy.minersdelight.repack.registrate.AbstractRegistrate/REGISTRATE.REGISTER]: Captured registration for entry cooked_arthropod of type minecraft:item
[255月2025 13:35:28.958] [modloading-worker-0/DEBUG] [com.sammy.minersdelight.repack.registrate.AbstractRegistrate/REGISTRATE.REGISTER]: Captured registration for entry insect_sandwich of type minecraft:item
[255月2025 13:35:28.958] [modloading-worker-0/DEBUG] [com.sammy.minersdelight.repack.registrate.AbstractRegistrate/REGISTRATE.REGISTER]: Captured registration for entry insect_wrap of type minecraft:item
[255月2025 13:35:28.958] [modloading-worker-0/DEBUG] [com.sammy.minersdelight.repack.registrate.AbstractRegistrate/REGISTRATE.REGISTER]: Captured registration for entry insect_stew of type minecraft:item
[255月2025 13:35:28.958] [modloading-worker-0/DEBUG] [com.sammy.minersdelight.repack.registrate.AbstractRegistrate/REGISTRATE.REGISTER]: Captured registration for entry seasoned_arthropods of type minecraft:item
[255月2025 13:35:28.958] [modloading-worker-0/DEBUG] [com.sammy.minersdelight.repack.registrate.AbstractRegistrate/REGISTRATE.REGISTER]: Captured registration for entry squid of type minecraft:item
[255月2025 13:35:28.958] [modloading-worker-0/DEBUG] [com.sammy.minersdelight.repack.registrate.AbstractRegistrate/REGISTRATE.REGISTER]: Captured registration for entry glow_squid of type minecraft:item
[255月2025 13:35:28.958] [modloading-worker-0/DEBUG] [com.sammy.minersdelight.repack.registrate.AbstractRegistrate/REGISTRATE.REGISTER]: Captured registration for entry baked_squid of type minecraft:item
[255月2025 13:35:28.958] [modloading-worker-0/DEBUG] [com.sammy.minersdelight.repack.registrate.AbstractRegistrate/REGISTRATE.REGISTER]: Captured registration for entry tentacles of type minecraft:item
[255月2025 13:35:28.958] [modloading-worker-0/DEBUG] [com.sammy.minersdelight.repack.registrate.AbstractRegistrate/REGISTRATE.REGISTER]: Captured registration for entry baked_tentacles of type minecraft:item
[255月2025 13:35:28.958] [modloading-worker-0/DEBUG] [com.sammy.minersdelight.repack.registrate.AbstractRegistrate/REGISTRATE.REGISTER]: Captured registration for entry squid_sandwich of type minecraft:item
[255月2025 13:35:28.958] [modloading-worker-0/DEBUG] [com.sammy.minersdelight.repack.registrate.AbstractRegistrate/REGISTRATE.REGISTER]: Captured registration for entry takoyaki of type minecraft:item
[255月2025 13:35:28.958] [modloading-worker-0/DEBUG] [com.sammy.minersdelight.repack.registrate.AbstractRegistrate/REGISTRATE.REGISTER]: Captured registration for entry bowl_of_stuffed_squid of type minecraft:item
[255月2025 13:35:28.958] [modloading-worker-0/DEBUG] [com.sammy.minersdelight.repack.registrate.AbstractRegistrate/REGISTRATE.REGISTER]: Captured registration for entry glow_ink_pasta of type minecraft:item
[255月2025 13:35:28.961] [modloading-worker-0/DEBUG] [net.minecraftforge.fml.javafmlmod.AutomaticEventSubscriber/LOADING]: Attempting to inject @EventBusSubscriber classes into the eventbus for sophisticatedstorage
[255月2025 13:35:28.964] [modloading-worker-0/DEBUG] [com.sammy.minersdelight.repack.registrate.AbstractRegistrate/REGISTRATE.REGISTER]: Captured registration for entry beetroot_soup_cup of type minecraft:item
[255月2025 13:35:28.964] [modloading-worker-0/DEBUG] [com.sammy.minersdelight.repack.registrate.AbstractRegistrate/REGISTRATE.REGISTER]: Captured registration for entry mushroom_stew_cup of type minecraft:item
[255月2025 13:35:28.964] [modloading-worker-0/DEBUG] [com.sammy.minersdelight.repack.registrate.AbstractRegistrate/REGISTRATE.REGISTER]: Captured registration for entry rabbit_stew_cup of type minecraft:item
[255月2025 13:35:28.964] [modloading-worker-0/DEBUG] [mezz.jei.common.config.file.ConfigSerializer/]: Saving config file: G:\mc-mods\maidsoulkitchen\MaidsoulKitchen-1.20.1\run-data\config\jei\jei-client.ini
[255月2025 13:35:28.971] [modloading-worker-0/DEBUG] [net.minecraftforge.fml.javafmlmod.AutomaticEventSubscriber/LOADING]: Attempting to inject @EventBusSubscriber classes into the eventbus for architectury
[255月2025 13:35:28.971] [modloading-worker-0/DEBUG] [net.minecraftforge.fml.javafmlmod.AutomaticEventSubscriber/LOADING]: Auto-subscribing dev.architectury.networking.forge.NetworkManagerImpl to FORGE
[255月2025 13:35:28.973] [modloading-worker-0/DEBUG] [com.sammy.minersdelight.repack.registrate.AbstractRegistrate/REGISTRATE.REGISTER]: Captured registration for entry baked_cod_stew_cup of type minecraft:item
[255月2025 13:35:28.973] [modloading-worker-0/DEBUG] [com.sammy.minersdelight.repack.registrate.AbstractRegistrate/REGISTRATE.REGISTER]: Captured registration for entry noodle_soup_cup of type minecraft:item
[255月2025 13:35:28.973] [modloading-worker-0/DEBUG] [com.sammy.minersdelight.repack.registrate.AbstractRegistrate/REGISTRATE.REGISTER]: Captured registration for entry beef_stew_cup of type minecraft:item
[255月2025 13:35:28.973] [modloading-worker-0/DEBUG] [com.sammy.minersdelight.repack.registrate.AbstractRegistrate/REGISTRATE.REGISTER]: Captured registration for entry chicken_soup_cup of type minecraft:item
[255月2025 13:35:28.973] [modloading-worker-0/DEBUG] [com.sammy.minersdelight.repack.registrate.AbstractRegistrate/REGISTRATE.REGISTER]: Captured registration for entry fish_stew_cup of type minecraft:item
[255月2025 13:35:28.973] [modloading-worker-0/DEBUG] [com.sammy.minersdelight.repack.registrate.AbstractRegistrate/REGISTRATE.REGISTER]: Captured registration for entry pumpkin_soup_cup of type minecraft:item
[255月2025 13:35:28.973] [modloading-worker-0/DEBUG] [com.sammy.minersdelight.repack.registrate.AbstractRegistrate/REGISTRATE.REGISTER]: Captured registration for entry vegetable_soup_cup of type minecraft:item
[255月2025 13:35:28.973] [modloading-worker-0/DEBUG] [com.sammy.minersdelight.repack.registrate.AbstractRegistrate/REGISTRATE.REGISTER]: Captured registration for entry bone_broth_cup of type minecraft:item
[255月2025 13:35:28.973] [modloading-worker-0/DEBUG] [com.sammy.minersdelight.repack.registrate.AbstractRegistrate/REGISTRATE.REGISTER]: Captured registration for entry cave_soup_cup of type minecraft:item
[255月2025 13:35:28.973] [modloading-worker-0/DEBUG] [com.sammy.minersdelight.repack.registrate.AbstractRegistrate/REGISTRATE.REGISTER]: Captured registration for entry bat_soup_cup of type minecraft:item
[255月2025 13:35:28.973] [modloading-worker-0/DEBUG] [com.sammy.minersdelight.repack.registrate.AbstractRegistrate/REGISTRATE.REGISTER]: Captured registration for entry insect_stew_cup of type minecraft:item
[255月2025 13:35:28.973] [modloading-worker-0/DEBUG] [net.minecraftforge.fml.javafmlmod.AutomaticEventSubscriber/LOADING]: Auto-subscribing net.minecraftforge.client.ClientForgeMod to MOD
[255月2025 13:35:28.976] [modloading-worker-0/DEBUG] [mixin/]: Mixing minersdelight.CopperPotBlockEntityMixin from maidsoulkitchen.mixins.json into com.sammy.minersdelight.content.block.copper_pot.CopperPotBlockEntity
[255月2025 13:35:28.985] [modloading-worker-0/INFO] [dev.architectury.networking.forge.NetworkManagerImpl/]: Registering S2C receiver with id architectury:sync_ids
[255月2025 13:35:28.986] [modloading-worker-0/INFO] [dev.architectury.networking.forge.NetworkManagerImpl/]: Registering C2S receiver with id architectury:sync_ids
[255月2025 13:35:28.988] [modloading-worker-0/INFO] [mezz.jei.library.load.PluginCaller/]: Sending ConfigManager...
[255月2025 13:35:28.989] [modloading-worker-0/DEBUG] [com.tterrag.registrate.AbstractRegistrate/REGISTRATE.REGISTER]: Captured registration for entry youkaishomecoming:moka_pot of type minecraft:item
[255月2025 13:35:28.989] [modloading-worker-0/DEBUG] [com.tterrag.registrate.AbstractRegistrate/REGISTRATE.REGISTER]: Captured registration for entry youkaishomecoming:moka_pot of type minecraft:block
[255月2025 13:35:28.990] [modloading-worker-0/DEBUG] [net.minecraftforge.fml.javafmlmod.AutomaticEventSubscriber/LOADING]: Auto-subscribing dev.architectury.registry.forge.ReloadListenerRegistryImpl to FORGE
[255月2025 13:35:28.991] [modloading-worker-0/DEBUG] [net.minecraftforge.fml.javafmlmod.AutomaticEventSubscriber/LOADING]: Auto-subscribing dev.architectury.registry.forge.CreativeTabRegistryImpl to MOD
[255月2025 13:35:28.992] [modloading-worker-0/DEBUG] [net.minecraftforge.fml.javafmlmod.AutomaticEventSubscriber/LOADING]: Attempting to inject @EventBusSubscriber classes into the eventbus for drinkbeer
[255月2025 13:35:28.992] [modloading-worker-0/DEBUG] [net.minecraftforge.fml.javafmlmod.AutomaticEventSubscriber/LOADING]: Auto-subscribing lekavar.lma.drinkbeer.registries.MenuTypeRegistry to MOD
[255月2025 13:35:28.992] [modloading-worker-0/DEBUG] [mixin/]: Mixing youkaishomecoming.BasePotBlockEntityMixin from maidsoulkitchen.mixins.json into dev.xkmc.youkaishomecoming.content.pot.base.BasePotBlockEntity
[255月2025 13:35:28.997] [modloading-worker-0/DEBUG] [mezz.jei.library.load.PluginCallerTimerRunnable/]: Sending ConfigManager: jei:minecraft...
[255月2025 13:35:28.997] [modloading-worker-0/DEBUG] [mezz.jei.library.load.PluginCallerTimerRunnable/]: Sending ConfigManager: farmersdelight:jei_plugin...
[255月2025 13:35:28.997] [modloading-worker-0/DEBUG] [mezz.jei.library.load.PluginCallerTimerRunnable/]: Sending ConfigManager: vintagedelight:jei_plugin...
[255月2025 13:35:28.997] [modloading-worker-0/DEBUG] [mezz.jei.library.load.PluginCallerTimerRunnable/]: Sending ConfigManager: kitchenkarrot:jei_plugin...
[255月2025 13:35:28.997] [modloading-worker-0/DEBUG] [mezz.jei.library.load.PluginCallerTimerRunnable/]: Sending ConfigManager: youkaishomecoming:main...
[255月2025 13:35:28.997] [modloading-worker-0/DEBUG] [mezz.jei.library.load.PluginCallerTimerRunnable/]: Sending ConfigManager: jade:main...
[255月2025 13:35:28.997] [modloading-worker-0/DEBUG] [mezz.jei.library.load.PluginCallerTimerRunnable/]: Sending ConfigManager: sophisticatedstorage:default...
[255月2025 13:35:28.998] [modloading-worker-0/DEBUG] [mezz.jei.library.load.PluginCallerTimerRunnable/]: Sending ConfigManager: jei:debug...
[255月2025 13:35:28.998] [modloading-worker-0/DEBUG] [mezz.jei.library.load.PluginCallerTimerRunnable/]: Sending ConfigManager: jei:gui...
[255月2025 13:35:28.998] [modloading-worker-0/DEBUG] [mezz.jei.library.load.PluginCallerTimerRunnable/]: Sending ConfigManager: jei:forge_gui...
[255月2025 13:35:28.998] [modloading-worker-0/DEBUG] [mezz.jei.library.load.PluginCallerTimerRunnable/]: Sending ConfigManager: simplefarming:jei...
[255月2025 13:35:28.998] [modloading-worker-0/DEBUG] [mezz.jei.library.load.PluginCallerTimerRunnable/]: Sending ConfigManager: brewinandchewin:jei_plugin...
[255月2025 13:35:28.998] [modloading-worker-0/DEBUG] [mezz.jei.library.load.PluginCallerTimerRunnable/]: Sending ConfigManager: sophisticatedcore:default...
[255月2025 13:35:28.998] [modloading-worker-0/DEBUG] [mezz.jei.library.load.PluginCallerTimerRunnable/]: Sending ConfigManager: curios:curios...
[255月2025 13:35:28.998] [modloading-worker-0/DEBUG] [mezz.jei.library.load.PluginCallerTimerRunnable/]: Sending ConfigManager: farmersrespite:jei_plugin...
[255月2025 13:35:28.998] [modloading-worker-0/DEBUG] [mezz.jei.library.load.PluginCallerTimerRunnable/]: Sending ConfigManager: touhou_little_maid:jei...
[255月2025 13:35:28.998] [modloading-worker-0/DEBUG] [mezz.jei.library.load.PluginCallerTimerRunnable/]: Sending ConfigManager: patchouli:patchouli...
[255月2025 13:35:28.998] [modloading-worker-0/DEBUG] [mezz.jei.library.load.PluginCallerTimerRunnable/]: Sending ConfigManager: mynethersdelight:jei_plugin...
[255月2025 13:35:28.998] [modloading-worker-0/DEBUG] [mezz.jei.library.load.PluginCallerTimerRunnable/]: Sending ConfigManager: barbequesdelight:main...
[255月2025 13:35:28.998] [modloading-worker-0/DEBUG] [mezz.jei.library.load.PluginCallerTimerRunnable/]: Sending ConfigManager: miners_delight:jei_plugin...
[255月2025 13:35:28.998] [modloading-worker-0/DEBUG] [mezz.jei.library.load.PluginCallerTimerRunnable/]: Sending ConfigManager: pneumaticcraft:default...
[255月2025 13:35:28.999] [modloading-worker-0/DEBUG] [mezz.jei.library.load.PluginCallerTimerRunnable/]: Sending ConfigManager: crockpot:crock_pot...
[255月2025 13:35:28.999] [modloading-worker-0/DEBUG] [mezz.jei.library.load.PluginCallerTimerRunnable/]: Sending ConfigManager: maidsoulkitchen:jei...
[255月2025 13:35:28.999] [modloading-worker-0/DEBUG] [mezz.jei.library.load.PluginCallerTimerRunnable/]: Sending ConfigManager: toms_storage:jei...
[255月2025 13:35:28.999] [modloading-worker-0/DEBUG] [mezz.jei.library.load.PluginCallerTimerRunnable/]: Sending ConfigManager: cuisinedelight:main...
[255月2025 13:35:28.999] [modloading-worker-0/DEBUG] [mezz.jei.library.load.PluginCallerTimerRunnable/]: Sending ConfigManager: drinkbeer:jei_plugin...
[255月2025 13:35:28.999] [modloading-worker-0/DEBUG] [mezz.jei.library.load.PluginCallerTimerRunnable/]: Sending ConfigManager: jei:internal...
[255月2025 13:35:29.001] [modloading-worker-0/DEBUG] [com.sammy.minersdelight.repack.registrate.AbstractRegistrate/REGISTRATE.REGISTER]: Captured registration for entry copper_pot of type minecraft:block_entity_type
[255月2025 13:35:29.001] [modloading-worker-0/INFO] [mezz.jei.library.load.PluginCaller/]: Sending ConfigManager took 10.35 ms
[255月2025 13:35:29.003] [modloading-worker-0/DEBUG] [com.tterrag.registrate.AbstractRegistrate/REGISTRATE.REGISTER]: Captured registration for entry youkaishomecoming:moka_pot of type minecraft:block_entity_type
[255月2025 13:35:29.004] [modloading-worker-0/DEBUG] [com.tterrag.registrate.AbstractRegistrate/REGISTRATE.REGISTER]: Captured registration for entry youkaishomecoming:moka_pot of type minecraft:recipe_type
[255月2025 13:35:29.004] [modloading-worker-0/DEBUG] [com.tterrag.registrate.AbstractRegistrate/REGISTRATE.REGISTER]: Captured registration for entry youkaishomecoming:moka_pot of type minecraft:recipe_serializer
[255月2025 13:35:29.005] [modloading-worker-0/DEBUG] [com.sammy.minersdelight.repack.registrate.AbstractRegistrate/REGISTRATE.REGISTER]: Captured registration for entry sticky_basket of type minecraft:block_entity_type
[255月2025 13:35:29.007] [modloading-worker-0/DEBUG] [net.minecraftforge.fml.javafmlmod.AutomaticEventSubscriber/LOADING]: Attempting to inject @EventBusSubscriber classes into the eventbus for jei
[255月2025 13:35:29.011] [modloading-worker-0/DEBUG] [com.tterrag.registrate.AbstractRegistrate/REGISTRATE.REGISTER]: Captured registration for entry youkaishomecoming:moka_pot of type minecraft:menu
[255月2025 13:35:29.012] [modloading-worker-0/DEBUG] [net.minecraftforge.fml.javafmlmod.AutomaticEventSubscriber/LOADING]: Attempting to inject @EventBusSubscriber classes into the eventbus for miners_delight
[255月2025 13:35:29.012] [modloading-worker-0/DEBUG] [net.minecraftforge.fml.javafmlmod.AutomaticEventSubscriber/LOADING]: Auto-subscribing com.sammy.minersdelight.setup.MDMenuTypes$ClientOnly to MOD
[255月2025 13:35:29.012] [modloading-worker-0/DEBUG] [mixin/]: Mixing youkaishomecoming.KettleBlockAccessor from maidsoulkitchen.mixins.json into dev.xkmc.youkaishomecoming.content.pot.kettle.KettleBlock
[255月2025 13:35:29.015] [modloading-worker-0/DEBUG] [net.minecraftforge.fml.javafmlmod.AutomaticEventSubscriber/LOADING]: Auto-subscribing dev.architectury.registry.level.entity.trade.forge.TradeRegistryImpl to FORGE
[255月2025 13:35:29.015] [modloading-worker-0/DEBUG] [net.minecraftforge.fml.javafmlmod.AutomaticEventSubscriber/LOADING]: Auto-subscribing com.sammy.minersdelight.logic.EventHandler to FORGE
[255月2025 13:35:29.017] [modloading-worker-0/DEBUG] [net.minecraftforge.fml.javafmlmod.AutomaticEventSubscriber/LOADING]: Auto-subscribing dev.architectury.registry.client.keymappings.forge.KeyMappingRegistryImpl to MOD
[255月2025 13:35:29.018] [modloading-worker-0/DEBUG] [com.tterrag.registrate.AbstractRegistrate/REGISTRATE.REGISTER]: Captured registration for entry youkaishomecoming:kettle of type minecraft:item
[255月2025 13:35:29.018] [modloading-worker-0/DEBUG] [net.minecraftforge.fml.javafmlmod.AutomaticEventSubscriber/LOADING]: Auto-subscribing dev.architectury.registry.client.particle.forge.ParticleProviderRegistryImpl to MOD
[255月2025 13:35:29.018] [modloading-worker-0/DEBUG] [com.tterrag.registrate.AbstractRegistrate/REGISTRATE.REGISTER]: Captured registration for entry youkaishomecoming:kettle of type minecraft:block
[255月2025 13:35:29.020] [modloading-worker-0/DEBUG] [com.tterrag.registrate.AbstractRegistrate/REGISTRATE.REGISTER]: Captured registration for entry youkaishomecoming:kettle of type minecraft:block_entity_type
[255月2025 13:35:29.021] [modloading-worker-0/DEBUG] [com.tterrag.registrate.AbstractRegistrate/REGISTRATE.REGISTER]: Captured registration for entry youkaishomecoming:kettle of type minecraft:recipe_type
[255月2025 13:35:29.021] [modloading-worker-0/DEBUG] [com.tterrag.registrate.AbstractRegistrate/REGISTRATE.REGISTER]: Captured registration for entry youkaishomecoming:kettle of type minecraft:recipe_serializer
[255月2025 13:35:29.021] [modloading-worker-0/DEBUG] [com.tterrag.registrate.AbstractRegistrate/REGISTRATE.REGISTER]: Captured registration for entry youkaishomecoming:kettle of type minecraft:menu
[255月2025 13:35:29.024] [modloading-worker-0/DEBUG] [com.tterrag.registrate.AbstractRegistrate/REGISTRATE.REGISTER]: Captured registration for entry youkaishomecoming:drying_rack of type minecraft:item
[255月2025 13:35:29.024] [modloading-worker-0/DEBUG] [com.tterrag.registrate.AbstractRegistrate/REGISTRATE.REGISTER]: Captured registration for entry youkaishomecoming:drying_rack of type minecraft:block
[255月2025 13:35:29.026] [modloading-worker-0/DEBUG] [com.tterrag.registrate.AbstractRegistrate/REGISTRATE.REGISTER]: Captured registration for entry youkaishomecoming:drying_rack of type minecraft:block_entity_type
[255月2025 13:35:29.026] [modloading-worker-0/DEBUG] [com.tterrag.registrate.AbstractRegistrate/REGISTRATE.REGISTER]: Captured registration for entry youkaishomecoming:drying_rack of type minecraft:recipe_type
[255月2025 13:35:29.026] [modloading-worker-0/DEBUG] [com.tterrag.registrate.AbstractRegistrate/REGISTRATE.REGISTER]: Captured registration for entry youkaishomecoming:drying_rack of type minecraft:recipe_serializer
[255月2025 13:35:29.029] [modloading-worker-0/DEBUG] [com.tterrag.registrate.AbstractRegistrate/REGISTRATE.REGISTER]: Captured registration for entry youkaishomecoming:fermentation_tank of type minecraft:item
[255月2025 13:35:29.029] [modloading-worker-0/DEBUG] [com.tterrag.registrate.AbstractRegistrate/REGISTRATE.REGISTER]: Captured registration for entry youkaishomecoming:fermentation_tank of type minecraft:block
[255月2025 13:35:29.032] [modloading-worker-0/DEBUG] [com.tterrag.registrate.AbstractRegistrate/REGISTRATE.REGISTER]: Captured registration for entry youkaishomecoming:fermentation_tank of type minecraft:block_entity_type
[255月2025 13:35:29.032] [modloading-worker-0/DEBUG] [com.tterrag.registrate.AbstractRegistrate/REGISTRATE.REGISTER]: Captured registration for entry youkaishomecoming:fermentation of type minecraft:recipe_type
[255月2025 13:35:29.033] [modloading-worker-0/DEBUG] [com.tterrag.registrate.AbstractRegistrate/REGISTRATE.REGISTER]: Captured registration for entry youkaishomecoming:simple_fermentation of type minecraft:recipe_serializer
[255月2025 13:35:29.034] [modloading-worker-0/DEBUG] [com.tterrag.registrate.AbstractRegistrate/REGISTRATE.REGISTER]: Captured registration for entry youkaishomecoming:donation_box of type minecraft:item
[255月2025 13:35:29.034] [modloading-worker-0/DEBUG] [com.tterrag.registrate.AbstractRegistrate/REGISTRATE.REGISTER]: Captured registration for entry youkaishomecoming:donation_box of type minecraft:block
[255月2025 13:35:29.036] [modloading-worker-0/DEBUG] [com.tterrag.registrate.AbstractRegistrate/REGISTRATE.REGISTER]: Captured registration for entry youkaishomecoming:donation_box of type minecraft:block_entity_type
[255月2025 13:35:29.037] [modloading-worker-0/DEBUG] [com.tterrag.registrate.AbstractRegistrate/REGISTRATE.REGISTER]: Captured registration for entry youkaishomecoming:moka_kit of type minecraft:item
[255月2025 13:35:29.038] [modloading-worker-0/DEBUG] [com.tterrag.registrate.AbstractRegistrate/REGISTRATE.REGISTER]: Captured registration for entry youkaishomecoming:moka_kit of type minecraft:block
[255月2025 13:35:29.039] [modloading-worker-0/DEBUG] [com.tterrag.registrate.AbstractRegistrate/REGISTRATE.REGISTER]: Captured registration for entry youkaishomecoming:moon_lantern of type minecraft:item
[255月2025 13:35:29.039] [modloading-worker-0/DEBUG] [com.tterrag.registrate.AbstractRegistrate/REGISTRATE.REGISTER]: Captured registration for entry youkaishomecoming:moon_lantern of type minecraft:block
[255月2025 13:35:29.044] [modloading-worker-0/DEBUG] [com.tterrag.registrate.AbstractRegistrate/REGISTRATE.REGISTER]: Captured registration for entry youkaishomecoming:sikkui of type minecraft:item
[255月2025 13:35:29.044] [modloading-worker-0/DEBUG] [com.tterrag.registrate.AbstractRegistrate/REGISTRATE.REGISTER]: Captured registration for entry youkaishomecoming:sikkui of type minecraft:block
[255月2025 13:35:29.047] [modloading-worker-0/DEBUG] [com.tterrag.registrate.AbstractRegistrate/REGISTRATE.REGISTER]: Captured registration for entry youkaishomecoming:sikkui_trap_door of type minecraft:item
[255月2025 13:35:29.047] [modloading-worker-0/DEBUG] [com.tterrag.registrate.AbstractRegistrate/REGISTRATE.REGISTER]: Captured registration for entry youkaishomecoming:sikkui_trap_door of type minecraft:block
[255月2025 13:35:29.048] [modloading-worker-0/DEBUG] [com.tterrag.registrate.AbstractRegistrate/REGISTRATE.REGISTER]: Captured registration for entry youkaishomecoming:sikkui_stairs of type minecraft:item
[255月2025 13:35:29.048] [modloading-worker-0/DEBUG] [com.tterrag.registrate.AbstractRegistrate/REGISTRATE.REGISTER]: Captured registration for entry youkaishomecoming:sikkui_stairs of type minecraft:block
[255月2025 13:35:29.049] [modloading-worker-0/DEBUG] [com.tterrag.registrate.AbstractRegistrate/REGISTRATE.REGISTER]: Captured registration for entry youkaishomecoming:sikkui_slab of type minecraft:item
[255月2025 13:35:29.049] [modloading-worker-0/DEBUG] [com.tterrag.registrate.AbstractRegistrate/REGISTRATE.REGISTER]: Captured registration for entry youkaishomecoming:sikkui_slab of type minecraft:block
[255月2025 13:35:29.051] [modloading-worker-0/DEBUG] [com.tterrag.registrate.AbstractRegistrate/REGISTRATE.REGISTER]: Captured registration for entry youkaishomecoming:sikkui_vertical_slab of type minecraft:item
[255月2025 13:35:29.051] [modloading-worker-0/DEBUG] [com.tterrag.registrate.AbstractRegistrate/REGISTRATE.REGISTER]: Captured registration for entry youkaishomecoming:sikkui_vertical_slab of type minecraft:block
[255月2025 13:35:29.051] [modloading-worker-0/DEBUG] [com.tterrag.registrate.AbstractRegistrate/REGISTRATE.REGISTER]: Captured registration for entry youkaishomecoming:framed_sikkui of type minecraft:item
[255月2025 13:35:29.051] [modloading-worker-0/DEBUG] [com.tterrag.registrate.AbstractRegistrate/REGISTRATE.REGISTER]: Captured registration for entry youkaishomecoming:framed_sikkui of type minecraft:block
[255月2025 13:35:29.052] [modloading-worker-0/DEBUG] [com.tterrag.registrate.AbstractRegistrate/REGISTRATE.REGISTER]: Captured registration for entry youkaishomecoming:framed_sikkui_trap_door of type minecraft:item
[255月2025 13:35:29.052] [modloading-worker-0/DEBUG] [com.tterrag.registrate.AbstractRegistrate/REGISTRATE.REGISTER]: Captured registration for entry youkaishomecoming:framed_sikkui_trap_door of type minecraft:block
[255月2025 13:35:29.052] [modloading-worker-0/DEBUG] [com.tterrag.registrate.AbstractRegistrate/REGISTRATE.REGISTER]: Captured registration for entry youkaishomecoming:cross_framed_sikkui of type minecraft:item
[255月2025 13:35:29.052] [modloading-worker-0/DEBUG] [com.tterrag.registrate.AbstractRegistrate/REGISTRATE.REGISTER]: Captured registration for entry youkaishomecoming:cross_framed_sikkui of type minecraft:block
[255月2025 13:35:29.052] [modloading-worker-0/DEBUG] [com.tterrag.registrate.AbstractRegistrate/REGISTRATE.REGISTER]: Captured registration for entry youkaishomecoming:cross_framed_sikkui_trap_door of type minecraft:item
[255月2025 13:35:29.052] [modloading-worker-0/DEBUG] [com.tterrag.registrate.AbstractRegistrate/REGISTRATE.REGISTER]: Captured registration for entry youkaishomecoming:cross_framed_sikkui_trap_door of type minecraft:block
[255月2025 13:35:29.052] [modloading-worker-0/DEBUG] [com.tterrag.registrate.AbstractRegistrate/REGISTRATE.REGISTER]: Captured registration for entry youkaishomecoming:cross_framed_sikkui_stairs of type minecraft:item
[255月2025 13:35:29.052] [modloading-worker-0/DEBUG] [com.tterrag.registrate.AbstractRegistrate/REGISTRATE.REGISTER]: Captured registration for entry youkaishomecoming:cross_framed_sikkui_stairs of type minecraft:block
[255月2025 13:35:29.052] [modloading-worker-0/DEBUG] [com.tterrag.registrate.AbstractRegistrate/REGISTRATE.REGISTER]: Captured registration for entry youkaishomecoming:cross_framed_sikkui_slab of type minecraft:item
[255月2025 13:35:29.052] [modloading-worker-0/DEBUG] [com.tterrag.registrate.AbstractRegistrate/REGISTRATE.REGISTER]: Captured registration for entry youkaishomecoming:cross_framed_sikkui_slab of type minecraft:block
[255月2025 13:35:29.053] [modloading-worker-0/DEBUG] [com.tterrag.registrate.AbstractRegistrate/REGISTRATE.REGISTER]: Captured registration for entry youkaishomecoming:cross_framed_sikkui_vertical_slab of type minecraft:item
[255月2025 13:35:29.053] [modloading-worker-0/DEBUG] [com.tterrag.registrate.AbstractRegistrate/REGISTRATE.REGISTER]: Captured registration for entry youkaishomecoming:cross_framed_sikkui_vertical_slab of type minecraft:block
[255月2025 13:35:29.053] [modloading-worker-0/DEBUG] [com.tterrag.registrate.AbstractRegistrate/REGISTRATE.REGISTER]: Captured registration for entry youkaishomecoming:grid_framed_sikkui of type minecraft:item
[255月2025 13:35:29.053] [modloading-worker-0/DEBUG] [com.tterrag.registrate.AbstractRegistrate/REGISTRATE.REGISTER]: Captured registration for entry youkaishomecoming:grid_framed_sikkui of type minecraft:block
[255月2025 13:35:29.053] [modloading-worker-0/DEBUG] [com.tterrag.registrate.AbstractRegistrate/REGISTRATE.REGISTER]: Captured registration for entry youkaishomecoming:grid_framed_sikkui_trap_door of type minecraft:item
[255月2025 13:35:29.055] [modloading-worker-0/DEBUG] [com.tterrag.registrate.AbstractRegistrate/REGISTRATE.REGISTER]: Captured registration for entry youkaishomecoming:grid_framed_sikkui_trap_door of type minecraft:block
[255月2025 13:35:29.055] [modloading-worker-0/DEBUG] [com.tterrag.registrate.AbstractRegistrate/REGISTRATE.REGISTER]: Captured registration for entry youkaishomecoming:fine_grid_framed_sikkui of type minecraft:item
[255月2025 13:35:29.055] [modloading-worker-0/DEBUG] [com.tterrag.registrate.AbstractRegistrate/REGISTRATE.REGISTER]: Captured registration for entry youkaishomecoming:fine_grid_framed_sikkui of type minecraft:block
[255月2025 13:35:29.055] [modloading-worker-0/DEBUG] [com.tterrag.registrate.AbstractRegistrate/REGISTRATE.REGISTER]: Captured registration for entry youkaishomecoming:fine_grid_framed_sikkui_trap_door of type minecraft:item
[255月2025 13:35:29.055] [modloading-worker-0/DEBUG] [com.tterrag.registrate.AbstractRegistrate/REGISTRATE.REGISTER]: Captured registration for entry youkaishomecoming:fine_grid_framed_sikkui_trap_door of type minecraft:block
[255月2025 13:35:29.056] [modloading-worker-0/DEBUG] [com.tterrag.registrate.AbstractRegistrate/REGISTRATE.REGISTER]: Captured registration for entry youkaishomecoming:fine_grid_framed_shoji of type minecraft:item
[255月2025 13:35:29.056] [modloading-worker-0/DEBUG] [com.tterrag.registrate.AbstractRegistrate/REGISTRATE.REGISTER]: Captured registration for entry youkaishomecoming:fine_grid_framed_shoji of type minecraft:block
[255月2025 13:35:29.061] [modloading-worker-0/DEBUG] [com.tterrag.registrate.AbstractRegistrate/REGISTRATE.REGISTER]: Captured registration for entry youkaishomecoming:hay_stairs of type minecraft:item
[255月2025 13:35:29.062] [modloading-worker-0/DEBUG] [com.tterrag.registrate.AbstractRegistrate/REGISTRATE.REGISTER]: Captured registration for entry youkaishomecoming:hay_stairs of type minecraft:block
[255月2025 13:35:29.064] [modloading-worker-0/DEBUG] [com.tterrag.registrate.AbstractRegistrate/REGISTRATE.REGISTER]: Captured registration for entry youkaishomecoming:hay_slab of type minecraft:item
[255月2025 13:35:29.064] [modloading-worker-0/DEBUG] [com.tterrag.registrate.AbstractRegistrate/REGISTRATE.REGISTER]: Captured registration for entry youkaishomecoming:hay_slab of type minecraft:block
[255月2025 13:35:29.067] [modloading-worker-0/DEBUG] [com.tterrag.registrate.AbstractRegistrate/REGISTRATE.REGISTER]: Captured registration for entry youkaishomecoming:hay_trap_door of type minecraft:item
[255月2025 13:35:29.067] [modloading-worker-0/DEBUG] [com.tterrag.registrate.AbstractRegistrate/REGISTRATE.REGISTER]: Captured registration for entry youkaishomecoming:hay_trap_door of type minecraft:block
[255月2025 13:35:29.069] [modloading-worker-0/DEBUG] [com.tterrag.registrate.AbstractRegistrate/REGISTRATE.REGISTER]: Captured registration for entry youkaishomecoming:hay_vertical_slab of type minecraft:item
[255月2025 13:35:29.069] [modloading-worker-0/DEBUG] [com.tterrag.registrate.AbstractRegistrate/REGISTRATE.REGISTER]: Captured registration for entry youkaishomecoming:hay_vertical_slab of type minecraft:block
[255月2025 13:35:29.069] [modloading-worker-0/DEBUG] [com.tterrag.registrate.AbstractRegistrate/REGISTRATE.REGISTER]: Captured registration for entry youkaishomecoming:straw_stairs of type minecraft:item
[255月2025 13:35:29.070] [modloading-worker-0/DEBUG] [com.tterrag.registrate.AbstractRegistrate/REGISTRATE.REGISTER]: Captured registration for entry youkaishomecoming:straw_stairs of type minecraft:block
[255月2025 13:35:29.070] [modloading-worker-0/DEBUG] [com.tterrag.registrate.AbstractRegistrate/REGISTRATE.REGISTER]: Captured registration for entry youkaishomecoming:straw_slab of type minecraft:item
[255月2025 13:35:29.070] [modloading-worker-0/DEBUG] [com.tterrag.registrate.AbstractRegistrate/REGISTRATE.REGISTER]: Captured registration for entry youkaishomecoming:straw_slab of type minecraft:block
[255月2025 13:35:29.070] [modloading-worker-0/DEBUG] [com.tterrag.registrate.AbstractRegistrate/REGISTRATE.REGISTER]: Captured registration for entry youkaishomecoming:straw_trap_door of type minecraft:item
[255月2025 13:35:29.070] [modloading-worker-0/DEBUG] [com.tterrag.registrate.AbstractRegistrate/REGISTRATE.REGISTER]: Captured registration for entry youkaishomecoming:straw_trap_door of type minecraft:block
[255月2025 13:35:29.070] [modloading-worker-0/DEBUG] [com.tterrag.registrate.AbstractRegistrate/REGISTRATE.REGISTER]: Captured registration for entry youkaishomecoming:straw_vertical_slab of type minecraft:item
[255月2025 13:35:29.070] [modloading-worker-0/DEBUG] [com.tterrag.registrate.AbstractRegistrate/REGISTRATE.REGISTER]: Captured registration for entry youkaishomecoming:straw_vertical_slab of type minecraft:block
[255月2025 13:35:29.076] [modloading-worker-0/DEBUG] [com.tterrag.registrate.AbstractRegistrate/REGISTRATE.REGISTER]: Captured registration for entry youkaishomecoming:oak_handrail of type minecraft:item
[255月2025 13:35:29.077] [modloading-worker-0/DEBUG] [com.tterrag.registrate.AbstractRegistrate/REGISTRATE.REGISTER]: Captured registration for entry youkaishomecoming:oak_handrail of type minecraft:block
[255月2025 13:35:29.079] [modloading-worker-0/DEBUG] [com.tterrag.registrate.AbstractRegistrate/REGISTRATE.REGISTER]: Captured registration for entry youkaishomecoming:oak_dining_table of type minecraft:item
[255月2025 13:35:29.079] [modloading-worker-0/DEBUG] [com.tterrag.registrate.AbstractRegistrate/REGISTRATE.REGISTER]: Captured registration for entry youkaishomecoming:oak_dining_table of type minecraft:block
[255月2025 13:35:29.083] [modloading-worker-0/DEBUG] [com.tterrag.registrate.AbstractRegistrate/REGISTRATE.REGISTER]: Captured registration for entry youkaishomecoming:oak_dining_chair of type minecraft:item
[255月2025 13:35:29.084] [modloading-worker-0/DEBUG] [com.tterrag.registrate.AbstractRegistrate/REGISTRATE.REGISTER]: Captured registration for entry youkaishomecoming:oak_dining_chair of type minecraft:block
[255月2025 13:35:29.084] [modloading-worker-0/DEBUG] [com.tterrag.registrate.AbstractRegistrate/REGISTRATE.REGISTER]: Captured registration for entry youkaishomecoming:birch_handrail of type minecraft:item
[255月2025 13:35:29.084] [modloading-worker-0/DEBUG] [com.tterrag.registrate.AbstractRegistrate/REGISTRATE.REGISTER]: Captured registration for entry youkaishomecoming:birch_handrail of type minecraft:block
[255月2025 13:35:29.084] [modloading-worker-0/DEBUG] [com.tterrag.registrate.AbstractRegistrate/REGISTRATE.REGISTER]: Captured registration for entry youkaishomecoming:birch_dining_table of type minecraft:item
[255月2025 13:35:29.084] [modloading-worker-0/DEBUG] [com.tterrag.registrate.AbstractRegistrate/REGISTRATE.REGISTER]: Captured registration for entry youkaishomecoming:birch_dining_table of type minecraft:block
[255月2025 13:35:29.084] [modloading-worker-0/DEBUG] [com.tterrag.registrate.AbstractRegistrate/REGISTRATE.REGISTER]: Captured registration for entry youkaishomecoming:birch_dining_chair of type minecraft:item
[255月2025 13:35:29.084] [modloading-worker-0/DEBUG] [com.tterrag.registrate.AbstractRegistrate/REGISTRATE.REGISTER]: Captured registration for entry youkaishomecoming:birch_dining_chair of type minecraft:block
[255月2025 13:35:29.084] [modloading-worker-0/DEBUG] [com.tterrag.registrate.AbstractRegistrate/REGISTRATE.REGISTER]: Captured registration for entry youkaishomecoming:spruce_handrail of type minecraft:item
[255月2025 13:35:29.084] [modloading-worker-0/DEBUG] [com.tterrag.registrate.AbstractRegistrate/REGISTRATE.REGISTER]: Captured registration for entry youkaishomecoming:spruce_handrail of type minecraft:block
[255月2025 13:35:29.084] [modloading-worker-0/DEBUG] [com.tterrag.registrate.AbstractRegistrate/REGISTRATE.REGISTER]: Captured registration for entry youkaishomecoming:spruce_dining_table of type minecraft:item
[255月2025 13:35:29.085] [modloading-worker-0/DEBUG] [com.tterrag.registrate.AbstractRegistrate/REGISTRATE.REGISTER]: Captured registration for entry youkaishomecoming:spruce_dining_table of type minecraft:block
[255月2025 13:35:29.085] [modloading-worker-0/DEBUG] [com.tterrag.registrate.AbstractRegistrate/REGISTRATE.REGISTER]: Captured registration for entry youkaishomecoming:spruce_dining_chair of type minecraft:item
[255月2025 13:35:29.085] [modloading-worker-0/DEBUG] [com.tterrag.registrate.AbstractRegistrate/REGISTRATE.REGISTER]: Captured registration for entry youkaishomecoming:spruce_dining_chair of type minecraft:block
[255月2025 13:35:29.085] [modloading-worker-0/DEBUG] [com.tterrag.registrate.AbstractRegistrate/REGISTRATE.REGISTER]: Captured registration for entry youkaishomecoming:jungle_handrail of type minecraft:item
[255月2025 13:35:29.085] [modloading-worker-0/DEBUG] [com.tterrag.registrate.AbstractRegistrate/REGISTRATE.REGISTER]: Captured registration for entry youkaishomecoming:jungle_handrail of type minecraft:block
[255月2025 13:35:29.086] [modloading-worker-0/DEBUG] [com.tterrag.registrate.AbstractRegistrate/REGISTRATE.REGISTER]: Captured registration for entry youkaishomecoming:jungle_dining_table of type minecraft:item
[255月2025 13:35:29.086] [modloading-worker-0/DEBUG] [com.tterrag.registrate.AbstractRegistrate/REGISTRATE.REGISTER]: Captured registration for entry youkaishomecoming:jungle_dining_table of type minecraft:block
[255月2025 13:35:29.086] [modloading-worker-0/DEBUG] [com.tterrag.registrate.AbstractRegistrate/REGISTRATE.REGISTER]: Captured registration for entry youkaishomecoming:jungle_dining_chair of type minecraft:item
[255月2025 13:35:29.086] [modloading-worker-0/DEBUG] [com.tterrag.registrate.AbstractRegistrate/REGISTRATE.REGISTER]: Captured registration for entry youkaishomecoming:jungle_dining_chair of type minecraft:block
[255月2025 13:35:29.086] [modloading-worker-0/DEBUG] [com.tterrag.registrate.AbstractRegistrate/REGISTRATE.REGISTER]: Captured registration for entry youkaishomecoming:dark_oak_handrail of type minecraft:item
[255月2025 13:35:29.086] [modloading-worker-0/DEBUG] [com.tterrag.registrate.AbstractRegistrate/REGISTRATE.REGISTER]: Captured registration for entry youkaishomecoming:dark_oak_handrail of type minecraft:block
[255月2025 13:35:29.086] [modloading-worker-0/DEBUG] [com.tterrag.registrate.AbstractRegistrate/REGISTRATE.REGISTER]: Captured registration for entry youkaishomecoming:dark_oak_dining_table of type minecraft:item
[255月2025 13:35:29.086] [modloading-worker-0/DEBUG] [com.tterrag.registrate.AbstractRegistrate/REGISTRATE.REGISTER]: Captured registration for entry youkaishomecoming:dark_oak_dining_table of type minecraft:block
[255月2025 13:35:29.087] [modloading-worker-0/DEBUG] [com.tterrag.registrate.AbstractRegistrate/REGISTRATE.REGISTER]: Captured registration for entry youkaishomecoming:dark_oak_dining_chair of type minecraft:item
[255月2025 13:35:29.087] [modloading-worker-0/DEBUG] [com.tterrag.registrate.AbstractRegistrate/REGISTRATE.REGISTER]: Captured registration for entry youkaishomecoming:dark_oak_dining_chair of type minecraft:block
[255月2025 13:35:29.087] [modloading-worker-0/DEBUG] [com.tterrag.registrate.AbstractRegistrate/REGISTRATE.REGISTER]: Captured registration for entry youkaishomecoming:acacia_handrail of type minecraft:item
[255月2025 13:35:29.087] [modloading-worker-0/DEBUG] [com.tterrag.registrate.AbstractRegistrate/REGISTRATE.REGISTER]: Captured registration for entry youkaishomecoming:acacia_handrail of type minecraft:block
[255月2025 13:35:29.087] [modloading-worker-0/DEBUG] [com.tterrag.registrate.AbstractRegistrate/REGISTRATE.REGISTER]: Captured registration for entry youkaishomecoming:acacia_dining_table of type minecraft:item
[255月2025 13:35:29.087] [modloading-worker-0/DEBUG] [com.tterrag.registrate.AbstractRegistrate/REGISTRATE.REGISTER]: Captured registration for entry youkaishomecoming:acacia_dining_table of type minecraft:block
[255月2025 13:35:29.087] [modloading-worker-0/DEBUG] [com.tterrag.registrate.AbstractRegistrate/REGISTRATE.REGISTER]: Captured registration for entry youkaishomecoming:acacia_dining_chair of type minecraft:item
[255月2025 13:35:29.087] [modloading-worker-0/DEBUG] [com.tterrag.registrate.AbstractRegistrate/REGISTRATE.REGISTER]: Captured registration for entry youkaishomecoming:acacia_dining_chair of type minecraft:block
[255月2025 13:35:29.087] [modloading-worker-0/DEBUG] [com.tterrag.registrate.AbstractRegistrate/REGISTRATE.REGISTER]: Captured registration for entry youkaishomecoming:crimson_handrail of type minecraft:item
[255月2025 13:35:29.087] [modloading-worker-0/DEBUG] [com.tterrag.registrate.AbstractRegistrate/REGISTRATE.REGISTER]: Captured registration for entry youkaishomecoming:crimson_handrail of type minecraft:block
[255月2025 13:35:29.087] [modloading-worker-0/DEBUG] [com.tterrag.registrate.AbstractRegistrate/REGISTRATE.REGISTER]: Captured registration for entry youkaishomecoming:crimson_dining_table of type minecraft:item
[255月2025 13:35:29.087] [modloading-worker-0/DEBUG] [com.tterrag.registrate.AbstractRegistrate/REGISTRATE.REGISTER]: Captured registration for entry youkaishomecoming:crimson_dining_table of type minecraft:block
[255月2025 13:35:29.087] [modloading-worker-0/DEBUG] [com.tterrag.registrate.AbstractRegistrate/REGISTRATE.REGISTER]: Captured registration for entry youkaishomecoming:crimson_dining_chair of type minecraft:item
[255月2025 13:35:29.087] [modloading-worker-0/DEBUG] [com.tterrag.registrate.AbstractRegistrate/REGISTRATE.REGISTER]: Captured registration for entry youkaishomecoming:crimson_dining_chair of type minecraft:block
[255月2025 13:35:29.087] [modloading-worker-0/DEBUG] [com.tterrag.registrate.AbstractRegistrate/REGISTRATE.REGISTER]: Captured registration for entry youkaishomecoming:warped_handrail of type minecraft:item
[255月2025 13:35:29.087] [modloading-worker-0/DEBUG] [com.tterrag.registrate.AbstractRegistrate/REGISTRATE.REGISTER]: Captured registration for entry youkaishomecoming:warped_handrail of type minecraft:block
[255月2025 13:35:29.088] [modloading-worker-0/DEBUG] [com.tterrag.registrate.AbstractRegistrate/REGISTRATE.REGISTER]: Captured registration for entry youkaishomecoming:warped_dining_table of type minecraft:item
[255月2025 13:35:29.088] [modloading-worker-0/DEBUG] [com.tterrag.registrate.AbstractRegistrate/REGISTRATE.REGISTER]: Captured registration for entry youkaishomecoming:warped_dining_table of type minecraft:block
[255月2025 13:35:29.088] [modloading-worker-0/DEBUG] [com.tterrag.registrate.AbstractRegistrate/REGISTRATE.REGISTER]: Captured registration for entry youkaishomecoming:warped_dining_chair of type minecraft:item
[255月2025 13:35:29.088] [modloading-worker-0/DEBUG] [com.tterrag.registrate.AbstractRegistrate/REGISTRATE.REGISTER]: Captured registration for entry youkaishomecoming:warped_dining_chair of type minecraft:block
[255月2025 13:35:29.088] [modloading-worker-0/DEBUG] [com.tterrag.registrate.AbstractRegistrate/REGISTRATE.REGISTER]: Captured registration for entry youkaishomecoming:mangrove_handrail of type minecraft:item
[255月2025 13:35:29.088] [modloading-worker-0/DEBUG] [com.tterrag.registrate.AbstractRegistrate/REGISTRATE.REGISTER]: Captured registration for entry youkaishomecoming:mangrove_handrail of type minecraft:block
[255月2025 13:35:29.088] [modloading-worker-0/DEBUG] [com.tterrag.registrate.AbstractRegistrate/REGISTRATE.REGISTER]: Captured registration for entry youkaishomecoming:mangrove_dining_table of type minecraft:item
[255月2025 13:35:29.088] [modloading-worker-0/DEBUG] [com.tterrag.registrate.AbstractRegistrate/REGISTRATE.REGISTER]: Captured registration for entry youkaishomecoming:mangrove_dining_table of type minecraft:block
[255月2025 13:35:29.088] [modloading-worker-0/DEBUG] [com.tterrag.registrate.AbstractRegistrate/REGISTRATE.REGISTER]: Captured registration for entry youkaishomecoming:mangrove_dining_chair of type minecraft:item
[255月2025 13:35:29.088] [modloading-worker-0/DEBUG] [com.tterrag.registrate.AbstractRegistrate/REGISTRATE.REGISTER]: Captured registration for entry youkaishomecoming:mangrove_dining_chair of type minecraft:block
[255月2025 13:35:29.088] [modloading-worker-0/DEBUG] [com.tterrag.registrate.AbstractRegistrate/REGISTRATE.REGISTER]: Captured registration for entry youkaishomecoming:cherry_handrail of type minecraft:item
[255月2025 13:35:29.089] [modloading-worker-0/DEBUG] [com.tterrag.registrate.AbstractRegistrate/REGISTRATE.REGISTER]: Captured registration for entry youkaishomecoming:cherry_handrail of type minecraft:block
[255月2025 13:35:29.089] [modloading-worker-0/DEBUG] [com.tterrag.registrate.AbstractRegistrate/REGISTRATE.REGISTER]: Captured registration for entry youkaishomecoming:cherry_dining_table of type minecraft:item
[255月2025 13:35:29.089] [modloading-worker-0/DEBUG] [com.tterrag.registrate.AbstractRegistrate/REGISTRATE.REGISTER]: Captured registration for entry youkaishomecoming:cherry_dining_table of type minecraft:block
[255月2025 13:35:29.089] [modloading-worker-0/DEBUG] [com.tterrag.registrate.AbstractRegistrate/REGISTRATE.REGISTER]: Captured registration for entry youkaishomecoming:cherry_dining_chair of type minecraft:item
[255月2025 13:35:29.089] [modloading-worker-0/DEBUG] [com.tterrag.registrate.AbstractRegistrate/REGISTRATE.REGISTER]: Captured registration for entry youkaishomecoming:cherry_dining_chair of type minecraft:block
[255月2025 13:35:29.089] [modloading-worker-0/DEBUG] [com.tterrag.registrate.AbstractRegistrate/REGISTRATE.REGISTER]: Captured registration for entry youkaishomecoming:bamboo_handrail of type minecraft:item
[255月2025 13:35:29.089] [modloading-worker-0/DEBUG] [com.tterrag.registrate.AbstractRegistrate/REGISTRATE.REGISTER]: Captured registration for entry youkaishomecoming:bamboo_handrail of type minecraft:block
[255月2025 13:35:29.089] [modloading-worker-0/DEBUG] [com.tterrag.registrate.AbstractRegistrate/REGISTRATE.REGISTER]: Captured registration for entry youkaishomecoming:bamboo_dining_table of type minecraft:item
[255月2025 13:35:29.089] [modloading-worker-0/DEBUG] [com.tterrag.registrate.AbstractRegistrate/REGISTRATE.REGISTER]: Captured registration for entry youkaishomecoming:bamboo_dining_table of type minecraft:block
[255月2025 13:35:29.090] [modloading-worker-0/DEBUG] [com.tterrag.registrate.AbstractRegistrate/REGISTRATE.REGISTER]: Captured registration for entry youkaishomecoming:bamboo_dining_chair of type minecraft:item
[255月2025 13:35:29.090] [modloading-worker-0/DEBUG] [com.tterrag.registrate.AbstractRegistrate/REGISTRATE.REGISTER]: Captured registration for entry youkaishomecoming:bamboo_dining_chair of type minecraft:block
[255月2025 13:35:29.091] [modloading-worker-0/DEBUG] [com.tterrag.registrate.AbstractRegistrate/REGISTRATE.REGISTER]: Captured registration for entry youkaishomecoming:aphrodisiac of type minecraft:potion
[255月2025 13:35:29.092] [modloading-worker-0/DEBUG] [com.tterrag.registrate.AbstractRegistrate/REGISTRATE.REGISTER]: Captured registration for entry youkaishomecoming:long_aphrodisiac of type minecraft:potion
[255月2025 13:35:29.092] [modloading-worker-0/DEBUG] [com.tterrag.registrate.AbstractRegistrate/REGISTRATE.REGISTER]: Captured registration for entry youkaishomecoming:hypnosis of type minecraft:potion
[255月2025 13:35:29.093] [modloading-worker-0/DEBUG] [com.tterrag.registrate.AbstractRegistrate/REGISTRATE.REGISTER]: Captured registration for entry youkaishomecoming:long_hypnosis of type minecraft:potion
[255月2025 13:35:29.095] [modloading-worker-0/DEBUG] [com.tterrag.registrate.AbstractRegistrate/REGISTRATE.REGISTER]: Captured registration for entry youkaishomecoming:danmaku of type minecraft:creative_mode_tab
[255月2025 13:35:29.101] [modloading-worker-0/DEBUG] [com.tterrag.registrate.AbstractRegistrate/REGISTRATE.REGISTER]: Captured registration for entry youkaishomecoming:white_circle_danmaku of type minecraft:item
[255月2025 13:35:29.101] [modloading-worker-0/DEBUG] [com.tterrag.registrate.AbstractRegistrate/REGISTRATE.REGISTER]: Captured registration for entry youkaishomecoming:orange_circle_danmaku of type minecraft:item
[255月2025 13:35:29.101] [modloading-worker-0/DEBUG] [com.tterrag.registrate.AbstractRegistrate/REGISTRATE.REGISTER]: Captured registration for entry youkaishomecoming:magenta_circle_danmaku of type minecraft:item
[255月2025 13:35:29.101] [modloading-worker-0/DEBUG] [com.tterrag.registrate.AbstractRegistrate/REGISTRATE.REGISTER]: Captured registration for entry youkaishomecoming:light_blue_circle_danmaku of type minecraft:item
[255月2025 13:35:29.101] [modloading-worker-0/DEBUG] [com.tterrag.registrate.AbstractRegistrate/REGISTRATE.REGISTER]: Captured registration for entry youkaishomecoming:yellow_circle_danmaku of type minecraft:item
[255月2025 13:35:29.101] [modloading-worker-0/DEBUG] [com.tterrag.registrate.AbstractRegistrate/REGISTRATE.REGISTER]: Captured registration for entry youkaishomecoming:lime_circle_danmaku of type minecraft:item
[255月2025 13:35:29.101] [modloading-worker-0/DEBUG] [com.tterrag.registrate.AbstractRegistrate/REGISTRATE.REGISTER]: Captured registration for entry youkaishomecoming:pink_circle_danmaku of type minecraft:item
[255月2025 13:35:29.101] [modloading-worker-0/DEBUG] [com.tterrag.registrate.AbstractRegistrate/REGISTRATE.REGISTER]: Captured registration for entry youkaishomecoming:gray_circle_danmaku of type minecraft:item
[255月2025 13:35:29.101] [modloading-worker-0/DEBUG] [com.tterrag.registrate.AbstractRegistrate/REGISTRATE.REGISTER]: Captured registration for entry youkaishomecoming:light_gray_circle_danmaku of type minecraft:item
[255月2025 13:35:29.101] [modloading-worker-0/DEBUG] [com.tterrag.registrate.AbstractRegistrate/REGISTRATE.REGISTER]: Captured registration for entry youkaishomecoming:cyan_circle_danmaku of type minecraft:item
[255月2025 13:35:29.101] [modloading-worker-0/DEBUG] [com.tterrag.registrate.AbstractRegistrate/REGISTRATE.REGISTER]: Captured registration for entry youkaishomecoming:purple_circle_danmaku of type minecraft:item
[255月2025 13:35:29.101] [modloading-worker-0/DEBUG] [com.tterrag.registrate.AbstractRegistrate/REGISTRATE.REGISTER]: Captured registration for entry youkaishomecoming:blue_circle_danmaku of type minecraft:item
[255月2025 13:35:29.101] [modloading-worker-0/DEBUG] [com.tterrag.registrate.AbstractRegistrate/REGISTRATE.REGISTER]: Captured registration for entry youkaishomecoming:brown_circle_danmaku of type minecraft:item
[255月2025 13:35:29.101] [modloading-worker-0/DEBUG] [com.tterrag.registrate.AbstractRegistrate/REGISTRATE.REGISTER]: Captured registration for entry youkaishomecoming:green_circle_danmaku of type minecraft:item
[255月2025 13:35:29.101] [modloading-worker-0/DEBUG] [com.tterrag.registrate.AbstractRegistrate/REGISTRATE.REGISTER]: Captured registration for entry youkaishomecoming:red_circle_danmaku of type minecraft:item
[255月2025 13:35:29.101] [modloading-worker-0/DEBUG] [com.tterrag.registrate.AbstractRegistrate/REGISTRATE.REGISTER]: Captured registration for entry youkaishomecoming:black_circle_danmaku of type minecraft:item
[255月2025 13:35:29.101] [modloading-worker-0/DEBUG] [com.tterrag.registrate.AbstractRegistrate/REGISTRATE.REGISTER]: Captured registration for entry youkaishomecoming:white_ball_danmaku of type minecraft:item
[255月2025 13:35:29.105] [modloading-worker-0/DEBUG] [com.tterrag.registrate.AbstractRegistrate/REGISTRATE.REGISTER]: Captured registration for entry youkaishomecoming:orange_ball_danmaku of type minecraft:item
[255月2025 13:35:29.105] [modloading-worker-0/DEBUG] [com.tterrag.registrate.AbstractRegistrate/REGISTRATE.REGISTER]: Captured registration for entry youkaishomecoming:magenta_ball_danmaku of type minecraft:item
[255月2025 13:35:29.105] [modloading-worker-0/DEBUG] [com.tterrag.registrate.AbstractRegistrate/REGISTRATE.REGISTER]: Captured registration for entry youkaishomecoming:light_blue_ball_danmaku of type minecraft:item
[255月2025 13:35:29.105] [modloading-worker-0/DEBUG] [com.tterrag.registrate.AbstractRegistrate/REGISTRATE.REGISTER]: Captured registration for entry youkaishomecoming:yellow_ball_danmaku of type minecraft:item
[255月2025 13:35:29.105] [modloading-worker-0/DEBUG] [com.tterrag.registrate.AbstractRegistrate/REGISTRATE.REGISTER]: Captured registration for entry youkaishomecoming:lime_ball_danmaku of type minecraft:item
[255月2025 13:35:29.106] [modloading-worker-0/DEBUG] [com.tterrag.registrate.AbstractRegistrate/REGISTRATE.REGISTER]: Captured registration for entry youkaishomecoming:pink_ball_danmaku of type minecraft:item
[255月2025 13:35:29.106] [modloading-worker-0/DEBUG] [com.tterrag.registrate.AbstractRegistrate/REGISTRATE.REGISTER]: Captured registration for entry youkaishomecoming:gray_ball_danmaku of type minecraft:item
[255月2025 13:35:29.106] [modloading-worker-0/DEBUG] [com.tterrag.registrate.AbstractRegistrate/REGISTRATE.REGISTER]: Captured registration for entry youkaishomecoming:light_gray_ball_danmaku of type minecraft:item
[255月2025 13:35:29.106] [modloading-worker-0/DEBUG] [com.tterrag.registrate.AbstractRegistrate/REGISTRATE.REGISTER]: Captured registration for entry youkaishomecoming:cyan_ball_danmaku of type minecraft:item
[255月2025 13:35:29.106] [modloading-worker-0/DEBUG] [com.tterrag.registrate.AbstractRegistrate/REGISTRATE.REGISTER]: Captured registration for entry youkaishomecoming:purple_ball_danmaku of type minecraft:item
[255月2025 13:35:29.106] [modloading-worker-0/DEBUG] [com.tterrag.registrate.AbstractRegistrate/REGISTRATE.REGISTER]: Captured registration for entry youkaishomecoming:blue_ball_danmaku of type minecraft:item
[255月2025 13:35:29.106] [modloading-worker-0/DEBUG] [com.tterrag.registrate.AbstractRegistrate/REGISTRATE.REGISTER]: Captured registration for entry youkaishomecoming:brown_ball_danmaku of type minecraft:item
[255月2025 13:35:29.106] [modloading-worker-0/DEBUG] [com.tterrag.registrate.AbstractRegistrate/REGISTRATE.REGISTER]: Captured registration for entry youkaishomecoming:green_ball_danmaku of type minecraft:item
[255月2025 13:35:29.106] [modloading-worker-0/DEBUG] [com.tterrag.registrate.AbstractRegistrate/REGISTRATE.REGISTER]: Captured registration for entry youkaishomecoming:red_ball_danmaku of type minecraft:item
[255月2025 13:35:29.106] [modloading-worker-0/DEBUG] [com.tterrag.registrate.AbstractRegistrate/REGISTRATE.REGISTER]: Captured registration for entry youkaishomecoming:black_ball_danmaku of type minecraft:item
[255月2025 13:35:29.106] [modloading-worker-0/DEBUG] [com.tterrag.registrate.AbstractRegistrate/REGISTRATE.REGISTER]: Captured registration for entry youkaishomecoming:white_mentos_danmaku of type minecraft:item
[255月2025 13:35:29.106] [modloading-worker-0/DEBUG] [com.tterrag.registrate.AbstractRegistrate/REGISTRATE.REGISTER]: Captured registration for entry youkaishomecoming:orange_mentos_danmaku of type minecraft:item
[255月2025 13:35:29.106] [modloading-worker-0/DEBUG] [com.tterrag.registrate.AbstractRegistrate/REGISTRATE.REGISTER]: Captured registration for entry youkaishomecoming:magenta_mentos_danmaku of type minecraft:item
[255月2025 13:35:29.106] [modloading-worker-0/DEBUG] [com.tterrag.registrate.AbstractRegistrate/REGISTRATE.REGISTER]: Captured registration for entry youkaishomecoming:light_blue_mentos_danmaku of type minecraft:item
[255月2025 13:35:29.106] [modloading-worker-0/DEBUG] [com.tterrag.registrate.AbstractRegistrate/REGISTRATE.REGISTER]: Captured registration for entry youkaishomecoming:yellow_mentos_danmaku of type minecraft:item
[255月2025 13:35:29.106] [modloading-worker-0/DEBUG] [com.tterrag.registrate.AbstractRegistrate/REGISTRATE.REGISTER]: Captured registration for entry youkaishomecoming:lime_mentos_danmaku of type minecraft:item
[255月2025 13:35:29.106] [modloading-worker-0/DEBUG] [com.tterrag.registrate.AbstractRegistrate/REGISTRATE.REGISTER]: Captured registration for entry youkaishomecoming:pink_mentos_danmaku of type minecraft:item
[255月2025 13:35:29.106] [modloading-worker-0/DEBUG] [com.tterrag.registrate.AbstractRegistrate/REGISTRATE.REGISTER]: Captured registration for entry youkaishomecoming:gray_mentos_danmaku of type minecraft:item
[255月2025 13:35:29.106] [modloading-worker-0/DEBUG] [com.tterrag.registrate.AbstractRegistrate/REGISTRATE.REGISTER]: Captured registration for entry youkaishomecoming:light_gray_mentos_danmaku of type minecraft:item
[255月2025 13:35:29.106] [modloading-worker-0/DEBUG] [com.tterrag.registrate.AbstractRegistrate/REGISTRATE.REGISTER]: Captured registration for entry youkaishomecoming:cyan_mentos_danmaku of type minecraft:item
[255月2025 13:35:29.106] [modloading-worker-0/DEBUG] [com.tterrag.registrate.AbstractRegistrate/REGISTRATE.REGISTER]: Captured registration for entry youkaishomecoming:purple_mentos_danmaku of type minecraft:item
[255月2025 13:35:29.106] [modloading-worker-0/DEBUG] [com.tterrag.registrate.AbstractRegistrate/REGISTRATE.REGISTER]: Captured registration for entry youkaishomecoming:blue_mentos_danmaku of type minecraft:item
[255月2025 13:35:29.106] [modloading-worker-0/DEBUG] [com.tterrag.registrate.AbstractRegistrate/REGISTRATE.REGISTER]: Captured registration for entry youkaishomecoming:brown_mentos_danmaku of type minecraft:item
[255月2025 13:35:29.106] [modloading-worker-0/DEBUG] [com.tterrag.registrate.AbstractRegistrate/REGISTRATE.REGISTER]: Captured registration for entry youkaishomecoming:green_mentos_danmaku of type minecraft:item
[255月2025 13:35:29.106] [modloading-worker-0/DEBUG] [com.tterrag.registrate.AbstractRegistrate/REGISTRATE.REGISTER]: Captured registration for entry youkaishomecoming:red_mentos_danmaku of type minecraft:item
[255月2025 13:35:29.106] [modloading-worker-0/DEBUG] [com.tterrag.registrate.AbstractRegistrate/REGISTRATE.REGISTER]: Captured registration for entry youkaishomecoming:black_mentos_danmaku of type minecraft:item
[255月2025 13:35:29.106] [modloading-worker-0/DEBUG] [com.tterrag.registrate.AbstractRegistrate/REGISTRATE.REGISTER]: Captured registration for entry youkaishomecoming:white_bubble_danmaku of type minecraft:item
[255月2025 13:35:29.108] [modloading-worker-0/DEBUG] [com.tterrag.registrate.AbstractRegistrate/REGISTRATE.REGISTER]: Captured registration for entry youkaishomecoming:orange_bubble_danmaku of type minecraft:item
[255月2025 13:35:29.108] [modloading-worker-0/DEBUG] [com.tterrag.registrate.AbstractRegistrate/REGISTRATE.REGISTER]: Captured registration for entry youkaishomecoming:magenta_bubble_danmaku of type minecraft:item
[255月2025 13:35:29.108] [modloading-worker-0/DEBUG] [com.tterrag.registrate.AbstractRegistrate/REGISTRATE.REGISTER]: Captured registration for entry youkaishomecoming:light_blue_bubble_danmaku of type minecraft:item
[255月2025 13:35:29.108] [modloading-worker-0/DEBUG] [com.tterrag.registrate.AbstractRegistrate/REGISTRATE.REGISTER]: Captured registration for entry youkaishomecoming:yellow_bubble_danmaku of type minecraft:item
[255月2025 13:35:29.108] [modloading-worker-0/DEBUG] [com.tterrag.registrate.AbstractRegistrate/REGISTRATE.REGISTER]: Captured registration for entry youkaishomecoming:lime_bubble_danmaku of type minecraft:item
[255月2025 13:35:29.108] [modloading-worker-0/DEBUG] [com.tterrag.registrate.AbstractRegistrate/REGISTRATE.REGISTER]: Captured registration for entry youkaishomecoming:pink_bubble_danmaku of type minecraft:item
[255月2025 13:35:29.108] [modloading-worker-0/DEBUG] [com.tterrag.registrate.AbstractRegistrate/REGISTRATE.REGISTER]: Captured registration for entry youkaishomecoming:gray_bubble_danmaku of type minecraft:item
[255月2025 13:35:29.108] [modloading-worker-0/DEBUG] [com.tterrag.registrate.AbstractRegistrate/REGISTRATE.REGISTER]: Captured registration for entry youkaishomecoming:light_gray_bubble_danmaku of type minecraft:item
[255月2025 13:35:29.108] [modloading-worker-0/DEBUG] [com.tterrag.registrate.AbstractRegistrate/REGISTRATE.REGISTER]: Captured registration for entry youkaishomecoming:cyan_bubble_danmaku of type minecraft:item
[255月2025 13:35:29.109] [modloading-worker-0/DEBUG] [com.tterrag.registrate.AbstractRegistrate/REGISTRATE.REGISTER]: Captured registration for entry youkaishomecoming:purple_bubble_danmaku of type minecraft:item
[255月2025 13:35:29.109] [modloading-worker-0/DEBUG] [com.tterrag.registrate.AbstractRegistrate/REGISTRATE.REGISTER]: Captured registration for entry youkaishomecoming:blue_bubble_danmaku of type minecraft:item
[255月2025 13:35:29.109] [modloading-worker-0/DEBUG] [com.tterrag.registrate.AbstractRegistrate/REGISTRATE.REGISTER]: Captured registration for entry youkaishomecoming:brown_bubble_danmaku of type minecraft:item
[255月2025 13:35:29.109] [modloading-worker-0/DEBUG] [com.tterrag.registrate.AbstractRegistrate/REGISTRATE.REGISTER]: Captured registration for entry youkaishomecoming:green_bubble_danmaku of type minecraft:item
[255月2025 13:35:29.110] [modloading-worker-0/DEBUG] [com.tterrag.registrate.AbstractRegistrate/REGISTRATE.REGISTER]: Captured registration for entry youkaishomecoming:red_bubble_danmaku of type minecraft:item
[255月2025 13:35:29.110] [modloading-worker-0/DEBUG] [com.tterrag.registrate.AbstractRegistrate/REGISTRATE.REGISTER]: Captured registration for entry youkaishomecoming:black_bubble_danmaku of type minecraft:item
[255月2025 13:35:29.110] [modloading-worker-0/DEBUG] [com.tterrag.registrate.AbstractRegistrate/REGISTRATE.REGISTER]: Captured registration for entry youkaishomecoming:white_butterfly_danmaku of type minecraft:item
[255月2025 13:35:29.110] [modloading-worker-0/DEBUG] [com.tterrag.registrate.AbstractRegistrate/REGISTRATE.REGISTER]: Captured registration for entry youkaishomecoming:orange_butterfly_danmaku of type minecraft:item
[255月2025 13:35:29.110] [modloading-worker-0/DEBUG] [com.tterrag.registrate.AbstractRegistrate/REGISTRATE.REGISTER]: Captured registration for entry youkaishomecoming:magenta_butterfly_danmaku of type minecraft:item
[255月2025 13:35:29.110] [modloading-worker-0/DEBUG] [com.tterrag.registrate.AbstractRegistrate/REGISTRATE.REGISTER]: Captured registration for entry youkaishomecoming:light_blue_butterfly_danmaku of type minecraft:item
[255月2025 13:35:29.110] [modloading-worker-0/DEBUG] [com.tterrag.registrate.AbstractRegistrate/REGISTRATE.REGISTER]: Captured registration for entry youkaishomecoming:yellow_butterfly_danmaku of type minecraft:item
[255月2025 13:35:29.110] [modloading-worker-0/DEBUG] [com.tterrag.registrate.AbstractRegistrate/REGISTRATE.REGISTER]: Captured registration for entry youkaishomecoming:lime_butterfly_danmaku of type minecraft:item
[255月2025 13:35:29.110] [modloading-worker-0/DEBUG] [com.tterrag.registrate.AbstractRegistrate/REGISTRATE.REGISTER]: Captured registration for entry youkaishomecoming:pink_butterfly_danmaku of type minecraft:item
[255月2025 13:35:29.110] [modloading-worker-0/DEBUG] [com.tterrag.registrate.AbstractRegistrate/REGISTRATE.REGISTER]: Captured registration for entry youkaishomecoming:gray_butterfly_danmaku of type minecraft:item
[255月2025 13:35:29.110] [modloading-worker-0/DEBUG] [com.tterrag.registrate.AbstractRegistrate/REGISTRATE.REGISTER]: Captured registration for entry youkaishomecoming:light_gray_butterfly_danmaku of type minecraft:item
[255月2025 13:35:29.110] [modloading-worker-0/DEBUG] [com.tterrag.registrate.AbstractRegistrate/REGISTRATE.REGISTER]: Captured registration for entry youkaishomecoming:cyan_butterfly_danmaku of type minecraft:item
[255月2025 13:35:29.110] [modloading-worker-0/DEBUG] [com.tterrag.registrate.AbstractRegistrate/REGISTRATE.REGISTER]: Captured registration for entry youkaishomecoming:purple_butterfly_danmaku of type minecraft:item
[255月2025 13:35:29.110] [modloading-worker-0/DEBUG] [com.tterrag.registrate.AbstractRegistrate/REGISTRATE.REGISTER]: Captured registration for entry youkaishomecoming:blue_butterfly_danmaku of type minecraft:item
[255月2025 13:35:29.110] [modloading-worker-0/DEBUG] [com.tterrag.registrate.AbstractRegistrate/REGISTRATE.REGISTER]: Captured registration for entry youkaishomecoming:brown_butterfly_danmaku of type minecraft:item
[255月2025 13:35:29.110] [modloading-worker-0/DEBUG] [com.tterrag.registrate.AbstractRegistrate/REGISTRATE.REGISTER]: Captured registration for entry youkaishomecoming:green_butterfly_danmaku of type minecraft:item
[255月2025 13:35:29.111] [modloading-worker-0/DEBUG] [com.tterrag.registrate.AbstractRegistrate/REGISTRATE.REGISTER]: Captured registration for entry youkaishomecoming:red_butterfly_danmaku of type minecraft:item
[255月2025 13:35:29.111] [modloading-worker-0/DEBUG] [com.tterrag.registrate.AbstractRegistrate/REGISTRATE.REGISTER]: Captured registration for entry youkaishomecoming:black_butterfly_danmaku of type minecraft:item
[255月2025 13:35:29.111] [modloading-worker-0/DEBUG] [com.tterrag.registrate.AbstractRegistrate/REGISTRATE.REGISTER]: Captured registration for entry youkaishomecoming:white_spark_danmaku of type minecraft:item
[255月2025 13:35:29.111] [modloading-worker-0/DEBUG] [com.tterrag.registrate.AbstractRegistrate/REGISTRATE.REGISTER]: Captured registration for entry youkaishomecoming:orange_spark_danmaku of type minecraft:item
[255月2025 13:35:29.111] [modloading-worker-0/DEBUG] [com.tterrag.registrate.AbstractRegistrate/REGISTRATE.REGISTER]: Captured registration for entry youkaishomecoming:magenta_spark_danmaku of type minecraft:item
[255月2025 13:35:29.111] [modloading-worker-0/DEBUG] [com.tterrag.registrate.AbstractRegistrate/REGISTRATE.REGISTER]: Captured registration for entry youkaishomecoming:light_blue_spark_danmaku of type minecraft:item
[255月2025 13:35:29.111] [modloading-worker-0/DEBUG] [com.tterrag.registrate.AbstractRegistrate/REGISTRATE.REGISTER]: Captured registration for entry youkaishomecoming:yellow_spark_danmaku of type minecraft:item
[255月2025 13:35:29.111] [modloading-worker-0/DEBUG] [com.tterrag.registrate.AbstractRegistrate/REGISTRATE.REGISTER]: Captured registration for entry youkaishomecoming:lime_spark_danmaku of type minecraft:item
[255月2025 13:35:29.111] [modloading-worker-0/DEBUG] [com.tterrag.registrate.AbstractRegistrate/REGISTRATE.REGISTER]: Captured registration for entry youkaishomecoming:pink_spark_danmaku of type minecraft:item
[255月2025 13:35:29.111] [modloading-worker-0/DEBUG] [com.tterrag.registrate.AbstractRegistrate/REGISTRATE.REGISTER]: Captured registration for entry youkaishomecoming:gray_spark_danmaku of type minecraft:item
[255月2025 13:35:29.111] [modloading-worker-0/DEBUG] [com.tterrag.registrate.AbstractRegistrate/REGISTRATE.REGISTER]: Captured registration for entry youkaishomecoming:light_gray_spark_danmaku of type minecraft:item
[255月2025 13:35:29.111] [modloading-worker-0/DEBUG] [com.tterrag.registrate.AbstractRegistrate/REGISTRATE.REGISTER]: Captured registration for entry youkaishomecoming:cyan_spark_danmaku of type minecraft:item
[255月2025 13:35:29.111] [modloading-worker-0/DEBUG] [com.tterrag.registrate.AbstractRegistrate/REGISTRATE.REGISTER]: Captured registration for entry youkaishomecoming:purple_spark_danmaku of type minecraft:item
[255月2025 13:35:29.112] [modloading-worker-0/DEBUG] [com.tterrag.registrate.AbstractRegistrate/REGISTRATE.REGISTER]: Captured registration for entry youkaishomecoming:blue_spark_danmaku of type minecraft:item
[255月2025 13:35:29.112] [modloading-worker-0/DEBUG] [com.tterrag.registrate.AbstractRegistrate/REGISTRATE.REGISTER]: Captured registration for entry youkaishomecoming:brown_spark_danmaku of type minecraft:item
[255月2025 13:35:29.113] [modloading-worker-0/DEBUG] [com.tterrag.registrate.AbstractRegistrate/REGISTRATE.REGISTER]: Captured registration for entry youkaishomecoming:green_spark_danmaku of type minecraft:item
[255月2025 13:35:29.113] [modloading-worker-0/DEBUG] [com.tterrag.registrate.AbstractRegistrate/REGISTRATE.REGISTER]: Captured registration for entry youkaishomecoming:red_spark_danmaku of type minecraft:item
[255月2025 13:35:29.114] [modloading-worker-0/DEBUG] [com.tterrag.registrate.AbstractRegistrate/REGISTRATE.REGISTER]: Captured registration for entry youkaishomecoming:black_spark_danmaku of type minecraft:item
[255月2025 13:35:29.114] [modloading-worker-0/DEBUG] [com.tterrag.registrate.AbstractRegistrate/REGISTRATE.REGISTER]: Captured registration for entry youkaishomecoming:white_star_danmaku of type minecraft:item
[255月2025 13:35:29.114] [modloading-worker-0/DEBUG] [com.tterrag.registrate.AbstractRegistrate/REGISTRATE.REGISTER]: Captured registration for entry youkaishomecoming:orange_star_danmaku of type minecraft:item
[255月2025 13:35:29.114] [modloading-worker-0/DEBUG] [com.tterrag.registrate.AbstractRegistrate/REGISTRATE.REGISTER]: Captured registration for entry youkaishomecoming:magenta_star_danmaku of type minecraft:item
[255月2025 13:35:29.114] [modloading-worker-0/DEBUG] [com.tterrag.registrate.AbstractRegistrate/REGISTRATE.REGISTER]: Captured registration for entry youkaishomecoming:light_blue_star_danmaku of type minecraft:item
[255月2025 13:35:29.114] [modloading-worker-0/DEBUG] [com.tterrag.registrate.AbstractRegistrate/REGISTRATE.REGISTER]: Captured registration for entry youkaishomecoming:yellow_star_danmaku of type minecraft:item
[255月2025 13:35:29.114] [modloading-worker-0/DEBUG] [com.tterrag.registrate.AbstractRegistrate/REGISTRATE.REGISTER]: Captured registration for entry youkaishomecoming:lime_star_danmaku of type minecraft:item
[255月2025 13:35:29.114] [modloading-worker-0/DEBUG] [com.tterrag.registrate.AbstractRegistrate/REGISTRATE.REGISTER]: Captured registration for entry youkaishomecoming:pink_star_danmaku of type minecraft:item
[255月2025 13:35:29.114] [modloading-worker-0/DEBUG] [com.tterrag.registrate.AbstractRegistrate/REGISTRATE.REGISTER]: Captured registration for entry youkaishomecoming:gray_star_danmaku of type minecraft:item
[255月2025 13:35:29.114] [modloading-worker-0/DEBUG] [com.tterrag.registrate.AbstractRegistrate/REGISTRATE.REGISTER]: Captured registration for entry youkaishomecoming:light_gray_star_danmaku of type minecraft:item
[255月2025 13:35:29.114] [modloading-worker-0/DEBUG] [com.tterrag.registrate.AbstractRegistrate/REGISTRATE.REGISTER]: Captured registration for entry youkaishomecoming:cyan_star_danmaku of type minecraft:item
[255月2025 13:35:29.114] [modloading-worker-0/DEBUG] [com.tterrag.registrate.AbstractRegistrate/REGISTRATE.REGISTER]: Captured registration for entry youkaishomecoming:purple_star_danmaku of type minecraft:item
[255月2025 13:35:29.114] [modloading-worker-0/DEBUG] [com.tterrag.registrate.AbstractRegistrate/REGISTRATE.REGISTER]: Captured registration for entry youkaishomecoming:blue_star_danmaku of type minecraft:item
[255月2025 13:35:29.114] [modloading-worker-0/DEBUG] [com.tterrag.registrate.AbstractRegistrate/REGISTRATE.REGISTER]: Captured registration for entry youkaishomecoming:brown_star_danmaku of type minecraft:item
[255月2025 13:35:29.114] [modloading-worker-0/DEBUG] [com.tterrag.registrate.AbstractRegistrate/REGISTRATE.REGISTER]: Captured registration for entry youkaishomecoming:green_star_danmaku of type minecraft:item
[255月2025 13:35:29.114] [modloading-worker-0/DEBUG] [com.tterrag.registrate.AbstractRegistrate/REGISTRATE.REGISTER]: Captured registration for entry youkaishomecoming:red_star_danmaku of type minecraft:item
[255月2025 13:35:29.114] [modloading-worker-0/DEBUG] [com.tterrag.registrate.AbstractRegistrate/REGISTRATE.REGISTER]: Captured registration for entry youkaishomecoming:black_star_danmaku of type minecraft:item
[255月2025 13:35:29.115] [modloading-worker-0/DEBUG] [com.tterrag.registrate.AbstractRegistrate/REGISTRATE.REGISTER]: Captured registration for entry youkaishomecoming:white_laser of type minecraft:item
[255月2025 13:35:29.120] [modloading-worker-0/DEBUG] [com.tterrag.registrate.AbstractRegistrate/REGISTRATE.REGISTER]: Captured registration for entry youkaishomecoming:orange_laser of type minecraft:item
[255月2025 13:35:29.120] [modloading-worker-0/DEBUG] [com.tterrag.registrate.AbstractRegistrate/REGISTRATE.REGISTER]: Captured registration for entry youkaishomecoming:magenta_laser of type minecraft:item
[255月2025 13:35:29.120] [modloading-worker-0/DEBUG] [com.tterrag.registrate.AbstractRegistrate/REGISTRATE.REGISTER]: Captured registration for entry youkaishomecoming:light_blue_laser of type minecraft:item
[255月2025 13:35:29.120] [modloading-worker-0/DEBUG] [com.tterrag.registrate.AbstractRegistrate/REGISTRATE.REGISTER]: Captured registration for entry youkaishomecoming:yellow_laser of type minecraft:item
[255月2025 13:35:29.121] [modloading-worker-0/DEBUG] [com.tterrag.registrate.AbstractRegistrate/REGISTRATE.REGISTER]: Captured registration for entry youkaishomecoming:lime_laser of type minecraft:item
[255月2025 13:35:29.121] [modloading-worker-0/DEBUG] [com.tterrag.registrate.AbstractRegistrate/REGISTRATE.REGISTER]: Captured registration for entry youkaishomecoming:pink_laser of type minecraft:item
[255月2025 13:35:29.121] [modloading-worker-0/DEBUG] [com.tterrag.registrate.AbstractRegistrate/REGISTRATE.REGISTER]: Captured registration for entry youkaishomecoming:gray_laser of type minecraft:item
[255月2025 13:35:29.121] [modloading-worker-0/DEBUG] [com.tterrag.registrate.AbstractRegistrate/REGISTRATE.REGISTER]: Captured registration for entry youkaishomecoming:light_gray_laser of type minecraft:item
[255月2025 13:35:29.123] [modloading-worker-0/DEBUG] [com.tterrag.registrate.AbstractRegistrate/REGISTRATE.REGISTER]: Captured registration for entry youkaishomecoming:cyan_laser of type minecraft:item
[255月2025 13:35:29.123] [modloading-worker-0/DEBUG] [com.tterrag.registrate.AbstractRegistrate/REGISTRATE.REGISTER]: Captured registration for entry youkaishomecoming:purple_laser of type minecraft:item
[255月2025 13:35:29.123] [modloading-worker-0/DEBUG] [com.tterrag.registrate.AbstractRegistrate/REGISTRATE.REGISTER]: Captured registration for entry youkaishomecoming:blue_laser of type minecraft:item
[255月2025 13:35:29.123] [modloading-worker-0/DEBUG] [com.tterrag.registrate.AbstractRegistrate/REGISTRATE.REGISTER]: Captured registration for entry youkaishomecoming:brown_laser of type minecraft:item
[255月2025 13:35:29.123] [modloading-worker-0/DEBUG] [com.tterrag.registrate.AbstractRegistrate/REGISTRATE.REGISTER]: Captured registration for entry youkaishomecoming:green_laser of type minecraft:item
[255月2025 13:35:29.123] [modloading-worker-0/DEBUG] [com.tterrag.registrate.AbstractRegistrate/REGISTRATE.REGISTER]: Captured registration for entry youkaishomecoming:red_laser of type minecraft:item
[255月2025 13:35:29.123] [modloading-worker-0/DEBUG] [com.tterrag.registrate.AbstractRegistrate/REGISTRATE.REGISTER]: Captured registration for entry youkaishomecoming:black_laser of type minecraft:item
[255月2025 13:35:29.140] [modloading-worker-0/DEBUG] [com.tterrag.registrate.AbstractRegistrate/REGISTRATE.REGISTER]: Captured registration for entry youkaishomecoming:lamprey_spawn_egg of type minecraft:item
[255月2025 13:35:29.150] [modloading-worker-0/DEBUG] [com.tterrag.registrate.AbstractRegistrate/REGISTRATE.REGISTER]: Captured registration for entry youkaishomecoming:lamprey of type minecraft:entity_type
[255月2025 13:35:29.164] [modloading-worker-0/ERROR] [touhou_little_maid/]: Failed to save available sites file
java.io.FileNotFoundException: config\touhou_little_maid\available_sites.yml (系统找不到指定的路径。)
	at java.io.FileOutputStream.open0(Native Method) ~[?:?]
	at java.io.FileOutputStream.open(FileOutputStream.java:293) ~[?:?]
	at java.io.FileOutputStream.<init>(FileOutputStream.java:235) ~[?:?]
	at java.io.FileOutputStream.<init>(FileOutputStream.java:184) ~[?:?]
	at java.io.FileWriter.<init>(FileWriter.java:176) ~[?:?]
	at com.github.tartaricacid.touhoulittlemaid.ai.manager.setting.AvailableSites.saveSites(AvailableSites.java:93) ~[touhou-little-maid-1.2.2-hotfix-forge,1.20.1_mapped_parchment_2023.09.03-1.20.1.jar%23199!/:1.2.2]
	at com.github.tartaricacid.touhoulittlemaid.ai.manager.setting.AvailableSites.readSites(AvailableSites.java:84) ~[touhou-little-maid-1.2.2-hotfix-forge,1.20.1_mapped_parchment_2023.09.03-1.20.1.jar%23199!/:1.2.2]
	at com.github.tartaricacid.touhoulittlemaid.config.subconfig.AIConfig.init(AIConfig.java:19) ~[touhou-little-maid-1.2.2-hotfix-forge,1.20.1_mapped_parchment_2023.09.03-1.20.1.jar%23199!/:1.2.2]
	at com.github.tartaricacid.touhoulittlemaid.config.GeneralConfig.init(GeneralConfig.java:14) ~[touhou-little-maid-1.2.2-hotfix-forge,1.20.1_mapped_parchment_2023.09.03-1.20.1.jar%23199!/:1.2.2]
	at com.github.tartaricacid.touhoulittlemaid.TouhouLittleMaid.<init>(TouhouLittleMaid.java:29) ~[touhou-little-maid-1.2.2-hotfix-forge,1.20.1_mapped_parchment_2023.09.03-1.20.1.jar%23199!/:1.2.2]
	at jdk.internal.reflect.NativeConstructorAccessorImpl.newInstance0(Native Method) ~[?:?]
	at jdk.internal.reflect.NativeConstructorAccessorImpl.newInstance(NativeConstructorAccessorImpl.java:77) ~[?:?]
	at jdk.internal.reflect.DelegatingConstructorAccessorImpl.newInstance(DelegatingConstructorAccessorImpl.java:45) ~[?:?]
	at java.lang.reflect.Constructor.newInstanceWithCaller(Constructor.java:500) ~[?:?]
	at java.lang.reflect.Constructor.newInstance(Constructor.java:481) ~[?:?]
	at net.minecraftforge.fml.javafmlmod.FMLModContainer.constructMod(FMLModContainer.java:68) ~[javafmllanguage-1.20.1-47.1.3.jar%23192!/:?]
	at net.minecraftforge.fml.ModContainer.lambda$buildTransitionHandler$10(ModContainer.java:123) ~[fmlcore-1.20.1-47.1.3.jar%23195!/:?]
	at java.util.concurrent.CompletableFuture$AsyncRun.run(CompletableFuture.java:1804) ~[?:?]
	at java.util.concurrent.CompletableFuture$AsyncRun.exec(CompletableFuture.java:1796) ~[?:?]
	at java.util.concurrent.ForkJoinTask.doExec(ForkJoinTask.java:373) ~[?:?]
	at java.util.concurrent.ForkJoinPool$WorkQueue.topLevelExec(ForkJoinPool.java:1182) ~[?:?]
	at java.util.concurrent.ForkJoinPool.scan(ForkJoinPool.java:1655) ~[?:?]
	at java.util.concurrent.ForkJoinPool.runWorker(ForkJoinPool.java:1622) ~[?:?]
	at java.util.concurrent.ForkJoinWorkerThread.run(ForkJoinWorkerThread.java:165) ~[?:?]
[255月2025 13:35:29.166] [modloading-worker-0/DEBUG] [net.minecraftforge.fml.config.ConfigTracker/CONFIG]: Config file touhou_little_maid-common.toml for touhou_little_maid tracking
[255月2025 13:35:29.167] [modloading-worker-0/DEBUG] [net.minecraftforge.fml.config.ConfigTracker/CONFIG]: Config file touhou_little_maid-server.toml for touhou_little_maid tracking
[255月2025 13:35:29.176] [modloading-worker-0/DEBUG] [com.tterrag.registrate.AbstractRegistrate/REGISTRATE.REGISTER]: Captured registration for entry youkaishomecoming:rumia_spawn_egg of type minecraft:item
[255月2025 13:35:29.176] [modloading-worker-0/DEBUG] [com.tterrag.registrate.AbstractRegistrate/REGISTRATE.REGISTER]: Captured registration for entry youkaishomecoming:rumia of type minecraft:entity_type
[255月2025 13:35:29.180] [modloading-worker-0/DEBUG] [net.minecraftforge.fml.javafmlmod.AutomaticEventSubscriber/LOADING]: Attempting to inject @EventBusSubscriber classes into the eventbus for touhou_little_maid
[255月2025 13:35:29.180] [modloading-worker-0/DEBUG] [net.minecraftforge.fml.javafmlmod.AutomaticEventSubscriber/LOADING]: Auto-subscribing com.github.tartaricacid.touhoulittlemaid.util.EntityCacheUtil to FORGE
[255月2025 13:35:29.182] [modloading-worker-0/DEBUG] [net.minecraftforge.fml.javafmlmod.AutomaticEventSubscriber/LOADING]: Auto-subscribing com.github.tartaricacid.touhoulittlemaid.item.ItemSubstituteJizo to FORGE
[255月2025 13:35:29.184] [modloading-worker-0/DEBUG] [com.tterrag.registrate.AbstractRegistrate/REGISTRATE.REGISTER]: Captured registration for entry youkaishomecoming:shrine_maiden_spawn_egg of type minecraft:item
[255月2025 13:35:29.184] [modloading-worker-0/DEBUG] [com.tterrag.registrate.AbstractRegistrate/REGISTRATE.REGISTER]: Captured registration for entry youkaishomecoming:shrine_maiden of type minecraft:entity_type
[255月2025 13:35:29.184] [modloading-worker-0/DEBUG] [net.minecraftforge.fml.javafmlmod.AutomaticEventSubscriber/LOADING]: Auto-subscribing com.github.tartaricacid.touhoulittlemaid.init.registry.MobSpawnInfoRegistry to FORGE
[255月2025 13:35:29.187] [modloading-worker-0/DEBUG] [net.minecraftforge.fml.javafmlmod.AutomaticEventSubscriber/LOADING]: Auto-subscribing com.github.tartaricacid.touhoulittlemaid.init.registry.CompatRegistry to MOD
[255月2025 13:35:29.187] [modloading-worker-0/DEBUG] [com.tterrag.registrate.AbstractRegistrate/REGISTRATE.REGISTER]: Captured registration for entry youkaishomecoming:cirno_spawn_egg of type minecraft:item
[255月2025 13:35:29.188] [modloading-worker-0/DEBUG] [net.minecraftforge.fml.javafmlmod.AutomaticEventSubscriber/LOADING]: Auto-subscribing com.github.tartaricacid.touhoulittlemaid.init.registry.CommonRegistry to MOD
[255月2025 13:35:29.189] [modloading-worker-0/DEBUG] [com.tterrag.registrate.AbstractRegistrate/REGISTRATE.REGISTER]: Captured registration for entry youkaishomecoming:cirno of type minecraft:entity_type
[255月2025 13:35:29.190] [modloading-worker-0/DEBUG] [net.minecraftforge.fml.javafmlmod.AutomaticEventSubscriber/LOADING]: Auto-subscribing com.github.tartaricacid.touhoulittlemaid.init.registry.CommandRegistry to FORGE
[255月2025 13:35:29.191] [modloading-worker-0/DEBUG] [net.minecraftforge.fml.javafmlmod.AutomaticEventSubscriber/LOADING]: Auto-subscribing com.github.tartaricacid.touhoulittlemaid.init.registry.CapabilityRegistry to MOD
[255月2025 13:35:29.194] [modloading-worker-0/DEBUG] [com.tterrag.registrate.AbstractRegistrate/REGISTRATE.REGISTER]: Captured registration for entry youkaishomecoming:youkai_spawn_egg of type minecraft:item
[255月2025 13:35:29.195] [modloading-worker-0/DEBUG] [net.minecraftforge.fml.javafmlmod.AutomaticEventSubscriber/LOADING]: Auto-subscribing com.github.tartaricacid.touhoulittlemaid.init.InitRecipes to MOD
[255月2025 13:35:29.195] [modloading-worker-0/DEBUG] [com.tterrag.registrate.AbstractRegistrate/REGISTRATE.REGISTER]: Captured registration for entry youkaishomecoming:youkai of type minecraft:entity_type
[255月2025 13:35:29.195] [modloading-worker-0/DEBUG] [net.minecraftforge.fml.javafmlmod.AutomaticEventSubscriber/LOADING]: Auto-subscribing com.github.tartaricacid.touhoulittlemaid.init.InitEntities to MOD
[255月2025 13:35:29.195] [modloading-worker-0/DEBUG] [com.tterrag.registrate.AbstractRegistrate/REGISTRATE.REGISTER]: Captured registration for entry youkaishomecoming:fairy_spawn_egg of type minecraft:item
[255月2025 13:35:29.195] [modloading-worker-0/DEBUG] [net.minecraftforge.fml.javafmlmod.AutomaticEventSubscriber/LOADING]: Auto-subscribing com.github.tartaricacid.touhoulittlemaid.event.maid.UseNameTagEvent to FORGE
[255月2025 13:35:29.195] [modloading-worker-0/DEBUG] [com.tterrag.registrate.AbstractRegistrate/REGISTRATE.REGISTER]: Captured registration for entry youkaishomecoming:fairy of type minecraft:entity_type
[255月2025 13:35:29.198] [modloading-worker-0/DEBUG] [net.minecraftforge.fml.javafmlmod.AutomaticEventSubscriber/LOADING]: Auto-subscribing com.github.tartaricacid.touhoulittlemaid.event.maid.UseFavorabilityToolEvent to FORGE
[255月2025 13:35:29.198] [modloading-worker-0/DEBUG] [com.tterrag.registrate.AbstractRegistrate/REGISTRATE.REGISTER]: Captured registration for entry youkaishomecoming:yukari_spawn_egg of type minecraft:item
[255月2025 13:35:29.198] [modloading-worker-0/DEBUG] [com.tterrag.registrate.AbstractRegistrate/REGISTRATE.REGISTER]: Captured registration for entry youkaishomecoming:yukari of type minecraft:entity_type
[255月2025 13:35:29.199] [modloading-worker-0/DEBUG] [net.minecraftforge.fml.javafmlmod.AutomaticEventSubscriber/LOADING]: Auto-subscribing com.github.tartaricacid.touhoulittlemaid.event.maid.SwitchSittingEvent to FORGE
[255月2025 13:35:29.201] [modloading-worker-0/DEBUG] [com.tterrag.registrate.AbstractRegistrate/REGISTRATE.REGISTER]: Captured registration for entry youkaishomecoming:kochiya_sanae_spawn_egg of type minecraft:item
[255月2025 13:35:29.201] [modloading-worker-0/DEBUG] [net.minecraftforge.fml.javafmlmod.AutomaticEventSubscriber/LOADING]: Auto-subscribing com.github.tartaricacid.touhoulittlemaid.event.maid.SlabClickEvent to FORGE
[255月2025 13:35:29.201] [modloading-worker-0/DEBUG] [com.tterrag.registrate.AbstractRegistrate/REGISTRATE.REGISTER]: Captured registration for entry youkaishomecoming:kochiya_sanae of type minecraft:entity_type
[255月2025 13:35:29.202] [modloading-worker-0/DEBUG] [net.minecraftforge.fml.javafmlmod.AutomaticEventSubscriber/LOADING]: Auto-subscribing com.github.tartaricacid.touhoulittlemaid.event.maid.SaddleMaidEvent to FORGE
[255月2025 13:35:29.203] [modloading-worker-0/DEBUG] [com.tterrag.registrate.AbstractRegistrate/REGISTRATE.REGISTER]: Captured registration for entry youkaishomecoming:kirisame_marisa_spawn_egg of type minecraft:item
[255月2025 13:35:29.203] [modloading-worker-0/DEBUG] [net.minecraftforge.fml.javafmlmod.AutomaticEventSubscriber/LOADING]: Auto-subscribing com.github.tartaricacid.touhoulittlemaid.event.maid.PotionItemUse to FORGE
[255月2025 13:35:29.203] [modloading-worker-0/DEBUG] [com.tterrag.registrate.AbstractRegistrate/REGISTRATE.REGISTER]: Captured registration for entry youkaishomecoming:kirisame_marisa of type minecraft:entity_type
[255月2025 13:35:29.205] [modloading-worker-0/DEBUG] [net.minecraftforge.fml.javafmlmod.AutomaticEventSubscriber/LOADING]: Auto-subscribing com.github.tartaricacid.touhoulittlemaid.event.maid.MaidMountEvent to FORGE
[255月2025 13:35:29.206] [modloading-worker-0/DEBUG] [com.tterrag.registrate.AbstractRegistrate/REGISTRATE.REGISTER]: Captured registration for entry youkaishomecoming:komeiji_koishi_spawn_egg of type minecraft:item
[255月2025 13:35:29.206] [modloading-worker-0/DEBUG] [com.tterrag.registrate.AbstractRegistrate/REGISTRATE.REGISTER]: Captured registration for entry youkaishomecoming:komeiji_koishi of type minecraft:entity_type
[255月2025 13:35:29.207] [modloading-worker-0/DEBUG] [net.minecraftforge.fml.javafmlmod.AutomaticEventSubscriber/LOADING]: Auto-subscribing com.github.tartaricacid.touhoulittlemaid.event.maid.MaidFarmlandTrample to FORGE
[255月2025 13:35:29.208] [modloading-worker-0/DEBUG] [net.minecraftforge.fml.javafmlmod.AutomaticEventSubscriber/LOADING]: Auto-subscribing com.github.tartaricacid.touhoulittlemaid.event.maid.MaidDeathFavorability to FORGE
[255月2025 13:35:29.208] [modloading-worker-0/DEBUG] [com.tterrag.registrate.AbstractRegistrate/REGISTRATE.REGISTER]: Captured registration for entry youkaishomecoming:mystia_lorelei_spawn_egg of type minecraft:item
[255月2025 13:35:29.209] [modloading-worker-0/DEBUG] [com.tterrag.registrate.AbstractRegistrate/REGISTRATE.REGISTER]: Captured registration for entry youkaishomecoming:mystia_lorelei of type minecraft:entity_type
[255月2025 13:35:29.209] [modloading-worker-0/DEBUG] [net.minecraftforge.fml.javafmlmod.AutomaticEventSubscriber/LOADING]: Auto-subscribing com.github.tartaricacid.touhoulittlemaid.event.maid.MaidAreaClickEvent to FORGE
[255月2025 13:35:29.211] [modloading-worker-0/DEBUG] [net.minecraftforge.fml.javafmlmod.AutomaticEventSubscriber/LOADING]: Auto-subscribing com.github.tartaricacid.touhoulittlemaid.event.maid.HandleBackpackEvent to FORGE
[255月2025 13:35:29.211] [modloading-worker-0/DEBUG] [com.tterrag.registrate.AbstractRegistrate/REGISTRATE.REGISTER]: Captured registration for entry youkaishomecoming:sunny_milk_spawn_egg of type minecraft:item
[255月2025 13:35:29.211] [modloading-worker-0/DEBUG] [com.tterrag.registrate.AbstractRegistrate/REGISTRATE.REGISTER]: Captured registration for entry youkaishomecoming:sunny_milk of type minecraft:entity_type
[255月2025 13:35:29.212] [modloading-worker-0/DEBUG] [net.minecraftforge.fml.javafmlmod.AutomaticEventSubscriber/LOADING]: Auto-subscribing com.github.tartaricacid.touhoulittlemaid.event.maid.GetExpBottleEvent to FORGE
[255月2025 13:35:29.213] [modloading-worker-0/DEBUG] [net.minecraftforge.fml.javafmlmod.AutomaticEventSubscriber/LOADING]: Auto-subscribing com.github.tartaricacid.touhoulittlemaid.event.maid.DismountMaidEvent to FORGE
[255月2025 13:35:29.213] [modloading-worker-0/DEBUG] [com.tterrag.registrate.AbstractRegistrate/REGISTRATE.REGISTER]: Captured registration for entry youkaishomecoming:luna_child_spawn_egg of type minecraft:item
[255月2025 13:35:29.213] [modloading-worker-0/DEBUG] [com.tterrag.registrate.AbstractRegistrate/REGISTRATE.REGISTER]: Captured registration for entry youkaishomecoming:luna_child of type minecraft:entity_type
[255月2025 13:35:29.213] [modloading-worker-0/DEBUG] [net.minecraftforge.fml.javafmlmod.AutomaticEventSubscriber/LOADING]: Auto-subscribing com.github.tartaricacid.touhoulittlemaid.event.maid.ApplyScriptBook to FORGE
[255月2025 13:35:29.216] [modloading-worker-0/DEBUG] [net.minecraftforge.fml.javafmlmod.AutomaticEventSubscriber/LOADING]: Auto-subscribing com.github.tartaricacid.touhoulittlemaid.event.maid.ApplyPotionEffectEvent to FORGE
[255月2025 13:35:29.217] [modloading-worker-0/DEBUG] [com.tterrag.registrate.AbstractRegistrate/REGISTRATE.REGISTER]: Captured registration for entry youkaishomecoming:star_sapphire_spawn_egg of type minecraft:item
[255月2025 13:35:29.217] [modloading-worker-0/DEBUG] [com.tterrag.registrate.AbstractRegistrate/REGISTRATE.REGISTER]: Captured registration for entry youkaishomecoming:star_sapphire of type minecraft:entity_type
[255月2025 13:35:29.217] [modloading-worker-0/DEBUG] [net.minecraftforge.fml.javafmlmod.AutomaticEventSubscriber/LOADING]: Auto-subscribing com.github.tartaricacid.touhoulittlemaid.event.maid.ApplyGoldenAppleEvent to FORGE
[255月2025 13:35:29.218] [modloading-worker-0/DEBUG] [net.minecraftforge.fml.javafmlmod.AutomaticEventSubscriber/LOADING]: Auto-subscribing com.github.tartaricacid.touhoulittlemaid.event.food.DefaultEatenEvent to FORGE
[255月2025 13:35:29.219] [modloading-worker-0/DEBUG] [com.tterrag.registrate.AbstractRegistrate/REGISTRATE.REGISTER]: Captured registration for entry youkaishomecoming:frozen_frog of type minecraft:entity_type
[255月2025 13:35:29.220] [modloading-worker-0/DEBUG] [com.tterrag.registrate.AbstractRegistrate/REGISTRATE.REGISTER]: Captured registration for entry youkaishomecoming:fairy_ice_crystal of type minecraft:entity_type
[255月2025 13:35:29.220] [modloading-worker-0/DEBUG] [net.minecraftforge.fml.javafmlmod.AutomaticEventSubscriber/LOADING]: Auto-subscribing com.github.tartaricacid.touhoulittlemaid.event.food.BowlFoodEvent to FORGE
[255月2025 13:35:29.221] [modloading-worker-0/DEBUG] [net.minecraftforge.fml.javafmlmod.AutomaticEventSubscriber/LOADING]: Auto-subscribing com.github.tartaricacid.touhoulittlemaid.event.MaidTrackEvent to FORGE
[255月2025 13:35:29.221] [modloading-worker-0/DEBUG] [com.tterrag.registrate.AbstractRegistrate/REGISTRATE.REGISTER]: Captured registration for entry youkaishomecoming:item_danmaku of type minecraft:entity_type
[255月2025 13:35:29.222] [modloading-worker-0/DEBUG] [net.minecraftforge.fml.javafmlmod.AutomaticEventSubscriber/LOADING]: Auto-subscribing com.github.tartaricacid.touhoulittlemaid.event.MaidMealRegConfigEvent to MOD
[255月2025 13:35:29.223] [modloading-worker-0/DEBUG] [net.minecraftforge.fml.javafmlmod.AutomaticEventSubscriber/LOADING]: Auto-subscribing com.github.tartaricacid.touhoulittlemaid.event.InstallChairEvent to FORGE
[255月2025 13:35:29.224] [modloading-worker-0/DEBUG] [net.minecraftforge.fml.javafmlmod.AutomaticEventSubscriber/LOADING]: Auto-subscribing com.github.tartaricacid.touhoulittlemaid.event.EntityJoinWorldEvent to FORGE
[255月2025 13:35:29.225] [modloading-worker-0/DEBUG] [com.tterrag.registrate.AbstractRegistrate/REGISTRATE.REGISTER]: Captured registration for entry youkaishomecoming:shooter of type minecraft:entity_type
[255月2025 13:35:29.226] [modloading-worker-0/DEBUG] [net.minecraftforge.fml.javafmlmod.AutomaticEventSubscriber/LOADING]: Auto-subscribing com.github.tartaricacid.touhoulittlemaid.event.EntityHurtEvent to FORGE
[255月2025 13:35:29.227] [modloading-worker-0/DEBUG] [net.minecraftforge.fml.javafmlmod.AutomaticEventSubscriber/LOADING]: Auto-subscribing com.github.tartaricacid.touhoulittlemaid.event.EntityDeathEvent to FORGE
[255月2025 13:35:29.228] [modloading-worker-0/DEBUG] [com.tterrag.registrate.AbstractRegistrate/REGISTRATE.REGISTER]: Captured registration for entry youkaishomecoming:item_laser of type minecraft:entity_type
[255月2025 13:35:29.228] [modloading-worker-0/DEBUG] [com.tterrag.registrate.AbstractRegistrate/REGISTRATE.REGISTER]: Captured registration for entry youkaishomecoming:dining_chair of type minecraft:entity_type
[255月2025 13:35:29.228] [modloading-worker-0/DEBUG] [net.minecraftforge.fml.javafmlmod.AutomaticEventSubscriber/LOADING]: Auto-subscribing com.github.tartaricacid.touhoulittlemaid.event.EnterServerEvent to FORGE
[255月2025 13:35:29.229] [modloading-worker-0/DEBUG] [com.tterrag.registrate.AbstractRegistrate/REGISTRATE.REGISTER]: Captured registration for entry youkaishomecoming:koishi_ring of type minecraft:sound_event
[255月2025 13:35:29.229] [modloading-worker-0/DEBUG] [net.minecraftforge.fml.javafmlmod.AutomaticEventSubscriber/LOADING]: Auto-subscribing com.github.tartaricacid.touhoulittlemaid.event.CopyEntityIdEvent to FORGE
[255月2025 13:35:29.230] [modloading-worker-0/DEBUG] [net.minecraftforge.fml.javafmlmod.AutomaticEventSubscriber/LOADING]: Auto-subscribing com.github.tartaricacid.touhoulittlemaid.event.CapabilityEvent to FORGE
[255月2025 13:35:29.231] [modloading-worker-0/DEBUG] [com.tterrag.registrate.AbstractRegistrate/REGISTRATE.REGISTER]: Captured registration for entry youkaishomecoming:replace_item of type forge:global_loot_modifier_serializers
[255月2025 13:35:29.231] [modloading-worker-0/DEBUG] [net.minecraftforge.fml.javafmlmod.AutomaticEventSubscriber/LOADING]: Auto-subscribing com.github.tartaricacid.touhoulittlemaid.event.CancelSaddleMaidEvent to FORGE
[255月2025 13:35:29.232] [modloading-worker-0/DEBUG] [net.minecraftforge.fml.javafmlmod.AutomaticEventSubscriber/LOADING]: Auto-subscribing com.github.tartaricacid.touhoulittlemaid.entity.chatbubble.ChatBubbleManger to FORGE
[255月2025 13:35:29.233] [modloading-worker-0/DEBUG] [net.minecraftforge.fml.javafmlmod.AutomaticEventSubscriber/LOADING]: Auto-subscribing com.github.tartaricacid.touhoulittlemaid.debug.ChangeMaidOwner to FORGE
[255月2025 13:35:29.234] [modloading-worker-0/DEBUG] [net.minecraftforge.fml.javafmlmod.AutomaticEventSubscriber/LOADING]: Auto-subscribing com.github.tartaricacid.touhoulittlemaid.datagen.MaidDataGenerator to MOD
[255月2025 13:35:29.236] [modloading-worker-0/DEBUG] [net.minecraftforge.fml.javafmlmod.AutomaticEventSubscriber/LOADING]: Auto-subscribing com.github.tartaricacid.touhoulittlemaid.compat.domesticationinnovation.EnchantmentRefuse to FORGE
[255月2025 13:35:29.237] [modloading-worker-0/DEBUG] [net.minecraftforge.fml.javafmlmod.AutomaticEventSubscriber/LOADING]: Auto-subscribing com.github.tartaricacid.touhoulittlemaid.client.input.STTChatKey to FORGE
[255月2025 13:35:29.239] [modloading-worker-0/DEBUG] [net.minecraftforge.fml.config.ConfigTracker/CONFIG]: Config file youkaishomecoming-client.toml for youkaishomecoming tracking
[255月2025 13:35:29.239] [modloading-worker-0/DEBUG] [net.minecraftforge.fml.config.ConfigTracker/CONFIG]: Config file youkaishomecoming-common.toml for youkaishomecoming tracking
[255月2025 13:35:29.240] [modloading-worker-0/DEBUG] [net.minecraftforge.fml.javafmlmod.AutomaticEventSubscriber/LOADING]: Auto-subscribing com.github.tartaricacid.touhoulittlemaid.client.init.InitSpecialItemRender to MOD
[255月2025 13:35:29.242] [modloading-worker-0/DEBUG] [net.minecraftforge.fml.javafmlmod.AutomaticEventSubscriber/LOADING]: Auto-subscribing com.github.tartaricacid.touhoulittlemaid.client.init.InitEntitiesRender to MOD
[255月2025 13:35:29.243] [modloading-worker-0/DEBUG] [net.minecraftforge.fml.javafmlmod.AutomaticEventSubscriber/LOADING]: Auto-subscribing com.github.tartaricacid.touhoulittlemaid.client.init.InitContainerGui to MOD
[255月2025 13:35:29.244] [modloading-worker-0/DEBUG] [net.minecraftforge.fml.javafmlmod.AutomaticEventSubscriber/LOADING]: Auto-subscribing com.github.tartaricacid.touhoulittlemaid.client.init.InitClientTooltip to MOD
[255月2025 13:35:29.245] [modloading-worker-0/DEBUG] [net.minecraftforge.fml.javafmlmod.AutomaticEventSubscriber/LOADING]: Auto-subscribing com.github.tartaricacid.touhoulittlemaid.client.init.ClientSetupEvent to MOD
[255月2025 13:35:29.246] [modloading-worker-0/DEBUG] [net.minecraftforge.fml.javafmlmod.AutomaticEventSubscriber/LOADING]: Auto-subscribing com.github.tartaricacid.touhoulittlemaid.client.event.WirelessIORenderEvent to FORGE
[255月2025 13:35:29.247] [modloading-worker-0/DEBUG] [net.minecraftforge.fml.javafmlmod.AutomaticEventSubscriber/LOADING]: Auto-subscribing com.github.tartaricacid.touhoulittlemaid.client.event.SpecialMaidRenderEvent to FORGE
[255月2025 13:35:29.250] [modloading-worker-0/DEBUG] [net.minecraftforge.fml.javafmlmod.AutomaticEventSubscriber/LOADING]: Attempting to inject @EventBusSubscriber classes into the eventbus for youkaishomecoming
[255月2025 13:35:29.250] [modloading-worker-0/DEBUG] [net.minecraftforge.fml.javafmlmod.AutomaticEventSubscriber/LOADING]: Auto-subscribing dev.xkmc.youkaishomecoming.init.YoukaisHomecoming to MOD
[255月2025 13:35:29.252] [modloading-worker-0/DEBUG] [net.minecraftforge.fml.javafmlmod.AutomaticEventSubscriber/LOADING]: Auto-subscribing dev.xkmc.youkaishomecoming.init.YHClient to MOD
[255月2025 13:35:29.253] [modloading-worker-0/DEBUG] [net.minecraftforge.fml.javafmlmod.AutomaticEventSubscriber/LOADING]: Auto-subscribing com.github.tartaricacid.touhoulittlemaid.client.event.ShowPowerEvent to FORGE
[255月2025 13:35:29.254] [modloading-worker-0/DEBUG] [net.minecraftforge.fml.javafmlmod.AutomaticEventSubscriber/LOADING]: Auto-subscribing com.github.tartaricacid.touhoulittlemaid.client.event.ShowOptifineScreen to FORGE
[255月2025 13:35:29.256] [modloading-worker-0/DEBUG] [net.minecraftforge.fml.javafmlmod.AutomaticEventSubscriber/LOADING]: Auto-subscribing com.github.tartaricacid.touhoulittlemaid.client.event.ScrollRenderEvent to FORGE
[255月2025 13:35:29.256] [modloading-worker-0/DEBUG] [net.minecraftforge.fml.javafmlmod.AutomaticEventSubscriber/LOADING]: Auto-subscribing dev.xkmc.youkaishomecoming.events.GeneralEventHandlers to FORGE
[255月2025 13:35:29.257] [modloading-worker-0/DEBUG] [net.minecraftforge.fml.javafmlmod.AutomaticEventSubscriber/LOADING]: Auto-subscribing com.github.tartaricacid.touhoulittlemaid.client.event.ReloadResourceEvent to MOD
[255月2025 13:35:29.259] [modloading-worker-0/DEBUG] [net.minecraftforge.fml.javafmlmod.AutomaticEventSubscriber/LOADING]: Auto-subscribing com.github.tartaricacid.touhoulittlemaid.client.event.PressAIChatKeyEvent to FORGE
[255月2025 13:35:29.260] [modloading-worker-0/DEBUG] [net.minecraftforge.fml.javafmlmod.AutomaticEventSubscriber/LOADING]: Auto-subscribing dev.xkmc.youkaishomecoming.events.EffectEventHandlers to FORGE
[255月2025 13:35:29.261] [modloading-worker-0/DEBUG] [net.minecraftforge.fml.javafmlmod.AutomaticEventSubscriber/LOADING]: Auto-subscribing com.github.tartaricacid.touhoulittlemaid.client.event.PlayerLoggedInNotice to FORGE
[255月2025 13:35:29.262] [modloading-worker-0/DEBUG] [net.minecraftforge.fml.javafmlmod.AutomaticEventSubscriber/LOADING]: Auto-subscribing com.github.tartaricacid.touhoulittlemaid.client.event.PlayMaidSoundEvent to FORGE
[255月2025 13:35:29.263] [modloading-worker-0/DEBUG] [net.minecraftforge.fml.javafmlmod.AutomaticEventSubscriber/LOADING]: Auto-subscribing dev.xkmc.youkaishomecoming.events.ClientEventHandlers to FORGE
[255月2025 13:35:29.264] [modloading-worker-0/DEBUG] [net.minecraftforge.fml.javafmlmod.AutomaticEventSubscriber/LOADING]: Auto-subscribing dev.xkmc.fastprojectileapi.render.ProjectileRenderHelper to FORGE
[255月2025 13:35:29.271] [modloading-worker-0/DEBUG] [net.minecraftforge.fml.javafmlmod.AutomaticEventSubscriber/LOADING]: Auto-subscribing com.github.tartaricacid.touhoulittlemaid.client.event.MaidSoundFreqEvent to FORGE
[255月2025 13:35:29.272] [modloading-worker-0/DEBUG] [net.minecraftforge.fml.javafmlmod.AutomaticEventSubscriber/LOADING]: Auto-subscribing com.github.tartaricacid.touhoulittlemaid.client.event.MaidAreaRenderEvent to FORGE
[255月2025 13:35:29.274] [modloading-worker-0/DEBUG] [net.minecraftforge.fml.javafmlmod.AutomaticEventSubscriber/LOADING]: Auto-subscribing com.github.tartaricacid.touhoulittlemaid.client.event.CompassRenderEvent to FORGE
[255月2025 13:35:29.275] [modloading-worker-0/DEBUG] [net.minecraftforge.fml.javafmlmod.AutomaticEventSubscriber/LOADING]: Auto-subscribing com.github.tartaricacid.touhoulittlemaid.client.event.ClientPackDownloadEvent to MOD
[255月2025 13:35:29.276] [modloading-worker-0/DEBUG] [net.minecraftforge.fml.javafmlmod.AutomaticEventSubscriber/LOADING]: Auto-subscribing com.github.tartaricacid.touhoulittlemaid.client.event.CarryMaidHideArmEvent to FORGE
[255月2025 13:35:29.277] [modloading-worker-0/DEBUG] [net.minecraftforge.fml.javafmlmod.AutomaticEventSubscriber/LOADING]: Auto-subscribing com.github.tartaricacid.touhoulittlemaid.client.event.AddInformationEvent to FORGE
[255月2025 13:35:29.278] [modloading-worker-0/DEBUG] [net.minecraftforge.fml.javafmlmod.AutomaticEventSubscriber/LOADING]: Auto-subscribing com.github.tartaricacid.touhoulittlemaid.client.download.InfoGetManager to MOD
[255月2025 13:35:29.458] [modloading-worker-0/DEBUG] [net.minecraftforge.fml.javafmlmod.AutomaticEventSubscriber/LOADING]: Attempting to inject @EventBusSubscriber classes into the eventbus for pneumaticcraft
[255月2025 13:35:29.459] [modloading-worker-0/DEBUG] [net.minecraftforge.fml.javafmlmod.AutomaticEventSubscriber/LOADING]: Auto-subscribing me.desht.pneumaticcraft.datagen.DataGenerators to MOD
[255月2025 13:35:29.461] [modloading-worker-0/DEBUG] [net.minecraftforge.fml.javafmlmod.AutomaticEventSubscriber/LOADING]: Auto-subscribing me.desht.pneumaticcraft.common.villages.VillagerTradesRegistration to FORGE
[255月2025 13:35:29.462] [modloading-worker-0/DEBUG] [net.minecraftforge.fml.javafmlmod.AutomaticEventSubscriber/LOADING]: Auto-subscribing me.desht.pneumaticcraft.common.variables.GlobalVariableManager$Listener to FORGE
[255月2025 13:35:29.463] [modloading-worker-0/DEBUG] [net.minecraftforge.fml.javafmlmod.AutomaticEventSubscriber/LOADING]: Auto-subscribing me.desht.pneumaticcraft.common.util.GlobalBlockEntityCacheManager to FORGE
[255月2025 13:35:29.464] [modloading-worker-0/DEBUG] [net.minecraftforge.fml.javafmlmod.AutomaticEventSubscriber/LOADING]: Auto-subscribing me.desht.pneumaticcraft.common.thirdparty.computercraft.ComputerCraft to FORGE
[255月2025 13:35:29.465] [modloading-worker-0/DEBUG] [net.minecraftforge.fml.javafmlmod.AutomaticEventSubscriber/LOADING]: Auto-subscribing me.desht.pneumaticcraft.common.thirdparty.PneumaticcraftIMC to MOD
[255月2025 13:35:29.466] [modloading-worker-0/DEBUG] [net.minecraftforge.fml.javafmlmod.AutomaticEventSubscriber/LOADING]: Auto-subscribing me.desht.pneumaticcraft.common.semiblock.SemiblockTracker to FORGE
[255月2025 13:35:29.467] [modloading-worker-0/DEBUG] [net.minecraftforge.fml.javafmlmod.AutomaticEventSubscriber/LOADING]: Auto-subscribing me.desht.pneumaticcraft.common.recipes.RecipeRegistrationEventListener to MOD
[255月2025 13:35:29.467] [modloading-worker-0/DEBUG] [net.minecraftforge.fml.javafmlmod.AutomaticEventSubscriber/LOADING]: Auto-subscribing me.desht.pneumaticcraft.common.pneumatic_armor.handlers.FallProtectionHandler$Listener to FORGE
[255月2025 13:35:29.470] [modloading-worker-0/DEBUG] [net.minecraftforge.fml.javafmlmod.AutomaticEventSubscriber/LOADING]: Auto-subscribing me.desht.pneumaticcraft.common.pneumatic_armor.CommonArmorHandler$Listeners to FORGE
[255月2025 13:35:29.471] [modloading-worker-0/DEBUG] [net.minecraftforge.fml.javafmlmod.AutomaticEventSubscriber/LOADING]: Auto-subscribing me.desht.pneumaticcraft.common.pneumatic_armor.CommonArmorHandler$ClientListeners to FORGE
[255月2025 13:35:29.471] [modloading-worker-0/DEBUG] [net.minecraftforge.fml.javafmlmod.AutomaticEventSubscriber/LOADING]: Auto-subscribing me.desht.pneumaticcraft.common.item.minigun.MinigunItem$Listener to FORGE
[255月2025 13:35:29.472] [modloading-worker-0/DEBUG] [net.minecraftforge.fml.javafmlmod.AutomaticEventSubscriber/LOADING]: Auto-subscribing me.desht.pneumaticcraft.common.item.MicromissilesItem$Listener to FORGE
[255月2025 13:35:29.473] [modloading-worker-0/DEBUG] [net.minecraftforge.fml.javafmlmod.AutomaticEventSubscriber/LOADING]: Auto-subscribing me.desht.pneumaticcraft.common.item.MemoryStickItem$Listener to FORGE
[255月2025 13:35:29.474] [modloading-worker-0/DEBUG] [net.minecraftforge.fml.javafmlmod.AutomaticEventSubscriber/LOADING]: Auto-subscribing me.desht.pneumaticcraft.common.item.JackHammerItem$Listener to FORGE
[255月2025 13:35:29.475] [modloading-worker-0/DEBUG] [net.minecraftforge.fml.javafmlmod.AutomaticEventSubscriber/LOADING]: Auto-subscribing me.desht.pneumaticcraft.common.hacking.entity.HackableShulker$Listener to FORGE
[255月2025 13:35:29.476] [modloading-worker-0/DEBUG] [net.minecraftforge.fml.javafmlmod.AutomaticEventSubscriber/LOADING]: Auto-subscribing me.desht.pneumaticcraft.common.hacking.entity.HackableGhast$Listener to FORGE
[255月2025 13:35:29.477] [modloading-worker-0/DEBUG] [net.minecraftforge.fml.javafmlmod.AutomaticEventSubscriber/LOADING]: Auto-subscribing me.desht.pneumaticcraft.common.hacking.entity.HackableEnderman$Listener to FORGE
[255月2025 13:35:29.478] [modloading-worker-0/DEBUG] [net.minecraftforge.fml.javafmlmod.AutomaticEventSubscriber/LOADING]: Auto-subscribing me.desht.pneumaticcraft.common.hacking.entity.HackableBlaze$Listener to FORGE
[255月2025 13:35:29.479] [modloading-worker-0/DEBUG] [net.minecraftforge.fml.javafmlmod.AutomaticEventSubscriber/LOADING]: Auto-subscribing me.desht.pneumaticcraft.common.entity.semiblock.AbstractLogisticsFrameEntity$Listener to FORGE
[255月2025 13:35:29.480] [modloading-worker-0/DEBUG] [net.minecraftforge.fml.javafmlmod.AutomaticEventSubscriber/LOADING]: Auto-subscribing me.desht.pneumaticcraft.common.debug.DroneDebugger$Listener to FORGE
[255月2025 13:35:29.481] [modloading-worker-0/DEBUG] [net.minecraftforge.fml.javafmlmod.AutomaticEventSubscriber/LOADING]: Auto-subscribing me.desht.pneumaticcraft.common.core.ModEntityTypes$Listener to MOD
[255月2025 13:35:29.482] [modloading-worker-0/DEBUG] [net.minecraftforge.fml.javafmlmod.AutomaticEventSubscriber/LOADING]: Auto-subscribing me.desht.pneumaticcraft.common.block.entity.SecurityStationBlockEntity$Listener to FORGE
[255月2025 13:35:29.483] [modloading-worker-0/DEBUG] [net.minecraftforge.fml.javafmlmod.AutomaticEventSubscriber/LOADING]: Auto-subscribing me.desht.pneumaticcraft.common.block.entity.PressureChamberWallBlockEntity$PressureWallStateManager to FORGE
[255月2025 13:35:29.484] [modloading-worker-0/DEBUG] [net.minecraftforge.fml.javafmlmod.AutomaticEventSubscriber/LOADING]: Auto-subscribing me.desht.pneumaticcraft.common.amadron.AmadronOfferManager$EventListener to FORGE
[255月2025 13:35:29.485] [modloading-worker-0/DEBUG] [net.minecraftforge.fml.javafmlmod.AutomaticEventSubscriber/LOADING]: Auto-subscribing me.desht.pneumaticcraft.client.sound.MovingSounds$Listener to FORGE
[255月2025 13:35:29.486] [modloading-worker-0/DEBUG] [net.minecraftforge.fml.javafmlmod.AutomaticEventSubscriber/LOADING]: Auto-subscribing me.desht.pneumaticcraft.client.render.overlays.MinigunOverlay$Listener to FORGE
[255月2025 13:35:29.488] [modloading-worker-0/DEBUG] [net.minecraftforge.fml.javafmlmod.AutomaticEventSubscriber/LOADING]: Auto-subscribing me.desht.pneumaticcraft.client.pneumatic_armor.upgrade_handler.CoordTrackClientHandler$Listener to FORGE
[255月2025 13:35:29.490] [modloading-worker-0/DEBUG] [net.minecraftforge.fml.javafmlmod.AutomaticEventSubscriber/LOADING]: Auto-subscribing me.desht.pneumaticcraft.client.gui.widget.WidgetKeybindCheckBox$KeyDispatcher to FORGE
[255月2025 13:35:29.493] [modloading-worker-0/DEBUG] [net.minecraftforge.fml.javafmlmod.AutomaticEventSubscriber/LOADING]: Auto-subscribing me.desht.pneumaticcraft.client.event.TooltipEventHandler to FORGE
[255月2025 13:35:29.494] [modloading-worker-0/DEBUG] [net.minecraftforge.fml.javafmlmod.AutomaticEventSubscriber/LOADING]: Auto-subscribing me.desht.pneumaticcraft.client.event.ModClientEventHandler to MOD
[255月2025 13:35:29.495] [modloading-worker-0/DEBUG] [net.minecraftforge.fml.javafmlmod.AutomaticEventSubscriber/LOADING]: Auto-subscribing me.desht.pneumaticcraft.client.event.ClientEventHandler to FORGE
[255月2025 13:35:29.499] [modloading-worker-0/DEBUG] [net.minecraftforge.fml.javafmlmod.AutomaticEventSubscriber/LOADING]: Auto-subscribing me.desht.pneumaticcraft.client.KeyHandler to FORGE
[255月2025 13:35:29.500] [modloading-worker-0/DEBUG] [net.minecraftforge.fml.javafmlmod.AutomaticEventSubscriber/LOADING]: Auto-subscribing me.desht.pneumaticcraft.client.ColorHandlers to MOD
[255月2025 13:35:29.507] [modloading-worker-0/INFO] [pneumaticcraft/]: Thirdparty integration activated for [theoneprobe,jei,curios,patchouli]
[255月2025 13:35:29.524] [main/DEBUG] [net.minecraftforge.registries.ObjectHolderRegistry/REGISTRIES]: Processing ObjectHolder annotations
[255月2025 13:35:29.551] [main/DEBUG] [net.minecraftforge.registries.ObjectHolderRegistry/REGISTRIES]: Found 7840 ObjectHolder annotations
[255月2025 13:35:29.553] [main/DEBUG] [net.minecraftforge.common.capabilities.CapabilityManager/CAPABILITIES]: Attempting to automatically register: Lnet/minecraftforge/energy/IEnergyStorage;
[255月2025 13:35:29.554] [main/DEBUG] [net.minecraftforge.common.capabilities.CapabilityManager/CAPABILITIES]: Attempting to automatically register: Lnet/minecraftforge/fluids/capability/IFluidHandler;
[255月2025 13:35:29.554] [main/DEBUG] [net.minecraftforge.common.capabilities.CapabilityManager/CAPABILITIES]: Attempting to automatically register: Lnet/minecraftforge/fluids/capability/IFluidHandlerItem;
[255月2025 13:35:29.554] [main/DEBUG] [net.minecraftforge.common.capabilities.CapabilityManager/CAPABILITIES]: Attempting to automatically register: Lnet/minecraftforge/items/IItemHandler;
[255月2025 13:35:29.559] [main/DEBUG] [net.minecraftforge.registries.GameData/REGISTRIES]: Unfreezing vanilla registries
[255月2025 13:35:29.578] [main/INFO] [snownee.kiwi.Kiwi/INIT]: Module [kiwi:contributors] initialized
[255月2025 13:35:29.579] [main/INFO] [snownee.kiwi.Kiwi/INIT]: Module [kiwi:data] initialized
[255月2025 13:35:29.581] [main/INFO] [snownee.kiwi.Kiwi/INIT]:     recipe_serializer: 3
[255月2025 13:35:29.588] [main/DEBUG] [com.tterrag.registrate.AbstractRegistrate/REGISTRATE.REGISTER]: (youkaishomecoming) Registering 1 known objects of type minecraft:sound_event
[255月2025 13:35:29.589] [main/DEBUG] [com.tterrag.registrate.AbstractRegistrate/REGISTRATE.REGISTER]: Registered youkaishomecoming:koishi_ring to registry minecraft:sound_event
[255月2025 13:35:29.592] [main/DEBUG] [net.minecraftforge.registries.GameData/REGISTRIES]: Applying holder lookups: minecraft:sound_event
[255月2025 13:35:29.597] [main/DEBUG] [net.minecraftforge.registries.GameData/REGISTRIES]: Holder lookups applied: minecraft:sound_event
[255月2025 13:35:29.598] [main/DEBUG] [com.tterrag.registrate.AbstractRegistrate/REGISTRATE.REGISTER]: (youkaishomecoming) Registering 22 known objects of type minecraft:fluid
[255月2025 13:35:29.600] [main/DEBUG] [com.tterrag.registrate.AbstractRegistrate/REGISTRATE.REGISTER]: Registered youkaishomecoming:soy_sauce to registry minecraft:fluid
[255月2025 13:35:29.600] [main/DEBUG] [com.tterrag.registrate.AbstractRegistrate/REGISTRATE.REGISTER]: Registered youkaishomecoming:flowing_soy_sauce to registry minecraft:fluid
[255月2025 13:35:29.600] [main/DEBUG] [com.tterrag.registrate.AbstractRegistrate/REGISTRATE.REGISTER]: Registered youkaishomecoming:blood to registry minecraft:fluid
[255月2025 13:35:29.600] [main/DEBUG] [com.tterrag.registrate.AbstractRegistrate/REGISTRATE.REGISTER]: Registered youkaishomecoming:flowing_blood to registry minecraft:fluid
[255月2025 13:35:29.600] [main/DEBUG] [com.tterrag.registrate.AbstractRegistrate/REGISTRATE.REGISTER]: Registered youkaishomecoming:mio to registry minecraft:fluid
[255月2025 13:35:29.601] [main/DEBUG] [com.tterrag.registrate.AbstractRegistrate/REGISTRATE.REGISTER]: Registered youkaishomecoming:flowing_mio to registry minecraft:fluid
[255月2025 13:35:29.601] [main/DEBUG] [com.tterrag.registrate.AbstractRegistrate/REGISTRATE.REGISTER]: Registered youkaishomecoming:mead to registry minecraft:fluid
[255月2025 13:35:29.601] [main/DEBUG] [com.tterrag.registrate.AbstractRegistrate/REGISTRATE.REGISTER]: Registered youkaishomecoming:flowing_mead to registry minecraft:fluid
[255月2025 13:35:29.601] [main/DEBUG] [com.tterrag.registrate.AbstractRegistrate/REGISTRATE.REGISTER]: Registered youkaishomecoming:sparrow_sake to registry minecraft:fluid
[255月2025 13:35:29.602] [main/DEBUG] [com.tterrag.registrate.AbstractRegistrate/REGISTRATE.REGISTER]: Registered youkaishomecoming:flowing_sparrow_sake to registry minecraft:fluid
[255月2025 13:35:29.602] [main/DEBUG] [com.tterrag.registrate.AbstractRegistrate/REGISTRATE.REGISTER]: Registered youkaishomecoming:daiginjo to registry minecraft:fluid
[255月2025 13:35:29.602] [main/DEBUG] [com.tterrag.registrate.AbstractRegistrate/REGISTRATE.REGISTER]: Registered youkaishomecoming:flowing_daiginjo to registry minecraft:fluid
[255月2025 13:35:29.602] [main/DEBUG] [com.tterrag.registrate.AbstractRegistrate/REGISTRATE.REGISTER]: Registered youkaishomecoming:dassai to registry minecraft:fluid
[255月2025 13:35:29.603] [main/DEBUG] [com.tterrag.registrate.AbstractRegistrate/REGISTRATE.REGISTER]: Registered youkaishomecoming:flowing_dassai to registry minecraft:fluid
[255月2025 13:35:29.603] [main/DEBUG] [com.tterrag.registrate.AbstractRegistrate/REGISTRATE.REGISTER]: Registered youkaishomecoming:tengu_tango to registry minecraft:fluid
[255月2025 13:35:29.603] [main/DEBUG] [com.tterrag.registrate.AbstractRegistrate/REGISTRATE.REGISTER]: Registered youkaishomecoming:flowing_tengu_tango to registry minecraft:fluid
[255月2025 13:35:29.603] [main/DEBUG] [com.tterrag.registrate.AbstractRegistrate/REGISTRATE.REGISTER]: Registered youkaishomecoming:full_moons_eve to registry minecraft:fluid
[255月2025 13:35:29.603] [main/DEBUG] [com.tterrag.registrate.AbstractRegistrate/REGISTRATE.REGISTER]: Registered youkaishomecoming:flowing_full_moons_eve to registry minecraft:fluid
[255月2025 13:35:29.603] [main/DEBUG] [com.tterrag.registrate.AbstractRegistrate/REGISTRATE.REGISTER]: Registered youkaishomecoming:scarlet_mist to registry minecraft:fluid
[255月2025 13:35:29.604] [main/DEBUG] [com.tterrag.registrate.AbstractRegistrate/REGISTRATE.REGISTER]: Registered youkaishomecoming:flowing_scarlet_mist to registry minecraft:fluid
[255月2025 13:35:29.604] [main/DEBUG] [com.tterrag.registrate.AbstractRegistrate/REGISTRATE.REGISTER]: Registered youkaishomecoming:wind_priestesses to registry minecraft:fluid
[255月2025 13:35:29.604] [main/DEBUG] [com.tterrag.registrate.AbstractRegistrate/REGISTRATE.REGISTER]: Registered youkaishomecoming:flowing_wind_priestesses to registry minecraft:fluid
[255月2025 13:35:29.637] [main/DEBUG] [net.minecraftforge.registries.GameData/REGISTRIES]: Applying holder lookups: minecraft:fluid
[255月2025 13:35:29.640] [main/DEBUG] [net.minecraftforge.registries.GameData/REGISTRIES]: Holder lookups applied: minecraft:fluid
[255月2025 13:35:29.824] [main/DEBUG] [com.tterrag.registrate.AbstractRegistrate/REGISTRATE.REGISTER]: (youkaishomecoming) Registering 117 known objects of type minecraft:block
[255月2025 13:35:29.825] [main/DEBUG] [com.tterrag.registrate.AbstractRegistrate/REGISTRATE.REGISTER]: Registered youkaishomecoming:soybean to registry minecraft:block
[255月2025 13:35:29.825] [main/DEBUG] [com.tterrag.registrate.AbstractRegistrate/REGISTRATE.REGISTER]: Registered youkaishomecoming:wild_soybean to registry minecraft:block
[255月2025 13:35:29.825] [main/DEBUG] [com.tterrag.registrate.AbstractRegistrate/REGISTRATE.REGISTER]: Registered youkaishomecoming:redbean to registry minecraft:block
[255月2025 13:35:29.825] [main/DEBUG] [com.tterrag.registrate.AbstractRegistrate/REGISTRATE.REGISTER]: Registered youkaishomecoming:wild_redbean to registry minecraft:block
[255月2025 13:35:29.826] [main/DEBUG] [com.tterrag.registrate.AbstractRegistrate/REGISTRATE.REGISTER]: Registered youkaishomecoming:coffea to registry minecraft:block
[255月2025 13:35:29.827] [main/DEBUG] [com.tterrag.registrate.AbstractRegistrate/REGISTRATE.REGISTER]: Registered youkaishomecoming:wild_coffea to registry minecraft:block
[255月2025 13:35:29.827] [main/DEBUG] [com.tterrag.registrate.AbstractRegistrate/REGISTRATE.REGISTER]: Registered youkaishomecoming:tea to registry minecraft:block
[255月2025 13:35:29.827] [main/DEBUG] [com.tterrag.registrate.AbstractRegistrate/REGISTRATE.REGISTER]: Registered youkaishomecoming:wild_tea to registry minecraft:block
[255月2025 13:35:29.828] [main/DEBUG] [com.tterrag.registrate.AbstractRegistrate/REGISTRATE.REGISTER]: Registered youkaishomecoming:udumbara to registry minecraft:block
[255月2025 13:35:29.828] [main/DEBUG] [com.tterrag.registrate.AbstractRegistrate/REGISTRATE.REGISTER]: Registered youkaishomecoming:wild_udumbara to registry minecraft:block
[255月2025 13:35:29.828] [main/DEBUG] [com.tterrag.registrate.AbstractRegistrate/REGISTRATE.REGISTER]: Registered youkaishomecoming:mandrake to registry minecraft:block
[255月2025 13:35:29.828] [main/DEBUG] [com.tterrag.registrate.AbstractRegistrate/REGISTRATE.REGISTER]: Registered youkaishomecoming:wild_mandrake to registry minecraft:block
[255月2025 13:35:29.828] [main/DEBUG] [com.tterrag.registrate.AbstractRegistrate/REGISTRATE.REGISTER]: Registered youkaishomecoming:soybean_bag to registry minecraft:block
[255月2025 13:35:29.828] [main/DEBUG] [com.tterrag.registrate.AbstractRegistrate/REGISTRATE.REGISTER]: Registered youkaishomecoming:redbean_bag to registry minecraft:block
[255月2025 13:35:29.828] [main/DEBUG] [com.tterrag.registrate.AbstractRegistrate/REGISTRATE.REGISTER]: Registered youkaishomecoming:coffee_bean_bag to registry minecraft:block
[255月2025 13:35:29.828] [main/DEBUG] [com.tterrag.registrate.AbstractRegistrate/REGISTRATE.REGISTER]: Registered youkaishomecoming:tea_leaf_bag to registry minecraft:block
[255月2025 13:35:29.828] [main/DEBUG] [com.tterrag.registrate.AbstractRegistrate/REGISTRATE.REGISTER]: Registered youkaishomecoming:black_tea_bag to registry minecraft:block
[255月2025 13:35:29.828] [main/DEBUG] [com.tterrag.registrate.AbstractRegistrate/REGISTRATE.REGISTER]: Registered youkaishomecoming:green_tea_bag to registry minecraft:block
[255月2025 13:35:29.828] [main/DEBUG] [com.tterrag.registrate.AbstractRegistrate/REGISTRATE.REGISTER]: Registered youkaishomecoming:oolong_tea_bag to registry minecraft:block
[255月2025 13:35:29.828] [main/DEBUG] [com.tterrag.registrate.AbstractRegistrate/REGISTRATE.REGISTER]: Registered youkaishomecoming:white_tea_bag to registry minecraft:block
[255月2025 13:35:29.828] [main/DEBUG] [com.tterrag.registrate.AbstractRegistrate/REGISTRATE.REGISTER]: Registered youkaishomecoming:chest_of_heart_throbbing_surprise to registry minecraft:block
[255月2025 13:35:29.829] [main/DEBUG] [com.tterrag.registrate.AbstractRegistrate/REGISTRATE.REGISTER]: Registered youkaishomecoming:heart_throbbing_surprise to registry minecraft:block
[255月2025 13:35:29.829] [main/DEBUG] [com.tterrag.registrate.AbstractRegistrate/REGISTRATE.REGISTER]: Registered youkaishomecoming:flesh_feast to registry minecraft:block
[255月2025 13:35:29.829] [main/DEBUG] [com.tterrag.registrate.AbstractRegistrate/REGISTRATE.REGISTER]: Registered youkaishomecoming:red_velvet_cake to registry minecraft:block
[255月2025 13:35:29.830] [main/DEBUG] [com.tterrag.registrate.AbstractRegistrate/REGISTRATE.REGISTER]: Registered youkaishomecoming:red_velvet_candle_cake to registry minecraft:block
[255月2025 13:35:29.830] [main/DEBUG] [com.tterrag.registrate.AbstractRegistrate/REGISTRATE.REGISTER]: Registered youkaishomecoming:white_red_velvet_candle_cake to registry minecraft:block
[255月2025 13:35:29.830] [main/DEBUG] [com.tterrag.registrate.AbstractRegistrate/REGISTRATE.REGISTER]: Registered youkaishomecoming:orange_red_velvet_candle_cake to registry minecraft:block
[255月2025 13:35:29.830] [main/DEBUG] [com.tterrag.registrate.AbstractRegistrate/REGISTRATE.REGISTER]: Registered youkaishomecoming:magenta_red_velvet_candle_cake to registry minecraft:block
[255月2025 13:35:29.830] [main/DEBUG] [com.tterrag.registrate.AbstractRegistrate/REGISTRATE.REGISTER]: Registered youkaishomecoming:light_blue_red_velvet_candle_cake to registry minecraft:block
[255月2025 13:35:29.830] [main/DEBUG] [com.tterrag.registrate.AbstractRegistrate/REGISTRATE.REGISTER]: Registered youkaishomecoming:yellow_red_velvet_candle_cake to registry minecraft:block
[255月2025 13:35:29.830] [main/DEBUG] [com.tterrag.registrate.AbstractRegistrate/REGISTRATE.REGISTER]: Registered youkaishomecoming:lime_red_velvet_candle_cake to registry minecraft:block
[255月2025 13:35:29.830] [main/DEBUG] [com.tterrag.registrate.AbstractRegistrate/REGISTRATE.REGISTER]: Registered youkaishomecoming:pink_red_velvet_candle_cake to registry minecraft:block
[255月2025 13:35:29.830] [main/DEBUG] [com.tterrag.registrate.AbstractRegistrate/REGISTRATE.REGISTER]: Registered youkaishomecoming:gray_red_velvet_candle_cake to registry minecraft:block
[255月2025 13:35:29.830] [main/DEBUG] [com.tterrag.registrate.AbstractRegistrate/REGISTRATE.REGISTER]: Registered youkaishomecoming:light_gray_red_velvet_candle_cake to registry minecraft:block
[255月2025 13:35:29.830] [main/DEBUG] [com.tterrag.registrate.AbstractRegistrate/REGISTRATE.REGISTER]: Registered youkaishomecoming:cyan_red_velvet_candle_cake to registry minecraft:block
[255月2025 13:35:29.830] [main/DEBUG] [com.tterrag.registrate.AbstractRegistrate/REGISTRATE.REGISTER]: Registered youkaishomecoming:purple_red_velvet_candle_cake to registry minecraft:block
[255月2025 13:35:29.830] [main/DEBUG] [com.tterrag.registrate.AbstractRegistrate/REGISTRATE.REGISTER]: Registered youkaishomecoming:blue_red_velvet_candle_cake to registry minecraft:block
[255月2025 13:35:29.830] [main/DEBUG] [com.tterrag.registrate.AbstractRegistrate/REGISTRATE.REGISTER]: Registered youkaishomecoming:brown_red_velvet_candle_cake to registry minecraft:block
[255月2025 13:35:29.830] [main/DEBUG] [com.tterrag.registrate.AbstractRegistrate/REGISTRATE.REGISTER]: Registered youkaishomecoming:green_red_velvet_candle_cake to registry minecraft:block
[255月2025 13:35:29.830] [main/DEBUG] [com.tterrag.registrate.AbstractRegistrate/REGISTRATE.REGISTER]: Registered youkaishomecoming:red_red_velvet_candle_cake to registry minecraft:block
[255月2025 13:35:29.830] [main/DEBUG] [com.tterrag.registrate.AbstractRegistrate/REGISTRATE.REGISTER]: Registered youkaishomecoming:black_red_velvet_candle_cake to registry minecraft:block
[255月2025 13:35:29.831] [main/DEBUG] [com.tterrag.registrate.AbstractRegistrate/REGISTRATE.REGISTER]: Registered youkaishomecoming:tarte_lune to registry minecraft:block
[255月2025 13:35:29.831] [main/DEBUG] [com.tterrag.registrate.AbstractRegistrate/REGISTRATE.REGISTER]: Registered youkaishomecoming:saucer to registry minecraft:block
[255月2025 13:35:29.831] [main/DEBUG] [com.tterrag.registrate.AbstractRegistrate/REGISTRATE.REGISTER]: Registered youkaishomecoming:bamboo_mizuyokan to registry minecraft:block
[255月2025 13:35:29.831] [main/DEBUG] [com.tterrag.registrate.AbstractRegistrate/REGISTRATE.REGISTER]: Registered youkaishomecoming:dried_fish to registry minecraft:block
[255月2025 13:35:29.831] [main/DEBUG] [com.tterrag.registrate.AbstractRegistrate/REGISTRATE.REGISTER]: Registered youkaishomecoming:imitation_bear_paw to registry minecraft:block
[255月2025 13:35:29.831] [main/DEBUG] [com.tterrag.registrate.AbstractRegistrate/REGISTRATE.REGISTER]: Registered youkaishomecoming:pastitsio to registry minecraft:block
[255月2025 13:35:29.831] [main/DEBUG] [com.tterrag.registrate.AbstractRegistrate/REGISTRATE.REGISTER]: Registered youkaishomecoming:sauce_grilled_fish to registry minecraft:block
[255月2025 13:35:29.831] [main/DEBUG] [com.tterrag.registrate.AbstractRegistrate/REGISTRATE.REGISTER]: Registered youkaishomecoming:stinky_tofu to registry minecraft:block
[255月2025 13:35:29.831] [main/DEBUG] [com.tterrag.registrate.AbstractRegistrate/REGISTRATE.REGISTER]: Registered youkaishomecoming:tofu_burger to registry minecraft:block
[255月2025 13:35:29.831] [main/DEBUG] [com.tterrag.registrate.AbstractRegistrate/REGISTRATE.REGISTER]: Registered youkaishomecoming:blood_curd to registry minecraft:block
[255月2025 13:35:29.831] [main/DEBUG] [com.tterrag.registrate.AbstractRegistrate/REGISTRATE.REGISTER]: Registered youkaishomecoming:seven_colored_yokan to registry minecraft:block
[255月2025 13:35:29.832] [main/DEBUG] [com.tterrag.registrate.AbstractRegistrate/REGISTRATE.REGISTER]: Registered youkaishomecoming:moka_pot to registry minecraft:block
[255月2025 13:35:29.832] [main/DEBUG] [com.tterrag.registrate.AbstractRegistrate/REGISTRATE.REGISTER]: Registered youkaishomecoming:kettle to registry minecraft:block
[255月2025 13:35:29.832] [main/DEBUG] [com.tterrag.registrate.AbstractRegistrate/REGISTRATE.REGISTER]: Registered youkaishomecoming:drying_rack to registry minecraft:block
[255月2025 13:35:29.836] [main/DEBUG] [com.tterrag.registrate.AbstractRegistrate/REGISTRATE.REGISTER]: Registered youkaishomecoming:fermentation_tank to registry minecraft:block
[255月2025 13:35:29.839] [main/DEBUG] [com.tterrag.registrate.AbstractRegistrate/REGISTRATE.REGISTER]: Registered youkaishomecoming:donation_box to registry minecraft:block
[255月2025 13:35:29.839] [main/DEBUG] [com.tterrag.registrate.AbstractRegistrate/REGISTRATE.REGISTER]: Registered youkaishomecoming:moka_kit to registry minecraft:block
[255月2025 13:35:29.839] [main/DEBUG] [com.tterrag.registrate.AbstractRegistrate/REGISTRATE.REGISTER]: Registered youkaishomecoming:moon_lantern to registry minecraft:block
[255月2025 13:35:29.839] [main/DEBUG] [com.tterrag.registrate.AbstractRegistrate/REGISTRATE.REGISTER]: Registered youkaishomecoming:sikkui to registry minecraft:block
[255月2025 13:35:29.840] [main/DEBUG] [com.tterrag.registrate.AbstractRegistrate/REGISTRATE.REGISTER]: Registered youkaishomecoming:sikkui_trap_door to registry minecraft:block
[255月2025 13:35:29.841] [main/DEBUG] [com.tterrag.registrate.AbstractRegistrate/REGISTRATE.REGISTER]: Registered youkaishomecoming:sikkui_stairs to registry minecraft:block
[255月2025 13:35:29.841] [main/DEBUG] [com.tterrag.registrate.AbstractRegistrate/REGISTRATE.REGISTER]: Registered youkaishomecoming:sikkui_slab to registry minecraft:block
[255月2025 13:35:29.842] [main/DEBUG] [com.tterrag.registrate.AbstractRegistrate/REGISTRATE.REGISTER]: Registered youkaishomecoming:sikkui_vertical_slab to registry minecraft:block
[255月2025 13:35:29.842] [main/DEBUG] [com.tterrag.registrate.AbstractRegistrate/REGISTRATE.REGISTER]: Registered youkaishomecoming:framed_sikkui to registry minecraft:block
[255月2025 13:35:29.842] [main/DEBUG] [com.tterrag.registrate.AbstractRegistrate/REGISTRATE.REGISTER]: Registered youkaishomecoming:framed_sikkui_trap_door to registry minecraft:block
[255月2025 13:35:29.842] [main/DEBUG] [com.tterrag.registrate.AbstractRegistrate/REGISTRATE.REGISTER]: Registered youkaishomecoming:cross_framed_sikkui to registry minecraft:block
[255月2025 13:35:29.843] [main/DEBUG] [com.tterrag.registrate.AbstractRegistrate/REGISTRATE.REGISTER]: Registered youkaishomecoming:cross_framed_sikkui_trap_door to registry minecraft:block
[255月2025 13:35:29.843] [main/DEBUG] [com.tterrag.registrate.AbstractRegistrate/REGISTRATE.REGISTER]: Registered youkaishomecoming:cross_framed_sikkui_stairs to registry minecraft:block
[255月2025 13:35:29.843] [main/DEBUG] [com.tterrag.registrate.AbstractRegistrate/REGISTRATE.REGISTER]: Registered youkaishomecoming:cross_framed_sikkui_slab to registry minecraft:block
[255月2025 13:35:29.843] [main/DEBUG] [com.tterrag.registrate.AbstractRegistrate/REGISTRATE.REGISTER]: Registered youkaishomecoming:cross_framed_sikkui_vertical_slab to registry minecraft:block
[255月2025 13:35:29.843] [main/DEBUG] [com.tterrag.registrate.AbstractRegistrate/REGISTRATE.REGISTER]: Registered youkaishomecoming:grid_framed_sikkui to registry minecraft:block
[255月2025 13:35:29.844] [main/DEBUG] [com.tterrag.registrate.AbstractRegistrate/REGISTRATE.REGISTER]: Registered youkaishomecoming:grid_framed_sikkui_trap_door to registry minecraft:block
[255月2025 13:35:29.844] [main/DEBUG] [com.tterrag.registrate.AbstractRegistrate/REGISTRATE.REGISTER]: Registered youkaishomecoming:fine_grid_framed_sikkui to registry minecraft:block
[255月2025 13:35:29.844] [main/DEBUG] [com.tterrag.registrate.AbstractRegistrate/REGISTRATE.REGISTER]: Registered youkaishomecoming:fine_grid_framed_sikkui_trap_door to registry minecraft:block
[255月2025 13:35:29.845] [main/DEBUG] [com.tterrag.registrate.AbstractRegistrate/REGISTRATE.REGISTER]: Registered youkaishomecoming:fine_grid_framed_shoji to registry minecraft:block
[255月2025 13:35:29.845] [main/DEBUG] [com.tterrag.registrate.AbstractRegistrate/REGISTRATE.REGISTER]: Registered youkaishomecoming:hay_stairs to registry minecraft:block
[255月2025 13:35:29.846] [main/DEBUG] [com.tterrag.registrate.AbstractRegistrate/REGISTRATE.REGISTER]: Registered youkaishomecoming:hay_slab to registry minecraft:block
[255月2025 13:35:29.846] [main/DEBUG] [com.tterrag.registrate.AbstractRegistrate/REGISTRATE.REGISTER]: Registered youkaishomecoming:hay_trap_door to registry minecraft:block
[255月2025 13:35:29.846] [main/DEBUG] [com.tterrag.registrate.AbstractRegistrate/REGISTRATE.REGISTER]: Registered youkaishomecoming:hay_vertical_slab to registry minecraft:block
[255月2025 13:35:29.847] [main/DEBUG] [com.tterrag.registrate.AbstractRegistrate/REGISTRATE.REGISTER]: Registered youkaishomecoming:straw_stairs to registry minecraft:block
[255月2025 13:35:29.847] [main/DEBUG] [com.tterrag.registrate.AbstractRegistrate/REGISTRATE.REGISTER]: Registered youkaishomecoming:straw_slab to registry minecraft:block
[255月2025 13:35:29.847] [main/DEBUG] [com.tterrag.registrate.AbstractRegistrate/REGISTRATE.REGISTER]: Registered youkaishomecoming:straw_trap_door to registry minecraft:block
[255月2025 13:35:29.847] [main/DEBUG] [com.tterrag.registrate.AbstractRegistrate/REGISTRATE.REGISTER]: Registered youkaishomecoming:straw_vertical_slab to registry minecraft:block
[255月2025 13:35:29.947] [main/DEBUG] [com.tterrag.registrate.AbstractRegistrate/REGISTRATE.REGISTER]: Registered youkaishomecoming:oak_handrail to registry minecraft:block
[255月2025 13:35:29.947] [main/DEBUG] [com.tterrag.registrate.AbstractRegistrate/REGISTRATE.REGISTER]: Registered youkaishomecoming:oak_dining_table to registry minecraft:block
[255月2025 13:35:29.947] [main/DEBUG] [com.tterrag.registrate.AbstractRegistrate/REGISTRATE.REGISTER]: Registered youkaishomecoming:oak_dining_chair to registry minecraft:block
[255月2025 13:35:30.039] [main/DEBUG] [com.tterrag.registrate.AbstractRegistrate/REGISTRATE.REGISTER]: Registered youkaishomecoming:birch_handrail to registry minecraft:block
[255月2025 13:35:30.040] [main/DEBUG] [com.tterrag.registrate.AbstractRegistrate/REGISTRATE.REGISTER]: Registered youkaishomecoming:birch_dining_table to registry minecraft:block
[255月2025 13:35:30.040] [main/DEBUG] [com.tterrag.registrate.AbstractRegistrate/REGISTRATE.REGISTER]: Registered youkaishomecoming:birch_dining_chair to registry minecraft:block
[255月2025 13:35:30.109] [main/DEBUG] [com.tterrag.registrate.AbstractRegistrate/REGISTRATE.REGISTER]: Registered youkaishomecoming:spruce_handrail to registry minecraft:block
[255月2025 13:35:30.109] [main/DEBUG] [com.tterrag.registrate.AbstractRegistrate/REGISTRATE.REGISTER]: Registered youkaishomecoming:spruce_dining_table to registry minecraft:block
[255月2025 13:35:30.109] [main/DEBUG] [com.tterrag.registrate.AbstractRegistrate/REGISTRATE.REGISTER]: Registered youkaishomecoming:spruce_dining_chair to registry minecraft:block
[255月2025 13:35:30.173] [main/DEBUG] [com.tterrag.registrate.AbstractRegistrate/REGISTRATE.REGISTER]: Registered youkaishomecoming:jungle_handrail to registry minecraft:block
[255月2025 13:35:30.174] [main/DEBUG] [com.tterrag.registrate.AbstractRegistrate/REGISTRATE.REGISTER]: Registered youkaishomecoming:jungle_dining_table to registry minecraft:block
[255月2025 13:35:30.174] [main/DEBUG] [com.tterrag.registrate.AbstractRegistrate/REGISTRATE.REGISTER]: Registered youkaishomecoming:jungle_dining_chair to registry minecraft:block
[255月2025 13:35:30.235] [main/DEBUG] [com.tterrag.registrate.AbstractRegistrate/REGISTRATE.REGISTER]: Registered youkaishomecoming:dark_oak_handrail to registry minecraft:block
[255月2025 13:35:30.236] [main/DEBUG] [com.tterrag.registrate.AbstractRegistrate/REGISTRATE.REGISTER]: Registered youkaishomecoming:dark_oak_dining_table to registry minecraft:block
[255月2025 13:35:30.236] [main/DEBUG] [com.tterrag.registrate.AbstractRegistrate/REGISTRATE.REGISTER]: Registered youkaishomecoming:dark_oak_dining_chair to registry minecraft:block
[255月2025 13:35:30.349] [main/DEBUG] [com.tterrag.registrate.AbstractRegistrate/REGISTRATE.REGISTER]: Registered youkaishomecoming:acacia_handrail to registry minecraft:block
[255月2025 13:35:30.349] [main/DEBUG] [com.tterrag.registrate.AbstractRegistrate/REGISTRATE.REGISTER]: Registered youkaishomecoming:acacia_dining_table to registry minecraft:block
[255月2025 13:35:30.349] [main/DEBUG] [com.tterrag.registrate.AbstractRegistrate/REGISTRATE.REGISTER]: Registered youkaishomecoming:acacia_dining_chair to registry minecraft:block
[255月2025 13:35:30.414] [main/DEBUG] [com.tterrag.registrate.AbstractRegistrate/REGISTRATE.REGISTER]: Registered youkaishomecoming:crimson_handrail to registry minecraft:block
[255月2025 13:35:30.414] [main/DEBUG] [com.tterrag.registrate.AbstractRegistrate/REGISTRATE.REGISTER]: Registered youkaishomecoming:crimson_dining_table to registry minecraft:block
[255月2025 13:35:30.414] [main/DEBUG] [com.tterrag.registrate.AbstractRegistrate/REGISTRATE.REGISTER]: Registered youkaishomecoming:crimson_dining_chair to registry minecraft:block
[255月2025 13:35:30.481] [main/DEBUG] [com.tterrag.registrate.AbstractRegistrate/REGISTRATE.REGISTER]: Registered youkaishomecoming:warped_handrail to registry minecraft:block
[255月2025 13:35:30.481] [main/DEBUG] [com.tterrag.registrate.AbstractRegistrate/REGISTRATE.REGISTER]: Registered youkaishomecoming:warped_dining_table to registry minecraft:block
[255月2025 13:35:30.481] [main/DEBUG] [com.tterrag.registrate.AbstractRegistrate/REGISTRATE.REGISTER]: Registered youkaishomecoming:warped_dining_chair to registry minecraft:block
[255月2025 13:35:30.545] [main/DEBUG] [com.tterrag.registrate.AbstractRegistrate/REGISTRATE.REGISTER]: Registered youkaishomecoming:mangrove_handrail to registry minecraft:block
[255月2025 13:35:30.545] [main/DEBUG] [com.tterrag.registrate.AbstractRegistrate/REGISTRATE.REGISTER]: Registered youkaishomecoming:mangrove_dining_table to registry minecraft:block
[255月2025 13:35:30.545] [main/DEBUG] [com.tterrag.registrate.AbstractRegistrate/REGISTRATE.REGISTER]: Registered youkaishomecoming:mangrove_dining_chair to registry minecraft:block
[255月2025 13:35:30.609] [main/DEBUG] [com.tterrag.registrate.AbstractRegistrate/REGISTRATE.REGISTER]: Registered youkaishomecoming:cherry_handrail to registry minecraft:block
[255月2025 13:35:30.609] [main/DEBUG] [com.tterrag.registrate.AbstractRegistrate/REGISTRATE.REGISTER]: Registered youkaishomecoming:cherry_dining_table to registry minecraft:block
[255月2025 13:35:30.609] [main/DEBUG] [com.tterrag.registrate.AbstractRegistrate/REGISTRATE.REGISTER]: Registered youkaishomecoming:cherry_dining_chair to registry minecraft:block
[255月2025 13:35:30.708] [main/DEBUG] [com.tterrag.registrate.AbstractRegistrate/REGISTRATE.REGISTER]: Registered youkaishomecoming:bamboo_handrail to registry minecraft:block
[255月2025 13:35:30.709] [main/DEBUG] [com.tterrag.registrate.AbstractRegistrate/REGISTRATE.REGISTER]: Registered youkaishomecoming:bamboo_dining_table to registry minecraft:block
[255月2025 13:35:30.709] [main/DEBUG] [com.tterrag.registrate.AbstractRegistrate/REGISTRATE.REGISTER]: Registered youkaishomecoming:bamboo_dining_chair to registry minecraft:block
[255月2025 13:35:30.882] [main/DEBUG] [com.tterrag.registrate.AbstractRegistrate/REGISTRATE.REGISTER]: (barbequesdelight) Registering 3 known objects of type minecraft:block
[255月2025 13:35:30.883] [main/DEBUG] [com.tterrag.registrate.AbstractRegistrate/REGISTRATE.REGISTER]: Registered barbequesdelight:grill to registry minecraft:block
[255月2025 13:35:30.884] [main/DEBUG] [com.tterrag.registrate.AbstractRegistrate/REGISTRATE.REGISTER]: Registered barbequesdelight:basin to registry minecraft:block
[255月2025 13:35:30.885] [main/DEBUG] [com.tterrag.registrate.AbstractRegistrate/REGISTRATE.REGISTER]: Registered barbequesdelight:tray to registry minecraft:block
[255月2025 13:35:30.888] [main/DEBUG] [com.sammy.minersdelight.repack.registrate.AbstractRegistrate/REGISTRATE.REGISTER]: Registering 7 known objects of type minecraft:block
[255月2025 13:35:30.889] [main/DEBUG] [com.sammy.minersdelight.repack.registrate.AbstractRegistrate/REGISTRATE.REGISTER]: Registered miners_delight:copper_pot to registry ResourceKey[minecraft:root / minecraft:block]
[255月2025 13:35:30.890] [main/DEBUG] [com.sammy.minersdelight.repack.registrate.AbstractRegistrate/REGISTRATE.REGISTER]: Registered miners_delight:sticky_basket to registry ResourceKey[minecraft:root / minecraft:block]
[255月2025 13:35:30.890] [main/DEBUG] [com.sammy.minersdelight.repack.registrate.AbstractRegistrate/REGISTRATE.REGISTER]: Registered miners_delight:stuffed_squid to registry ResourceKey[minecraft:root / minecraft:block]
[255月2025 13:35:30.890] [main/DEBUG] [com.sammy.minersdelight.repack.registrate.AbstractRegistrate/REGISTRATE.REGISTER]: Registered miners_delight:wild_cave_carrots to registry ResourceKey[minecraft:root / minecraft:block]
[255月2025 13:35:30.890] [main/DEBUG] [com.sammy.minersdelight.repack.registrate.AbstractRegistrate/REGISTRATE.REGISTER]: Registered miners_delight:gossypium to registry ResourceKey[minecraft:root / minecraft:block]
[255月2025 13:35:30.890] [main/DEBUG] [com.sammy.minersdelight.repack.registrate.AbstractRegistrate/REGISTRATE.REGISTER]: Registered miners_delight:cave_carrots to registry ResourceKey[minecraft:root / minecraft:block]
[255月2025 13:35:30.890] [main/DEBUG] [com.sammy.minersdelight.repack.registrate.AbstractRegistrate/REGISTRATE.REGISTER]: Registered miners_delight:cave_carrot_crate to registry ResourceKey[minecraft:root / minecraft:block]
[255月2025 13:35:31.263] [main/DEBUG] [com.tterrag.registrate.AbstractRegistrate/REGISTRATE.REGISTER]: (cuisinedelight) Registering 1 known objects of type minecraft:block
[255月2025 13:35:31.264] [main/DEBUG] [com.tterrag.registrate.AbstractRegistrate/REGISTRATE.REGISTER]: Registered cuisinedelight:cuisine_skillet to registry minecraft:block
[255月2025 13:35:31.266] [main/DEBUG] [net.minecraftforge.registries.GameData/REGISTRIES]: Applying holder lookups: minecraft:block
[255月2025 13:35:31.268] [main/DEBUG] [net.minecraftforge.registries.GameData/REGISTRIES]: Holder lookups applied: minecraft:block
[255月2025 13:35:31.268] [main/DEBUG] [com.tterrag.registrate.AbstractRegistrate/REGISTRATE.REGISTER]: (l2damagetracker) Registering 8 known objects of type minecraft:attribute
[255月2025 13:35:31.269] [main/DEBUG] [com.tterrag.registrate.AbstractRegistrate/REGISTRATE.REGISTER]: Registered l2damagetracker:crit_rate to registry minecraft:attribute
[255月2025 13:35:31.269] [main/DEBUG] [com.tterrag.registrate.AbstractRegistrate/REGISTRATE.REGISTER]: Registered l2damagetracker:crit_damage to registry minecraft:attribute
[255月2025 13:35:31.269] [main/DEBUG] [com.tterrag.registrate.AbstractRegistrate/REGISTRATE.REGISTER]: Registered l2damagetracker:bow_strength to registry minecraft:attribute
[255月2025 13:35:31.269] [main/DEBUG] [com.tterrag.registrate.AbstractRegistrate/REGISTRATE.REGISTER]: Registered l2damagetracker:explosion_damage to registry minecraft:attribute
[255月2025 13:35:31.269] [main/DEBUG] [com.tterrag.registrate.AbstractRegistrate/REGISTRATE.REGISTER]: Registered l2damagetracker:fire_damage to registry minecraft:attribute
[255月2025 13:35:31.269] [main/DEBUG] [com.tterrag.registrate.AbstractRegistrate/REGISTRATE.REGISTER]: Registered l2damagetracker:magic_damage to registry minecraft:attribute
[255月2025 13:35:31.269] [main/DEBUG] [com.tterrag.registrate.AbstractRegistrate/REGISTRATE.REGISTER]: Registered l2damagetracker:damage_absorption to registry minecraft:attribute
[255月2025 13:35:31.269] [main/DEBUG] [com.tterrag.registrate.AbstractRegistrate/REGISTRATE.REGISTER]: Registered l2damagetracker:damage_reduction to registry minecraft:attribute
[255月2025 13:35:31.269] [main/DEBUG] [net.minecraftforge.registries.GameData/REGISTRIES]: Applying holder lookups: minecraft:attribute
[255月2025 13:35:31.269] [main/DEBUG] [net.minecraftforge.registries.GameData/REGISTRIES]: Holder lookups applied: minecraft:attribute
[255月2025 13:35:31.270] [main/DEBUG] [com.tterrag.registrate.AbstractRegistrate/REGISTRATE.REGISTER]: (youkaishomecoming) Registering 16 known objects of type minecraft:mob_effect
[255月2025 13:35:31.270] [main/DEBUG] [com.tterrag.registrate.AbstractRegistrate/REGISTRATE.REGISTER]: Registered youkaishomecoming:youkaified to registry minecraft:mob_effect
[255月2025 13:35:31.270] [main/DEBUG] [com.tterrag.registrate.AbstractRegistrate/REGISTRATE.REGISTER]: Registered youkaishomecoming:youkaifying to registry minecraft:mob_effect
[255月2025 13:35:31.270] [main/DEBUG] [com.tterrag.registrate.AbstractRegistrate/REGISTRATE.REGISTER]: Registered youkaishomecoming:caffeinated to registry minecraft:mob_effect
[255月2025 13:35:31.270] [main/DEBUG] [com.tterrag.registrate.AbstractRegistrate/REGISTRATE.REGISTER]: Registered youkaishomecoming:tea_polyphenols to registry minecraft:mob_effect
[255月2025 13:35:31.270] [main/DEBUG] [com.tterrag.registrate.AbstractRegistrate/REGISTRATE.REGISTER]: Registered youkaishomecoming:sober to registry minecraft:mob_effect
[255月2025 13:35:31.270] [main/DEBUG] [com.tterrag.registrate.AbstractRegistrate/REGISTRATE.REGISTER]: Registered youkaishomecoming:drunk to registry minecraft:mob_effect
[255月2025 13:35:31.270] [main/DEBUG] [com.tterrag.registrate.AbstractRegistrate/REGISTRATE.REGISTER]: Registered youkaishomecoming:refreshing to registry minecraft:mob_effect
[255月2025 13:35:31.270] [main/DEBUG] [com.tterrag.registrate.AbstractRegistrate/REGISTRATE.REGISTER]: Registered youkaishomecoming:thick to registry minecraft:mob_effect
[255月2025 13:35:31.270] [main/DEBUG] [com.tterrag.registrate.AbstractRegistrate/REGISTRATE.REGISTER]: Registered youkaishomecoming:smoothing to registry minecraft:mob_effect
[255月2025 13:35:31.270] [main/DEBUG] [com.tterrag.registrate.AbstractRegistrate/REGISTRATE.REGISTER]: Registered youkaishomecoming:native_god_bless to registry minecraft:mob_effect
[255月2025 13:35:31.271] [main/DEBUG] [com.tterrag.registrate.AbstractRegistrate/REGISTRATE.REGISTER]: Registered youkaishomecoming:unconscious to registry minecraft:mob_effect
[255月2025 13:35:31.271] [main/DEBUG] [com.tterrag.registrate.AbstractRegistrate/REGISTRATE.REGISTER]: Registered youkaishomecoming:aphrodisiac to registry minecraft:mob_effect
[255月2025 13:35:31.271] [main/DEBUG] [com.tterrag.registrate.AbstractRegistrate/REGISTRATE.REGISTER]: Registered youkaishomecoming:hypnosis to registry minecraft:mob_effect
[255月2025 13:35:31.271] [main/DEBUG] [com.tterrag.registrate.AbstractRegistrate/REGISTRATE.REGISTER]: Registered youkaishomecoming:phantom to registry minecraft:mob_effect
[255月2025 13:35:31.271] [main/DEBUG] [com.tterrag.registrate.AbstractRegistrate/REGISTRATE.REGISTER]: Registered youkaishomecoming:higi to registry minecraft:mob_effect
[255月2025 13:35:31.271] [main/DEBUG] [com.tterrag.registrate.AbstractRegistrate/REGISTRATE.REGISTER]: Registered youkaishomecoming:fairy to registry minecraft:mob_effect
[255月2025 13:35:31.290] [main/DEBUG] [net.minecraftforge.registries.GameData/REGISTRIES]: Applying holder lookups: minecraft:mob_effect
[255月2025 13:35:31.291] [main/DEBUG] [net.minecraftforge.registries.GameData/REGISTRIES]: Holder lookups applied: minecraft:mob_effect
[255月2025 13:35:31.298] [main/DEBUG] [net.minecraftforge.registries.GameData/REGISTRIES]: Applying holder lookups: minecraft:particle_type
[255月2025 13:35:31.299] [main/DEBUG] [net.minecraftforge.registries.GameData/REGISTRIES]: Holder lookups applied: minecraft:particle_type
[255月2025 13:35:31.315] [main/DEBUG] [com.tterrag.registrate.AbstractRegistrate/REGISTRATE.REGISTER]: (youkaishomecoming) Registering 377 known objects of type minecraft:item
[255月2025 13:35:31.316] [main/DEBUG] [com.tterrag.registrate.AbstractRegistrate/REGISTRATE.REGISTER]: Registered youkaishomecoming:straw_hat to registry minecraft:item
[255月2025 13:35:31.316] [main/DEBUG] [com.tterrag.registrate.AbstractRegistrate/REGISTRATE.REGISTER]: Registered youkaishomecoming:suwako_hat to registry minecraft:item
[255月2025 13:35:31.316] [main/DEBUG] [com.tterrag.registrate.AbstractRegistrate/REGISTRATE.REGISTER]: Registered youkaishomecoming:koishi_hat to registry minecraft:item
[255月2025 13:35:31.316] [main/DEBUG] [com.tterrag.registrate.AbstractRegistrate/REGISTRATE.REGISTER]: Registered youkaishomecoming:rumia_hairband to registry minecraft:item
[255月2025 13:35:31.316] [main/DEBUG] [com.tterrag.registrate.AbstractRegistrate/REGISTRATE.REGISTER]: Registered youkaishomecoming:reimu_hairband to registry minecraft:item
[255月2025 13:35:31.317] [main/DEBUG] [com.tterrag.registrate.AbstractRegistrate/REGISTRATE.REGISTER]: Registered youkaishomecoming:cirno_hairband to registry minecraft:item
[255月2025 13:35:31.317] [main/DEBUG] [com.tterrag.registrate.AbstractRegistrate/REGISTRATE.REGISTER]: Registered youkaishomecoming:cirno_wings to registry minecraft:item
[255月2025 13:35:31.319] [main/DEBUG] [com.tterrag.registrate.AbstractRegistrate/REGISTRATE.REGISTER]: Registered youkaishomecoming:custom_spell_ring to registry minecraft:item
[255月2025 13:35:31.320] [main/DEBUG] [com.tterrag.registrate.AbstractRegistrate/REGISTRATE.REGISTER]: Registered youkaishomecoming:custom_spell_homing to registry minecraft:item
[255月2025 13:35:31.321] [main/DEBUG] [com.tterrag.registrate.AbstractRegistrate/REGISTRATE.REGISTER]: Registered youkaishomecoming:spell_reimu to registry minecraft:item
[255月2025 13:35:31.322] [main/DEBUG] [com.tterrag.registrate.AbstractRegistrate/REGISTRATE.REGISTER]: Registered youkaishomecoming:spell_marisa to registry minecraft:item
[255月2025 13:35:31.322] [main/DEBUG] [com.tterrag.registrate.AbstractRegistrate/REGISTRATE.REGISTER]: Registered youkaishomecoming:spell_sanae to registry minecraft:item
[255月2025 13:35:31.323] [main/DEBUG] [com.tterrag.registrate.AbstractRegistrate/REGISTRATE.REGISTER]: Registered youkaishomecoming:spell_mystia to registry minecraft:item
[255月2025 13:35:31.324] [main/DEBUG] [com.tterrag.registrate.AbstractRegistrate/REGISTRATE.REGISTER]: Registered youkaishomecoming:spell_yukari_laser to registry minecraft:item
[255月2025 13:35:31.325] [main/DEBUG] [com.tterrag.registrate.AbstractRegistrate/REGISTRATE.REGISTER]: Registered youkaishomecoming:spell_yukari_butterfly to registry minecraft:item
[255月2025 13:35:31.325] [main/DEBUG] [com.tterrag.registrate.AbstractRegistrate/REGISTRATE.REGISTER]: Registered youkaishomecoming:wild_soybean to registry minecraft:item
[255月2025 13:35:31.325] [main/DEBUG] [com.tterrag.registrate.AbstractRegistrate/REGISTRATE.REGISTER]: Registered youkaishomecoming:soybean to registry minecraft:item
[255月2025 13:35:31.326] [main/DEBUG] [com.tterrag.registrate.AbstractRegistrate/REGISTRATE.REGISTER]: Registered youkaishomecoming:pods to registry minecraft:item
[255月2025 13:35:31.326] [main/DEBUG] [com.tterrag.registrate.AbstractRegistrate/REGISTRATE.REGISTER]: Registered youkaishomecoming:wild_redbean to registry minecraft:item
[255月2025 13:35:31.326] [main/DEBUG] [com.tterrag.registrate.AbstractRegistrate/REGISTRATE.REGISTER]: Registered youkaishomecoming:redbean to registry minecraft:item
[255月2025 13:35:31.326] [main/DEBUG] [com.tterrag.registrate.AbstractRegistrate/REGISTRATE.REGISTER]: Registered youkaishomecoming:wild_coffea to registry minecraft:item
[255月2025 13:35:31.326] [main/DEBUG] [com.tterrag.registrate.AbstractRegistrate/REGISTRATE.REGISTER]: Registered youkaishomecoming:green_coffee_bean to registry minecraft:item
[255月2025 13:35:31.326] [main/DEBUG] [com.tterrag.registrate.AbstractRegistrate/REGISTRATE.REGISTER]: Registered youkaishomecoming:coffee_berries to registry minecraft:item
[255月2025 13:35:31.326] [main/DEBUG] [com.tterrag.registrate.AbstractRegistrate/REGISTRATE.REGISTER]: Registered youkaishomecoming:wild_tea to registry minecraft:item
[255月2025 13:35:31.326] [main/DEBUG] [com.tterrag.registrate.AbstractRegistrate/REGISTRATE.REGISTER]: Registered youkaishomecoming:tea_seeds to registry minecraft:item
[255月2025 13:35:31.326] [main/DEBUG] [com.tterrag.registrate.AbstractRegistrate/REGISTRATE.REGISTER]: Registered youkaishomecoming:tea_leaves to registry minecraft:item
[255月2025 13:35:31.326] [main/DEBUG] [com.tterrag.registrate.AbstractRegistrate/REGISTRATE.REGISTER]: Registered youkaishomecoming:wild_udumbara to registry minecraft:item
[255月2025 13:35:31.326] [main/DEBUG] [com.tterrag.registrate.AbstractRegistrate/REGISTRATE.REGISTER]: Registered youkaishomecoming:udumbara_seeds to registry minecraft:item
[255月2025 13:35:31.326] [main/DEBUG] [com.tterrag.registrate.AbstractRegistrate/REGISTRATE.REGISTER]: Registered youkaishomecoming:udumbara_flower to registry minecraft:item
[255月2025 13:35:31.326] [main/DEBUG] [com.tterrag.registrate.AbstractRegistrate/REGISTRATE.REGISTER]: Registered youkaishomecoming:wild_mandrake to registry minecraft:item
[255月2025 13:35:31.326] [main/DEBUG] [com.tterrag.registrate.AbstractRegistrate/REGISTRATE.REGISTER]: Registered youkaishomecoming:mandrake_root to registry minecraft:item
[255月2025 13:35:31.326] [main/DEBUG] [com.tterrag.registrate.AbstractRegistrate/REGISTRATE.REGISTER]: Registered youkaishomecoming:mandrake_flower to registry minecraft:item
[255月2025 13:35:31.326] [main/DEBUG] [com.tterrag.registrate.AbstractRegistrate/REGISTRATE.REGISTER]: Registered youkaishomecoming:coffee_beans to registry minecraft:item
[255月2025 13:35:31.326] [main/DEBUG] [com.tterrag.registrate.AbstractRegistrate/REGISTRATE.REGISTER]: Registered youkaishomecoming:coffee_powder to registry minecraft:item
[255月2025 13:35:31.326] [main/DEBUG] [com.tterrag.registrate.AbstractRegistrate/REGISTRATE.REGISTER]: Registered youkaishomecoming:black_tea_leaves to registry minecraft:item
[255月2025 13:35:31.326] [main/DEBUG] [com.tterrag.registrate.AbstractRegistrate/REGISTRATE.REGISTER]: Registered youkaishomecoming:green_tea_leaves to registry minecraft:item
[255月2025 13:35:31.326] [main/DEBUG] [com.tterrag.registrate.AbstractRegistrate/REGISTRATE.REGISTER]: Registered youkaishomecoming:oolong_tea_leaves to registry minecraft:item
[255月2025 13:35:31.326] [main/DEBUG] [com.tterrag.registrate.AbstractRegistrate/REGISTRATE.REGISTER]: Registered youkaishomecoming:white_tea_leaves to registry minecraft:item
[255月2025 13:35:31.326] [main/DEBUG] [com.tterrag.registrate.AbstractRegistrate/REGISTRATE.REGISTER]: Registered youkaishomecoming:matcha to registry minecraft:item
[255月2025 13:35:31.326] [main/DEBUG] [com.tterrag.registrate.AbstractRegistrate/REGISTRATE.REGISTER]: Registered youkaishomecoming:stripped_mandrake_root to registry minecraft:item
[255月2025 13:35:31.326] [main/DEBUG] [com.tterrag.registrate.AbstractRegistrate/REGISTRATE.REGISTER]: Registered youkaishomecoming:dried_mandrake_flower to registry minecraft:item
[255月2025 13:35:31.326] [main/DEBUG] [com.tterrag.registrate.AbstractRegistrate/REGISTRATE.REGISTER]: Registered youkaishomecoming:soybean_bag to registry minecraft:item
[255月2025 13:35:31.326] [main/DEBUG] [com.tterrag.registrate.AbstractRegistrate/REGISTRATE.REGISTER]: Registered youkaishomecoming:redbean_bag to registry minecraft:item
[255月2025 13:35:31.326] [main/DEBUG] [com.tterrag.registrate.AbstractRegistrate/REGISTRATE.REGISTER]: Registered youkaishomecoming:coffee_bean_bag to registry minecraft:item
[255月2025 13:35:31.326] [main/DEBUG] [com.tterrag.registrate.AbstractRegistrate/REGISTRATE.REGISTER]: Registered youkaishomecoming:tea_leaf_bag to registry minecraft:item
[255月2025 13:35:31.326] [main/DEBUG] [com.tterrag.registrate.AbstractRegistrate/REGISTRATE.REGISTER]: Registered youkaishomecoming:black_tea_bag to registry minecraft:item
[255月2025 13:35:31.326] [main/DEBUG] [com.tterrag.registrate.AbstractRegistrate/REGISTRATE.REGISTER]: Registered youkaishomecoming:green_tea_bag to registry minecraft:item
[255月2025 13:35:31.326] [main/DEBUG] [com.tterrag.registrate.AbstractRegistrate/REGISTRATE.REGISTER]: Registered youkaishomecoming:oolong_tea_bag to registry minecraft:item
[255月2025 13:35:31.326] [main/DEBUG] [com.tterrag.registrate.AbstractRegistrate/REGISTRATE.REGISTER]: Registered youkaishomecoming:white_tea_bag to registry minecraft:item
[255月2025 13:35:31.326] [main/DEBUG] [com.tterrag.registrate.AbstractRegistrate/REGISTRATE.REGISTER]: Registered youkaishomecoming:soy_sauce_bottle to registry minecraft:item
[255月2025 13:35:31.326] [main/DEBUG] [com.tterrag.registrate.AbstractRegistrate/REGISTRATE.REGISTER]: Registered youkaishomecoming:blood_bottle to registry minecraft:item
[255月2025 13:35:31.326] [main/DEBUG] [com.tterrag.registrate.AbstractRegistrate/REGISTRATE.REGISTER]: Registered youkaishomecoming:bowl_of_cream to registry minecraft:item
[255月2025 13:35:31.327] [main/DEBUG] [com.tterrag.registrate.AbstractRegistrate/REGISTRATE.REGISTER]: Registered youkaishomecoming:ice_cube to registry minecraft:item
[255月2025 13:35:31.327] [main/DEBUG] [com.tterrag.registrate.AbstractRegistrate/REGISTRATE.REGISTER]: Registered youkaishomecoming:fairy_ice_crystal to registry minecraft:item
[255月2025 13:35:31.327] [main/DEBUG] [com.tterrag.registrate.AbstractRegistrate/REGISTRATE.REGISTER]: Registered youkaishomecoming:frozen_frog_cold to registry minecraft:item
[255月2025 13:35:31.327] [main/DEBUG] [com.tterrag.registrate.AbstractRegistrate/REGISTRATE.REGISTER]: Registered youkaishomecoming:frozen_frog_warm to registry minecraft:item
[255月2025 13:35:31.327] [main/DEBUG] [com.tterrag.registrate.AbstractRegistrate/REGISTRATE.REGISTER]: Registered youkaishomecoming:frozen_frog_temperate to registry minecraft:item
[255月2025 13:35:31.327] [main/DEBUG] [com.tterrag.registrate.AbstractRegistrate/REGISTRATE.REGISTER]: Registered youkaishomecoming:can to registry minecraft:item
[255月2025 13:35:31.327] [main/DEBUG] [com.tterrag.registrate.AbstractRegistrate/REGISTRATE.REGISTER]: Registered youkaishomecoming:raw_lamprey to registry minecraft:item
[255月2025 13:35:31.327] [main/DEBUG] [com.tterrag.registrate.AbstractRegistrate/REGISTRATE.REGISTER]: Registered youkaishomecoming:roasted_lamprey to registry minecraft:item
[255月2025 13:35:31.327] [main/DEBUG] [com.tterrag.registrate.AbstractRegistrate/REGISTRATE.REGISTER]: Registered youkaishomecoming:raw_lamprey_fillet to registry minecraft:item
[255月2025 13:35:31.327] [main/DEBUG] [com.tterrag.registrate.AbstractRegistrate/REGISTRATE.REGISTER]: Registered youkaishomecoming:roasted_lamprey_fillet to registry minecraft:item
[255月2025 13:35:31.327] [main/DEBUG] [com.tterrag.registrate.AbstractRegistrate/REGISTRATE.REGISTER]: Registered youkaishomecoming:flesh to registry minecraft:item
[255月2025 13:35:31.327] [main/DEBUG] [com.tterrag.registrate.AbstractRegistrate/REGISTRATE.REGISTER]: Registered youkaishomecoming:cooked_flesh to registry minecraft:item
[255月2025 13:35:31.327] [main/DEBUG] [com.tterrag.registrate.AbstractRegistrate/REGISTRATE.REGISTER]: Registered youkaishomecoming:cooked_mandrake_root to registry minecraft:item
[255月2025 13:35:31.327] [main/DEBUG] [com.tterrag.registrate.AbstractRegistrate/REGISTRATE.REGISTER]: Registered youkaishomecoming:roe to registry minecraft:item
[255月2025 13:35:31.327] [main/DEBUG] [com.tterrag.registrate.AbstractRegistrate/REGISTRATE.REGISTER]: Registered youkaishomecoming:butter to registry minecraft:item
[255月2025 13:35:31.327] [main/DEBUG] [com.tterrag.registrate.AbstractRegistrate/REGISTRATE.REGISTER]: Registered youkaishomecoming:tofu to registry minecraft:item
[255月2025 13:35:31.327] [main/DEBUG] [com.tterrag.registrate.AbstractRegistrate/REGISTRATE.REGISTER]: Registered youkaishomecoming:oily_bean_curd to registry minecraft:item
[255月2025 13:35:31.327] [main/DEBUG] [com.tterrag.registrate.AbstractRegistrate/REGISTRATE.REGISTER]: Registered youkaishomecoming:mochi to registry minecraft:item
[255月2025 13:35:31.327] [main/DEBUG] [com.tterrag.registrate.AbstractRegistrate/REGISTRATE.REGISTER]: Registered youkaishomecoming:tsukimi_dango to registry minecraft:item
[255月2025 13:35:31.327] [main/DEBUG] [com.tterrag.registrate.AbstractRegistrate/REGISTRATE.REGISTER]: Registered youkaishomecoming:coffee_mochi to registry minecraft:item
[255月2025 13:35:31.327] [main/DEBUG] [com.tterrag.registrate.AbstractRegistrate/REGISTRATE.REGISTER]: Registered youkaishomecoming:matcha_mochi to registry minecraft:item
[255月2025 13:35:31.327] [main/DEBUG] [com.tterrag.registrate.AbstractRegistrate/REGISTRATE.REGISTER]: Registered youkaishomecoming:sakura_mochi to registry minecraft:item
[255月2025 13:35:31.327] [main/DEBUG] [com.tterrag.registrate.AbstractRegistrate/REGISTRATE.REGISTER]: Registered youkaishomecoming:yashouma_dango to registry minecraft:item
[255月2025 13:35:31.327] [main/DEBUG] [com.tterrag.registrate.AbstractRegistrate/REGISTRATE.REGISTER]: Registered youkaishomecoming:onigili to registry minecraft:item
[255月2025 13:35:31.327] [main/DEBUG] [com.tterrag.registrate.AbstractRegistrate/REGISTRATE.REGISTER]: Registered youkaishomecoming:senbei to registry minecraft:item
[255月2025 13:35:31.327] [main/DEBUG] [com.tterrag.registrate.AbstractRegistrate/REGISTRATE.REGISTER]: Registered youkaishomecoming:sekibankiyaki to registry minecraft:item
[255月2025 13:35:31.327] [main/DEBUG] [com.tterrag.registrate.AbstractRegistrate/REGISTRATE.REGISTER]: Registered youkaishomecoming:yakumo_inari to registry minecraft:item
[255月2025 13:35:31.327] [main/DEBUG] [com.tterrag.registrate.AbstractRegistrate/REGISTRATE.REGISTER]: Registered youkaishomecoming:koishi_mousse to registry minecraft:item
[255月2025 13:35:31.327] [main/DEBUG] [com.tterrag.registrate.AbstractRegistrate/REGISTRATE.REGISTER]: Registered youkaishomecoming:bun to registry minecraft:item
[255月2025 13:35:31.327] [main/DEBUG] [com.tterrag.registrate.AbstractRegistrate/REGISTRATE.REGISTER]: Registered youkaishomecoming:oyaki to registry minecraft:item
[255月2025 13:35:31.327] [main/DEBUG] [com.tterrag.registrate.AbstractRegistrate/REGISTRATE.REGISTER]: Registered youkaishomecoming:pork_rice_ball to registry minecraft:item
[255月2025 13:35:31.327] [main/DEBUG] [com.tterrag.registrate.AbstractRegistrate/REGISTRATE.REGISTER]: Registered youkaishomecoming:tobiko_gunkan to registry minecraft:item
[255月2025 13:35:31.327] [main/DEBUG] [com.tterrag.registrate.AbstractRegistrate/REGISTRATE.REGISTER]: Registered youkaishomecoming:tutu_congee to registry minecraft:item
[255月2025 13:35:31.327] [main/DEBUG] [com.tterrag.registrate.AbstractRegistrate/REGISTRATE.REGISTER]: Registered youkaishomecoming:steamed_egg_in_bamboo to registry minecraft:item
[255月2025 13:35:31.328] [main/DEBUG] [com.tterrag.registrate.AbstractRegistrate/REGISTRATE.REGISTER]: Registered youkaishomecoming:doughnut to registry minecraft:item
[255月2025 13:35:31.328] [main/DEBUG] [com.tterrag.registrate.AbstractRegistrate/REGISTRATE.REGISTER]: Registered youkaishomecoming:higi_chocolate to registry minecraft:item
[255月2025 13:35:31.328] [main/DEBUG] [com.tterrag.registrate.AbstractRegistrate/REGISTRATE.REGISTER]: Registered youkaishomecoming:higi_doughnut to registry minecraft:item
[255月2025 13:35:31.328] [main/DEBUG] [com.tterrag.registrate.AbstractRegistrate/REGISTRATE.REGISTER]: Registered youkaishomecoming:fairy_candy to registry minecraft:item
[255月2025 13:35:31.328] [main/DEBUG] [com.tterrag.registrate.AbstractRegistrate/REGISTRATE.REGISTER]: Registered youkaishomecoming:candy_apple to registry minecraft:item
[255月2025 13:35:31.328] [main/DEBUG] [com.tterrag.registrate.AbstractRegistrate/REGISTRATE.REGISTER]: Registered youkaishomecoming:milk_popsicle to registry minecraft:item
[255月2025 13:35:31.328] [main/DEBUG] [com.tterrag.registrate.AbstractRegistrate/REGISTRATE.REGISTER]: Registered youkaishomecoming:big_popsicle to registry minecraft:item
[255月2025 13:35:31.328] [main/DEBUG] [com.tterrag.registrate.AbstractRegistrate/REGISTRATE.REGISTER]: Registered youkaishomecoming:kinako_dango to registry minecraft:item
[255月2025 13:35:31.328] [main/DEBUG] [com.tterrag.registrate.AbstractRegistrate/REGISTRATE.REGISTER]: Registered youkaishomecoming:mitarashi_dango to registry minecraft:item
[255月2025 13:35:31.328] [main/DEBUG] [com.tterrag.registrate.AbstractRegistrate/REGISTRATE.REGISTER]: Registered youkaishomecoming:assorted_dango to registry minecraft:item
[255月2025 13:35:31.328] [main/DEBUG] [com.tterrag.registrate.AbstractRegistrate/REGISTRATE.REGISTER]: Registered youkaishomecoming:shaved_ice_over_rice to registry minecraft:item
[255月2025 13:35:31.328] [main/DEBUG] [com.tterrag.registrate.AbstractRegistrate/REGISTRATE.REGISTER]: Registered youkaishomecoming:green_tea to registry minecraft:item
[255月2025 13:35:31.328] [main/DEBUG] [com.tterrag.registrate.AbstractRegistrate/REGISTRATE.REGISTER]: Registered youkaishomecoming:white_tea to registry minecraft:item
[255月2025 13:35:31.328] [main/DEBUG] [com.tterrag.registrate.AbstractRegistrate/REGISTRATE.REGISTER]: Registered youkaishomecoming:black_tea to registry minecraft:item
[255月2025 13:35:31.328] [main/DEBUG] [com.tterrag.registrate.AbstractRegistrate/REGISTRATE.REGISTER]: Registered youkaishomecoming:oolong_tea to registry minecraft:item
[255月2025 13:35:31.328] [main/DEBUG] [com.tterrag.registrate.AbstractRegistrate/REGISTRATE.REGISTER]: Registered youkaishomecoming:cornflower_tea to registry minecraft:item
[255月2025 13:35:31.328] [main/DEBUG] [com.tterrag.registrate.AbstractRegistrate/REGISTRATE.REGISTER]: Registered youkaishomecoming:tea_mocha to registry minecraft:item
[255月2025 13:35:31.328] [main/DEBUG] [com.tterrag.registrate.AbstractRegistrate/REGISTRATE.REGISTER]: Registered youkaishomecoming:saidi_tea to registry minecraft:item
[255月2025 13:35:31.328] [main/DEBUG] [com.tterrag.registrate.AbstractRegistrate/REGISTRATE.REGISTER]: Registered youkaishomecoming:sakura_honey_tea to registry minecraft:item
[255月2025 13:35:31.328] [main/DEBUG] [com.tterrag.registrate.AbstractRegistrate/REGISTRATE.REGISTER]: Registered youkaishomecoming:genmai_tea to registry minecraft:item
[255月2025 13:35:31.328] [main/DEBUG] [com.tterrag.registrate.AbstractRegistrate/REGISTRATE.REGISTER]: Registered youkaishomecoming:scarlet_tea to registry minecraft:item
[255月2025 13:35:31.328] [main/DEBUG] [com.tterrag.registrate.AbstractRegistrate/REGISTRATE.REGISTER]: Registered youkaishomecoming:green_water to registry minecraft:item
[255月2025 13:35:31.328] [main/DEBUG] [com.tterrag.registrate.AbstractRegistrate/REGISTRATE.REGISTER]: Registered youkaishomecoming:apaki to registry minecraft:item
[255月2025 13:35:31.328] [main/DEBUG] [com.tterrag.registrate.AbstractRegistrate/REGISTRATE.REGISTER]: Registered youkaishomecoming:avgolemono to registry minecraft:item
[255月2025 13:35:31.329] [main/DEBUG] [com.tterrag.registrate.AbstractRegistrate/REGISTRATE.REGISTER]: Registered youkaishomecoming:blazing_red_curry to registry minecraft:item
[255月2025 13:35:31.329] [main/DEBUG] [com.tterrag.registrate.AbstractRegistrate/REGISTRATE.REGISTER]: Registered youkaishomecoming:grilled_eel_over_rice to registry minecraft:item
[255月2025 13:35:31.329] [main/DEBUG] [com.tterrag.registrate.AbstractRegistrate/REGISTRATE.REGISTER]: Registered youkaishomecoming:higan_soup to registry minecraft:item
[255月2025 13:35:31.329] [main/DEBUG] [com.tterrag.registrate.AbstractRegistrate/REGISTRATE.REGISTER]: Registered youkaishomecoming:longevity_noodles to registry minecraft:item
[255月2025 13:35:31.329] [main/DEBUG] [com.tterrag.registrate.AbstractRegistrate/REGISTRATE.REGISTER]: Registered youkaishomecoming:miso_soup to registry minecraft:item
[255月2025 13:35:31.329] [main/DEBUG] [com.tterrag.registrate.AbstractRegistrate/REGISTRATE.REGISTER]: Registered youkaishomecoming:seafood_miso_soup to registry minecraft:item
[255月2025 13:35:31.329] [main/DEBUG] [com.tterrag.registrate.AbstractRegistrate/REGISTRATE.REGISTER]: Registered youkaishomecoming:poor_god_soup to registry minecraft:item
[255月2025 13:35:31.329] [main/DEBUG] [com.tterrag.registrate.AbstractRegistrate/REGISTRATE.REGISTER]: Registered youkaishomecoming:power_soup to registry minecraft:item
[255月2025 13:35:31.329] [main/DEBUG] [com.tterrag.registrate.AbstractRegistrate/REGISTRATE.REGISTER]: Registered youkaishomecoming:shirayuki to registry minecraft:item
[255月2025 13:35:31.329] [main/DEBUG] [com.tterrag.registrate.AbstractRegistrate/REGISTRATE.REGISTER]: Registered youkaishomecoming:sweet_ormosia_mochi_mixed_boiled to registry minecraft:item
[255月2025 13:35:31.329] [main/DEBUG] [com.tterrag.registrate.AbstractRegistrate/REGISTRATE.REGISTER]: Registered youkaishomecoming:tuscan_salmon to registry minecraft:item
[255月2025 13:35:31.329] [main/DEBUG] [com.tterrag.registrate.AbstractRegistrate/REGISTRATE.REGISTER]: Registered youkaishomecoming:mushroom_soup to registry minecraft:item
[255月2025 13:35:31.329] [main/DEBUG] [com.tterrag.registrate.AbstractRegistrate/REGISTRATE.REGISTER]: Registered youkaishomecoming:lions_head to registry minecraft:item
[255月2025 13:35:31.329] [main/DEBUG] [com.tterrag.registrate.AbstractRegistrate/REGISTRATE.REGISTER]: Registered youkaishomecoming:mapo_tofu to registry minecraft:item
[255月2025 13:35:31.329] [main/DEBUG] [com.tterrag.registrate.AbstractRegistrate/REGISTRATE.REGISTER]: Registered youkaishomecoming:udumbara_cake to registry minecraft:item
[255月2025 13:35:31.329] [main/DEBUG] [com.tterrag.registrate.AbstractRegistrate/REGISTRATE.REGISTER]: Registered youkaishomecoming:bowl_of_heart_throbbing_surprise to registry minecraft:item
[255月2025 13:35:31.329] [main/DEBUG] [com.tterrag.registrate.AbstractRegistrate/REGISTRATE.REGISTER]: Registered youkaishomecoming:flesh_dumplings to registry minecraft:item
[255月2025 13:35:31.329] [main/DEBUG] [com.tterrag.registrate.AbstractRegistrate/REGISTRATE.REGISTER]: Registered youkaishomecoming:flesh_roll to registry minecraft:item
[255月2025 13:35:31.329] [main/DEBUG] [com.tterrag.registrate.AbstractRegistrate/REGISTRATE.REGISTER]: Registered youkaishomecoming:canned_flesh to registry minecraft:item
[255月2025 13:35:31.329] [main/DEBUG] [com.tterrag.registrate.AbstractRegistrate/REGISTRATE.REGISTER]: Registered youkaishomecoming:flesh_stew to registry minecraft:item
[255月2025 13:35:31.329] [main/DEBUG] [com.tterrag.registrate.AbstractRegistrate/REGISTRATE.REGISTER]: Registered youkaishomecoming:bowl_of_flesh_feast to registry minecraft:item
[255月2025 13:35:31.330] [main/DEBUG] [com.tterrag.registrate.AbstractRegistrate/REGISTRATE.REGISTER]: Registered youkaishomecoming:flesh_chocolate_mousse to registry minecraft:item
[255月2025 13:35:31.330] [main/DEBUG] [com.tterrag.registrate.AbstractRegistrate/REGISTRATE.REGISTER]: Registered youkaishomecoming:scarlet_devil_cake to registry minecraft:item
[255月2025 13:35:31.330] [main/DEBUG] [com.tterrag.registrate.AbstractRegistrate/REGISTRATE.REGISTER]: Registered youkaishomecoming:chest_of_heart_throbbing_surprise to registry minecraft:item
[255月2025 13:35:31.330] [main/DEBUG] [com.tterrag.registrate.AbstractRegistrate/REGISTRATE.REGISTER]: Registered youkaishomecoming:raw_flesh_feast to registry minecraft:item
[255月2025 13:35:31.330] [main/DEBUG] [com.tterrag.registrate.AbstractRegistrate/REGISTRATE.REGISTER]: Registered youkaishomecoming:flesh_feast to registry minecraft:item
[255月2025 13:35:31.330] [main/DEBUG] [com.tterrag.registrate.AbstractRegistrate/REGISTRATE.REGISTER]: Registered youkaishomecoming:red_velvet_cake_slice to registry minecraft:item
[255月2025 13:35:31.330] [main/DEBUG] [com.tterrag.registrate.AbstractRegistrate/REGISTRATE.REGISTER]: Registered youkaishomecoming:red_velvet_cake to registry minecraft:item
[255月2025 13:35:31.330] [main/DEBUG] [com.tterrag.registrate.AbstractRegistrate/REGISTRATE.REGISTER]: Registered youkaishomecoming:tarte_lune_slice to registry minecraft:item
[255月2025 13:35:31.330] [main/DEBUG] [com.tterrag.registrate.AbstractRegistrate/REGISTRATE.REGISTER]: Registered youkaishomecoming:tarte_lune to registry minecraft:item
[255月2025 13:35:31.330] [main/DEBUG] [com.tterrag.registrate.AbstractRegistrate/REGISTRATE.REGISTER]: Registered youkaishomecoming:clay_saucer to registry minecraft:item
[255月2025 13:35:31.330] [main/DEBUG] [com.tterrag.registrate.AbstractRegistrate/REGISTRATE.REGISTER]: Registered youkaishomecoming:saucer to registry minecraft:item
[255月2025 13:35:31.330] [main/DEBUG] [com.tterrag.registrate.AbstractRegistrate/REGISTRATE.REGISTER]: Registered youkaishomecoming:bamboo_mizuyokan to registry minecraft:item
[255月2025 13:35:31.330] [main/DEBUG] [com.tterrag.registrate.AbstractRegistrate/REGISTRATE.REGISTER]: Registered youkaishomecoming:dried_fish to registry minecraft:item
[255月2025 13:35:31.330] [main/DEBUG] [com.tterrag.registrate.AbstractRegistrate/REGISTRATE.REGISTER]: Registered youkaishomecoming:imitation_bear_paw to registry minecraft:item
[255月2025 13:35:31.330] [main/DEBUG] [com.tterrag.registrate.AbstractRegistrate/REGISTRATE.REGISTER]: Registered youkaishomecoming:pastitsio to registry minecraft:item
[255月2025 13:35:31.330] [main/DEBUG] [com.tterrag.registrate.AbstractRegistrate/REGISTRATE.REGISTER]: Registered youkaishomecoming:sauce_grilled_fish to registry minecraft:item
[255月2025 13:35:31.330] [main/DEBUG] [com.tterrag.registrate.AbstractRegistrate/REGISTRATE.REGISTER]: Registered youkaishomecoming:stinky_tofu to registry minecraft:item
[255月2025 13:35:31.330] [main/DEBUG] [com.tterrag.registrate.AbstractRegistrate/REGISTRATE.REGISTER]: Registered youkaishomecoming:tofu_burger to registry minecraft:item
[255月2025 13:35:31.330] [main/DEBUG] [com.tterrag.registrate.AbstractRegistrate/REGISTRATE.REGISTER]: Registered youkaishomecoming:blood_curd to registry minecraft:item
[255月2025 13:35:31.330] [main/DEBUG] [com.tterrag.registrate.AbstractRegistrate/REGISTRATE.REGISTER]: Registered youkaishomecoming:seven_colored_yokan to registry minecraft:item
[255月2025 13:35:31.330] [main/DEBUG] [com.tterrag.registrate.AbstractRegistrate/REGISTRATE.REGISTER]: Registered youkaishomecoming:espresso to registry minecraft:item
[255月2025 13:35:31.330] [main/DEBUG] [com.tterrag.registrate.AbstractRegistrate/REGISTRATE.REGISTER]: Registered youkaishomecoming:americano to registry minecraft:item
[255月2025 13:35:31.330] [main/DEBUG] [com.tterrag.registrate.AbstractRegistrate/REGISTRATE.REGISTER]: Registered youkaishomecoming:ristretto to registry minecraft:item
[255月2025 13:35:31.330] [main/DEBUG] [com.tterrag.registrate.AbstractRegistrate/REGISTRATE.REGISTER]: Registered youkaishomecoming:latte to registry minecraft:item
[255月2025 13:35:31.330] [main/DEBUG] [com.tterrag.registrate.AbstractRegistrate/REGISTRATE.REGISTER]: Registered youkaishomecoming:affogato to registry minecraft:item
[255月2025 13:35:31.330] [main/DEBUG] [com.tterrag.registrate.AbstractRegistrate/REGISTRATE.REGISTER]: Registered youkaishomecoming:con_panna to registry minecraft:item
[255月2025 13:35:31.331] [main/DEBUG] [com.tterrag.registrate.AbstractRegistrate/REGISTRATE.REGISTER]: Registered youkaishomecoming:cappuccino to registry minecraft:item
[255月2025 13:35:31.331] [main/DEBUG] [com.tterrag.registrate.AbstractRegistrate/REGISTRATE.REGISTER]: Registered youkaishomecoming:macchiato to registry minecraft:item
[255月2025 13:35:31.331] [main/DEBUG] [com.tterrag.registrate.AbstractRegistrate/REGISTRATE.REGISTER]: Registered youkaishomecoming:mocha to registry minecraft:item
[255月2025 13:35:31.331] [main/DEBUG] [com.tterrag.registrate.AbstractRegistrate/REGISTRATE.REGISTER]: Registered youkaishomecoming:mio to registry minecraft:item
[255月2025 13:35:31.331] [main/DEBUG] [com.tterrag.registrate.AbstractRegistrate/REGISTRATE.REGISTER]: Registered youkaishomecoming:mead to registry minecraft:item
[255月2025 13:35:31.331] [main/DEBUG] [com.tterrag.registrate.AbstractRegistrate/REGISTRATE.REGISTER]: Registered youkaishomecoming:sparrow_sake to registry minecraft:item
[255月2025 13:35:31.331] [main/DEBUG] [com.tterrag.registrate.AbstractRegistrate/REGISTRATE.REGISTER]: Registered youkaishomecoming:daiginjo to registry minecraft:item
[255月2025 13:35:31.331] [main/DEBUG] [com.tterrag.registrate.AbstractRegistrate/REGISTRATE.REGISTER]: Registered youkaishomecoming:dassai to registry minecraft:item
[255月2025 13:35:31.331] [main/DEBUG] [com.tterrag.registrate.AbstractRegistrate/REGISTRATE.REGISTER]: Registered youkaishomecoming:tengu_tango to registry minecraft:item
[255月2025 13:35:31.331] [main/DEBUG] [com.tterrag.registrate.AbstractRegistrate/REGISTRATE.REGISTER]: Registered youkaishomecoming:full_moons_eve to registry minecraft:item
[255月2025 13:35:31.331] [main/DEBUG] [com.tterrag.registrate.AbstractRegistrate/REGISTRATE.REGISTER]: Registered youkaishomecoming:scarlet_mist to registry minecraft:item
[255月2025 13:35:31.331] [main/DEBUG] [com.tterrag.registrate.AbstractRegistrate/REGISTRATE.REGISTER]: Registered youkaishomecoming:wind_priestesses to registry minecraft:item
[255月2025 13:35:31.331] [main/DEBUG] [com.tterrag.registrate.AbstractRegistrate/REGISTRATE.REGISTER]: Registered youkaishomecoming:lamprey_bucket to registry minecraft:item
[255月2025 13:35:31.331] [main/DEBUG] [com.tterrag.registrate.AbstractRegistrate/REGISTRATE.REGISTER]: Registered youkaishomecoming:moka_pot to registry minecraft:item
[255月2025 13:35:31.331] [main/DEBUG] [com.tterrag.registrate.AbstractRegistrate/REGISTRATE.REGISTER]: Registered youkaishomecoming:kettle to registry minecraft:item
[255月2025 13:35:31.331] [main/DEBUG] [com.tterrag.registrate.AbstractRegistrate/REGISTRATE.REGISTER]: Registered youkaishomecoming:drying_rack to registry minecraft:item
[255月2025 13:35:31.331] [main/DEBUG] [com.tterrag.registrate.AbstractRegistrate/REGISTRATE.REGISTER]: Registered youkaishomecoming:fermentation_tank to registry minecraft:item
[255月2025 13:35:31.331] [main/DEBUG] [com.tterrag.registrate.AbstractRegistrate/REGISTRATE.REGISTER]: Registered youkaishomecoming:donation_box to registry minecraft:item
[255月2025 13:35:31.331] [main/DEBUG] [com.tterrag.registrate.AbstractRegistrate/REGISTRATE.REGISTER]: Registered youkaishomecoming:moka_kit to registry minecraft:item
[255月2025 13:35:31.331] [main/DEBUG] [com.tterrag.registrate.AbstractRegistrate/REGISTRATE.REGISTER]: Registered youkaishomecoming:moon_lantern to registry minecraft:item
[255月2025 13:35:31.331] [main/DEBUG] [com.tterrag.registrate.AbstractRegistrate/REGISTRATE.REGISTER]: Registered youkaishomecoming:sikkui to registry minecraft:item
[255月2025 13:35:31.331] [main/DEBUG] [com.tterrag.registrate.AbstractRegistrate/REGISTRATE.REGISTER]: Registered youkaishomecoming:sikkui_trap_door to registry minecraft:item
[255月2025 13:35:31.331] [main/DEBUG] [com.tterrag.registrate.AbstractRegistrate/REGISTRATE.REGISTER]: Registered youkaishomecoming:sikkui_stairs to registry minecraft:item
[255月2025 13:35:31.331] [main/DEBUG] [com.tterrag.registrate.AbstractRegistrate/REGISTRATE.REGISTER]: Registered youkaishomecoming:sikkui_slab to registry minecraft:item
[255月2025 13:35:31.331] [main/DEBUG] [com.tterrag.registrate.AbstractRegistrate/REGISTRATE.REGISTER]: Registered youkaishomecoming:sikkui_vertical_slab to registry minecraft:item
[255月2025 13:35:31.331] [main/DEBUG] [com.tterrag.registrate.AbstractRegistrate/REGISTRATE.REGISTER]: Registered youkaishomecoming:framed_sikkui to registry minecraft:item
[255月2025 13:35:31.331] [main/DEBUG] [com.tterrag.registrate.AbstractRegistrate/REGISTRATE.REGISTER]: Registered youkaishomecoming:framed_sikkui_trap_door to registry minecraft:item
[255月2025 13:35:31.332] [main/DEBUG] [com.tterrag.registrate.AbstractRegistrate/REGISTRATE.REGISTER]: Registered youkaishomecoming:cross_framed_sikkui to registry minecraft:item
[255月2025 13:35:31.332] [main/DEBUG] [com.tterrag.registrate.AbstractRegistrate/REGISTRATE.REGISTER]: Registered youkaishomecoming:cross_framed_sikkui_trap_door to registry minecraft:item
[255月2025 13:35:31.332] [main/DEBUG] [com.tterrag.registrate.AbstractRegistrate/REGISTRATE.REGISTER]: Registered youkaishomecoming:cross_framed_sikkui_stairs to registry minecraft:item
[255月2025 13:35:31.332] [main/DEBUG] [com.tterrag.registrate.AbstractRegistrate/REGISTRATE.REGISTER]: Registered youkaishomecoming:cross_framed_sikkui_slab to registry minecraft:item
[255月2025 13:35:31.332] [main/DEBUG] [com.tterrag.registrate.AbstractRegistrate/REGISTRATE.REGISTER]: Registered youkaishomecoming:cross_framed_sikkui_vertical_slab to registry minecraft:item
[255月2025 13:35:31.332] [main/DEBUG] [com.tterrag.registrate.AbstractRegistrate/REGISTRATE.REGISTER]: Registered youkaishomecoming:grid_framed_sikkui to registry minecraft:item
[255月2025 13:35:31.332] [main/DEBUG] [com.tterrag.registrate.AbstractRegistrate/REGISTRATE.REGISTER]: Registered youkaishomecoming:grid_framed_sikkui_trap_door to registry minecraft:item
[255月2025 13:35:31.332] [main/DEBUG] [com.tterrag.registrate.AbstractRegistrate/REGISTRATE.REGISTER]: Registered youkaishomecoming:fine_grid_framed_sikkui to registry minecraft:item
[255月2025 13:35:31.332] [main/DEBUG] [com.tterrag.registrate.AbstractRegistrate/REGISTRATE.REGISTER]: Registered youkaishomecoming:fine_grid_framed_sikkui_trap_door to registry minecraft:item
[255月2025 13:35:31.332] [main/DEBUG] [com.tterrag.registrate.AbstractRegistrate/REGISTRATE.REGISTER]: Registered youkaishomecoming:fine_grid_framed_shoji to registry minecraft:item
[255月2025 13:35:31.332] [main/DEBUG] [com.tterrag.registrate.AbstractRegistrate/REGISTRATE.REGISTER]: Registered youkaishomecoming:hay_stairs to registry minecraft:item
[255月2025 13:35:31.332] [main/DEBUG] [com.tterrag.registrate.AbstractRegistrate/REGISTRATE.REGISTER]: Registered youkaishomecoming:hay_slab to registry minecraft:item
[255月2025 13:35:31.332] [main/DEBUG] [com.tterrag.registrate.AbstractRegistrate/REGISTRATE.REGISTER]: Registered youkaishomecoming:hay_trap_door to registry minecraft:item
[255月2025 13:35:31.332] [main/DEBUG] [com.tterrag.registrate.AbstractRegistrate/REGISTRATE.REGISTER]: Registered youkaishomecoming:hay_vertical_slab to registry minecraft:item
[255月2025 13:35:31.332] [main/DEBUG] [com.tterrag.registrate.AbstractRegistrate/REGISTRATE.REGISTER]: Registered youkaishomecoming:straw_stairs to registry minecraft:item
[255月2025 13:35:31.332] [main/DEBUG] [com.tterrag.registrate.AbstractRegistrate/REGISTRATE.REGISTER]: Registered youkaishomecoming:straw_slab to registry minecraft:item
[255月2025 13:35:31.332] [main/DEBUG] [com.tterrag.registrate.AbstractRegistrate/REGISTRATE.REGISTER]: Registered youkaishomecoming:straw_trap_door to registry minecraft:item
[255月2025 13:35:31.332] [main/DEBUG] [com.tterrag.registrate.AbstractRegistrate/REGISTRATE.REGISTER]: Registered youkaishomecoming:straw_vertical_slab to registry minecraft:item
[255月2025 13:35:31.332] [main/DEBUG] [com.tterrag.registrate.AbstractRegistrate/REGISTRATE.REGISTER]: Registered youkaishomecoming:oak_handrail to registry minecraft:item
[255月2025 13:35:31.332] [main/DEBUG] [com.tterrag.registrate.AbstractRegistrate/REGISTRATE.REGISTER]: Registered youkaishomecoming:oak_dining_table to registry minecraft:item
[255月2025 13:35:31.332] [main/DEBUG] [com.tterrag.registrate.AbstractRegistrate/REGISTRATE.REGISTER]: Registered youkaishomecoming:oak_dining_chair to registry minecraft:item
[255月2025 13:35:31.332] [main/DEBUG] [com.tterrag.registrate.AbstractRegistrate/REGISTRATE.REGISTER]: Registered youkaishomecoming:birch_handrail to registry minecraft:item
[255月2025 13:35:31.332] [main/DEBUG] [com.tterrag.registrate.AbstractRegistrate/REGISTRATE.REGISTER]: Registered youkaishomecoming:birch_dining_table to registry minecraft:item
[255月2025 13:35:31.332] [main/DEBUG] [com.tterrag.registrate.AbstractRegistrate/REGISTRATE.REGISTER]: Registered youkaishomecoming:birch_dining_chair to registry minecraft:item
[255月2025 13:35:31.332] [main/DEBUG] [com.tterrag.registrate.AbstractRegistrate/REGISTRATE.REGISTER]: Registered youkaishomecoming:spruce_handrail to registry minecraft:item
[255月2025 13:35:31.332] [main/DEBUG] [com.tterrag.registrate.AbstractRegistrate/REGISTRATE.REGISTER]: Registered youkaishomecoming:spruce_dining_table to registry minecraft:item
[255月2025 13:35:31.332] [main/DEBUG] [com.tterrag.registrate.AbstractRegistrate/REGISTRATE.REGISTER]: Registered youkaishomecoming:spruce_dining_chair to registry minecraft:item
[255月2025 13:35:31.332] [main/DEBUG] [com.tterrag.registrate.AbstractRegistrate/REGISTRATE.REGISTER]: Registered youkaishomecoming:jungle_handrail to registry minecraft:item
[255月2025 13:35:31.332] [main/DEBUG] [com.tterrag.registrate.AbstractRegistrate/REGISTRATE.REGISTER]: Registered youkaishomecoming:jungle_dining_table to registry minecraft:item
[255月2025 13:35:31.332] [main/DEBUG] [com.tterrag.registrate.AbstractRegistrate/REGISTRATE.REGISTER]: Registered youkaishomecoming:jungle_dining_chair to registry minecraft:item
[255月2025 13:35:31.332] [main/DEBUG] [com.tterrag.registrate.AbstractRegistrate/REGISTRATE.REGISTER]: Registered youkaishomecoming:dark_oak_handrail to registry minecraft:item
[255月2025 13:35:31.332] [main/DEBUG] [com.tterrag.registrate.AbstractRegistrate/REGISTRATE.REGISTER]: Registered youkaishomecoming:dark_oak_dining_table to registry minecraft:item
[255月2025 13:35:31.332] [main/DEBUG] [com.tterrag.registrate.AbstractRegistrate/REGISTRATE.REGISTER]: Registered youkaishomecoming:dark_oak_dining_chair to registry minecraft:item
[255月2025 13:35:31.332] [main/DEBUG] [com.tterrag.registrate.AbstractRegistrate/REGISTRATE.REGISTER]: Registered youkaishomecoming:acacia_handrail to registry minecraft:item
[255月2025 13:35:31.332] [main/DEBUG] [com.tterrag.registrate.AbstractRegistrate/REGISTRATE.REGISTER]: Registered youkaishomecoming:acacia_dining_table to registry minecraft:item
[255月2025 13:35:31.332] [main/DEBUG] [com.tterrag.registrate.AbstractRegistrate/REGISTRATE.REGISTER]: Registered youkaishomecoming:acacia_dining_chair to registry minecraft:item
[255月2025 13:35:31.332] [main/DEBUG] [com.tterrag.registrate.AbstractRegistrate/REGISTRATE.REGISTER]: Registered youkaishomecoming:crimson_handrail to registry minecraft:item
[255月2025 13:35:31.332] [main/DEBUG] [com.tterrag.registrate.AbstractRegistrate/REGISTRATE.REGISTER]: Registered youkaishomecoming:crimson_dining_table to registry minecraft:item
[255月2025 13:35:31.332] [main/DEBUG] [com.tterrag.registrate.AbstractRegistrate/REGISTRATE.REGISTER]: Registered youkaishomecoming:crimson_dining_chair to registry minecraft:item
[255月2025 13:35:31.332] [main/DEBUG] [com.tterrag.registrate.AbstractRegistrate/REGISTRATE.REGISTER]: Registered youkaishomecoming:warped_handrail to registry minecraft:item
[255月2025 13:35:31.332] [main/DEBUG] [com.tterrag.registrate.AbstractRegistrate/REGISTRATE.REGISTER]: Registered youkaishomecoming:warped_dining_table to registry minecraft:item
[255月2025 13:35:31.332] [main/DEBUG] [com.tterrag.registrate.AbstractRegistrate/REGISTRATE.REGISTER]: Registered youkaishomecoming:warped_dining_chair to registry minecraft:item
[255月2025 13:35:31.332] [main/DEBUG] [com.tterrag.registrate.AbstractRegistrate/REGISTRATE.REGISTER]: Registered youkaishomecoming:mangrove_handrail to registry minecraft:item
[255月2025 13:35:31.332] [main/DEBUG] [com.tterrag.registrate.AbstractRegistrate/REGISTRATE.REGISTER]: Registered youkaishomecoming:mangrove_dining_table to registry minecraft:item
[255月2025 13:35:31.332] [main/DEBUG] [com.tterrag.registrate.AbstractRegistrate/REGISTRATE.REGISTER]: Registered youkaishomecoming:mangrove_dining_chair to registry minecraft:item
[255月2025 13:35:31.332] [main/DEBUG] [com.tterrag.registrate.AbstractRegistrate/REGISTRATE.REGISTER]: Registered youkaishomecoming:cherry_handrail to registry minecraft:item
[255月2025 13:35:31.332] [main/DEBUG] [com.tterrag.registrate.AbstractRegistrate/REGISTRATE.REGISTER]: Registered youkaishomecoming:cherry_dining_table to registry minecraft:item
[255月2025 13:35:31.332] [main/DEBUG] [com.tterrag.registrate.AbstractRegistrate/REGISTRATE.REGISTER]: Registered youkaishomecoming:cherry_dining_chair to registry minecraft:item
[255月2025 13:35:31.332] [main/DEBUG] [com.tterrag.registrate.AbstractRegistrate/REGISTRATE.REGISTER]: Registered youkaishomecoming:bamboo_handrail to registry minecraft:item
[255月2025 13:35:31.333] [main/DEBUG] [com.tterrag.registrate.AbstractRegistrate/REGISTRATE.REGISTER]: Registered youkaishomecoming:bamboo_dining_table to registry minecraft:item
[255月2025 13:35:31.333] [main/DEBUG] [com.tterrag.registrate.AbstractRegistrate/REGISTRATE.REGISTER]: Registered youkaishomecoming:bamboo_dining_chair to registry minecraft:item
[255月2025 13:35:31.333] [main/DEBUG] [com.tterrag.registrate.AbstractRegistrate/REGISTRATE.REGISTER]: Registered youkaishomecoming:white_circle_danmaku to registry minecraft:item
[255月2025 13:35:31.333] [main/DEBUG] [com.tterrag.registrate.AbstractRegistrate/REGISTRATE.REGISTER]: Registered youkaishomecoming:orange_circle_danmaku to registry minecraft:item
[255月2025 13:35:31.333] [main/DEBUG] [com.tterrag.registrate.AbstractRegistrate/REGISTRATE.REGISTER]: Registered youkaishomecoming:magenta_circle_danmaku to registry minecraft:item
[255月2025 13:35:31.333] [main/DEBUG] [com.tterrag.registrate.AbstractRegistrate/REGISTRATE.REGISTER]: Registered youkaishomecoming:light_blue_circle_danmaku to registry minecraft:item
[255月2025 13:35:31.333] [main/DEBUG] [com.tterrag.registrate.AbstractRegistrate/REGISTRATE.REGISTER]: Registered youkaishomecoming:yellow_circle_danmaku to registry minecraft:item
[255月2025 13:35:31.333] [main/DEBUG] [com.tterrag.registrate.AbstractRegistrate/REGISTRATE.REGISTER]: Registered youkaishomecoming:lime_circle_danmaku to registry minecraft:item
[255月2025 13:35:31.333] [main/DEBUG] [com.tterrag.registrate.AbstractRegistrate/REGISTRATE.REGISTER]: Registered youkaishomecoming:pink_circle_danmaku to registry minecraft:item
[255月2025 13:35:31.333] [main/DEBUG] [com.tterrag.registrate.AbstractRegistrate/REGISTRATE.REGISTER]: Registered youkaishomecoming:gray_circle_danmaku to registry minecraft:item
[255月2025 13:35:31.333] [main/DEBUG] [com.tterrag.registrate.AbstractRegistrate/REGISTRATE.REGISTER]: Registered youkaishomecoming:light_gray_circle_danmaku to registry minecraft:item
[255月2025 13:35:31.333] [main/DEBUG] [com.tterrag.registrate.AbstractRegistrate/REGISTRATE.REGISTER]: Registered youkaishomecoming:cyan_circle_danmaku to registry minecraft:item
[255月2025 13:35:31.333] [main/DEBUG] [com.tterrag.registrate.AbstractRegistrate/REGISTRATE.REGISTER]: Registered youkaishomecoming:purple_circle_danmaku to registry minecraft:item
[255月2025 13:35:31.333] [main/DEBUG] [com.tterrag.registrate.AbstractRegistrate/REGISTRATE.REGISTER]: Registered youkaishomecoming:blue_circle_danmaku to registry minecraft:item
[255月2025 13:35:31.333] [main/DEBUG] [com.tterrag.registrate.AbstractRegistrate/REGISTRATE.REGISTER]: Registered youkaishomecoming:brown_circle_danmaku to registry minecraft:item
[255月2025 13:35:31.333] [main/DEBUG] [com.tterrag.registrate.AbstractRegistrate/REGISTRATE.REGISTER]: Registered youkaishomecoming:green_circle_danmaku to registry minecraft:item
[255月2025 13:35:31.333] [main/DEBUG] [com.tterrag.registrate.AbstractRegistrate/REGISTRATE.REGISTER]: Registered youkaishomecoming:red_circle_danmaku to registry minecraft:item
[255月2025 13:35:31.333] [main/DEBUG] [com.tterrag.registrate.AbstractRegistrate/REGISTRATE.REGISTER]: Registered youkaishomecoming:black_circle_danmaku to registry minecraft:item
[255月2025 13:35:31.333] [main/DEBUG] [com.tterrag.registrate.AbstractRegistrate/REGISTRATE.REGISTER]: Registered youkaishomecoming:white_ball_danmaku to registry minecraft:item
[255月2025 13:35:31.333] [main/DEBUG] [com.tterrag.registrate.AbstractRegistrate/REGISTRATE.REGISTER]: Registered youkaishomecoming:orange_ball_danmaku to registry minecraft:item
[255月2025 13:35:31.333] [main/DEBUG] [com.tterrag.registrate.AbstractRegistrate/REGISTRATE.REGISTER]: Registered youkaishomecoming:magenta_ball_danmaku to registry minecraft:item
[255月2025 13:35:31.333] [main/DEBUG] [com.tterrag.registrate.AbstractRegistrate/REGISTRATE.REGISTER]: Registered youkaishomecoming:light_blue_ball_danmaku to registry minecraft:item
[255月2025 13:35:31.333] [main/DEBUG] [com.tterrag.registrate.AbstractRegistrate/REGISTRATE.REGISTER]: Registered youkaishomecoming:yellow_ball_danmaku to registry minecraft:item
[255月2025 13:35:31.333] [main/DEBUG] [com.tterrag.registrate.AbstractRegistrate/REGISTRATE.REGISTER]: Registered youkaishomecoming:lime_ball_danmaku to registry minecraft:item
[255月2025 13:35:31.333] [main/DEBUG] [com.tterrag.registrate.AbstractRegistrate/REGISTRATE.REGISTER]: Registered youkaishomecoming:pink_ball_danmaku to registry minecraft:item
[255月2025 13:35:31.333] [main/DEBUG] [com.tterrag.registrate.AbstractRegistrate/REGISTRATE.REGISTER]: Registered youkaishomecoming:gray_ball_danmaku to registry minecraft:item
[255月2025 13:35:31.333] [main/DEBUG] [com.tterrag.registrate.AbstractRegistrate/REGISTRATE.REGISTER]: Registered youkaishomecoming:light_gray_ball_danmaku to registry minecraft:item
[255月2025 13:35:31.333] [main/DEBUG] [com.tterrag.registrate.AbstractRegistrate/REGISTRATE.REGISTER]: Registered youkaishomecoming:cyan_ball_danmaku to registry minecraft:item
[255月2025 13:35:31.333] [main/DEBUG] [com.tterrag.registrate.AbstractRegistrate/REGISTRATE.REGISTER]: Registered youkaishomecoming:purple_ball_danmaku to registry minecraft:item
[255月2025 13:35:31.333] [main/DEBUG] [com.tterrag.registrate.AbstractRegistrate/REGISTRATE.REGISTER]: Registered youkaishomecoming:blue_ball_danmaku to registry minecraft:item
[255月2025 13:35:31.333] [main/DEBUG] [com.tterrag.registrate.AbstractRegistrate/REGISTRATE.REGISTER]: Registered youkaishomecoming:brown_ball_danmaku to registry minecraft:item
[255月2025 13:35:31.333] [main/DEBUG] [com.tterrag.registrate.AbstractRegistrate/REGISTRATE.REGISTER]: Registered youkaishomecoming:green_ball_danmaku to registry minecraft:item
[255月2025 13:35:31.333] [main/DEBUG] [com.tterrag.registrate.AbstractRegistrate/REGISTRATE.REGISTER]: Registered youkaishomecoming:red_ball_danmaku to registry minecraft:item
[255月2025 13:35:31.333] [main/DEBUG] [com.tterrag.registrate.AbstractRegistrate/REGISTRATE.REGISTER]: Registered youkaishomecoming:black_ball_danmaku to registry minecraft:item
[255月2025 13:35:31.333] [main/DEBUG] [com.tterrag.registrate.AbstractRegistrate/REGISTRATE.REGISTER]: Registered youkaishomecoming:white_mentos_danmaku to registry minecraft:item
[255月2025 13:35:31.334] [main/DEBUG] [com.tterrag.registrate.AbstractRegistrate/REGISTRATE.REGISTER]: Registered youkaishomecoming:orange_mentos_danmaku to registry minecraft:item
[255月2025 13:35:31.334] [main/DEBUG] [com.tterrag.registrate.AbstractRegistrate/REGISTRATE.REGISTER]: Registered youkaishomecoming:magenta_mentos_danmaku to registry minecraft:item
[255月2025 13:35:31.334] [main/DEBUG] [com.tterrag.registrate.AbstractRegistrate/REGISTRATE.REGISTER]: Registered youkaishomecoming:light_blue_mentos_danmaku to registry minecraft:item
[255月2025 13:35:31.334] [main/DEBUG] [com.tterrag.registrate.AbstractRegistrate/REGISTRATE.REGISTER]: Registered youkaishomecoming:yellow_mentos_danmaku to registry minecraft:item
[255月2025 13:35:31.334] [main/DEBUG] [com.tterrag.registrate.AbstractRegistrate/REGISTRATE.REGISTER]: Registered youkaishomecoming:lime_mentos_danmaku to registry minecraft:item
[255月2025 13:35:31.334] [main/DEBUG] [com.tterrag.registrate.AbstractRegistrate/REGISTRATE.REGISTER]: Registered youkaishomecoming:pink_mentos_danmaku to registry minecraft:item
[255月2025 13:35:31.334] [main/DEBUG] [com.tterrag.registrate.AbstractRegistrate/REGISTRATE.REGISTER]: Registered youkaishomecoming:gray_mentos_danmaku to registry minecraft:item
[255月2025 13:35:31.334] [main/DEBUG] [com.tterrag.registrate.AbstractRegistrate/REGISTRATE.REGISTER]: Registered youkaishomecoming:light_gray_mentos_danmaku to registry minecraft:item
[255月2025 13:35:31.334] [main/DEBUG] [com.tterrag.registrate.AbstractRegistrate/REGISTRATE.REGISTER]: Registered youkaishomecoming:cyan_mentos_danmaku to registry minecraft:item
[255月2025 13:35:31.334] [main/DEBUG] [com.tterrag.registrate.AbstractRegistrate/REGISTRATE.REGISTER]: Registered youkaishomecoming:purple_mentos_danmaku to registry minecraft:item
[255月2025 13:35:31.334] [main/DEBUG] [com.tterrag.registrate.AbstractRegistrate/REGISTRATE.REGISTER]: Registered youkaishomecoming:blue_mentos_danmaku to registry minecraft:item
[255月2025 13:35:31.334] [main/DEBUG] [com.tterrag.registrate.AbstractRegistrate/REGISTRATE.REGISTER]: Registered youkaishomecoming:brown_mentos_danmaku to registry minecraft:item
[255月2025 13:35:31.334] [main/DEBUG] [com.tterrag.registrate.AbstractRegistrate/REGISTRATE.REGISTER]: Registered youkaishomecoming:green_mentos_danmaku to registry minecraft:item
[255月2025 13:35:31.334] [main/DEBUG] [com.tterrag.registrate.AbstractRegistrate/REGISTRATE.REGISTER]: Registered youkaishomecoming:red_mentos_danmaku to registry minecraft:item
[255月2025 13:35:31.334] [main/DEBUG] [com.tterrag.registrate.AbstractRegistrate/REGISTRATE.REGISTER]: Registered youkaishomecoming:black_mentos_danmaku to registry minecraft:item
[255月2025 13:35:31.334] [main/DEBUG] [com.tterrag.registrate.AbstractRegistrate/REGISTRATE.REGISTER]: Registered youkaishomecoming:white_bubble_danmaku to registry minecraft:item
[255月2025 13:35:31.334] [main/DEBUG] [com.tterrag.registrate.AbstractRegistrate/REGISTRATE.REGISTER]: Registered youkaishomecoming:orange_bubble_danmaku to registry minecraft:item
[255月2025 13:35:31.334] [main/DEBUG] [com.tterrag.registrate.AbstractRegistrate/REGISTRATE.REGISTER]: Registered youkaishomecoming:magenta_bubble_danmaku to registry minecraft:item
[255月2025 13:35:31.334] [main/DEBUG] [com.tterrag.registrate.AbstractRegistrate/REGISTRATE.REGISTER]: Registered youkaishomecoming:light_blue_bubble_danmaku to registry minecraft:item
[255月2025 13:35:31.334] [main/DEBUG] [com.tterrag.registrate.AbstractRegistrate/REGISTRATE.REGISTER]: Registered youkaishomecoming:yellow_bubble_danmaku to registry minecraft:item
[255月2025 13:35:31.334] [main/DEBUG] [com.tterrag.registrate.AbstractRegistrate/REGISTRATE.REGISTER]: Registered youkaishomecoming:lime_bubble_danmaku to registry minecraft:item
[255月2025 13:35:31.334] [main/DEBUG] [com.tterrag.registrate.AbstractRegistrate/REGISTRATE.REGISTER]: Registered youkaishomecoming:pink_bubble_danmaku to registry minecraft:item
[255月2025 13:35:31.334] [main/DEBUG] [com.tterrag.registrate.AbstractRegistrate/REGISTRATE.REGISTER]: Registered youkaishomecoming:gray_bubble_danmaku to registry minecraft:item
[255月2025 13:35:31.334] [main/DEBUG] [com.tterrag.registrate.AbstractRegistrate/REGISTRATE.REGISTER]: Registered youkaishomecoming:light_gray_bubble_danmaku to registry minecraft:item
[255月2025 13:35:31.334] [main/DEBUG] [com.tterrag.registrate.AbstractRegistrate/REGISTRATE.REGISTER]: Registered youkaishomecoming:cyan_bubble_danmaku to registry minecraft:item
[255月2025 13:35:31.334] [main/DEBUG] [com.tterrag.registrate.AbstractRegistrate/REGISTRATE.REGISTER]: Registered youkaishomecoming:purple_bubble_danmaku to registry minecraft:item
[255月2025 13:35:31.334] [main/DEBUG] [com.tterrag.registrate.AbstractRegistrate/REGISTRATE.REGISTER]: Registered youkaishomecoming:blue_bubble_danmaku to registry minecraft:item
[255月2025 13:35:31.335] [main/DEBUG] [com.tterrag.registrate.AbstractRegistrate/REGISTRATE.REGISTER]: Registered youkaishomecoming:brown_bubble_danmaku to registry minecraft:item
[255月2025 13:35:31.335] [main/DEBUG] [com.tterrag.registrate.AbstractRegistrate/REGISTRATE.REGISTER]: Registered youkaishomecoming:green_bubble_danmaku to registry minecraft:item
[255月2025 13:35:31.335] [main/DEBUG] [com.tterrag.registrate.AbstractRegistrate/REGISTRATE.REGISTER]: Registered youkaishomecoming:red_bubble_danmaku to registry minecraft:item
[255月2025 13:35:31.335] [main/DEBUG] [com.tterrag.registrate.AbstractRegistrate/REGISTRATE.REGISTER]: Registered youkaishomecoming:black_bubble_danmaku to registry minecraft:item
[255月2025 13:35:31.335] [main/DEBUG] [com.tterrag.registrate.AbstractRegistrate/REGISTRATE.REGISTER]: Registered youkaishomecoming:white_butterfly_danmaku to registry minecraft:item
[255月2025 13:35:31.335] [main/DEBUG] [com.tterrag.registrate.AbstractRegistrate/REGISTRATE.REGISTER]: Registered youkaishomecoming:orange_butterfly_danmaku to registry minecraft:item
[255月2025 13:35:31.335] [main/DEBUG] [com.tterrag.registrate.AbstractRegistrate/REGISTRATE.REGISTER]: Registered youkaishomecoming:magenta_butterfly_danmaku to registry minecraft:item
[255月2025 13:35:31.335] [main/DEBUG] [com.tterrag.registrate.AbstractRegistrate/REGISTRATE.REGISTER]: Registered youkaishomecoming:light_blue_butterfly_danmaku to registry minecraft:item
[255月2025 13:35:31.335] [main/DEBUG] [com.tterrag.registrate.AbstractRegistrate/REGISTRATE.REGISTER]: Registered youkaishomecoming:yellow_butterfly_danmaku to registry minecraft:item
[255月2025 13:35:31.335] [main/DEBUG] [com.tterrag.registrate.AbstractRegistrate/REGISTRATE.REGISTER]: Registered youkaishomecoming:lime_butterfly_danmaku to registry minecraft:item
[255月2025 13:35:31.335] [main/DEBUG] [com.tterrag.registrate.AbstractRegistrate/REGISTRATE.REGISTER]: Registered youkaishomecoming:pink_butterfly_danmaku to registry minecraft:item
[255月2025 13:35:31.335] [main/DEBUG] [com.tterrag.registrate.AbstractRegistrate/REGISTRATE.REGISTER]: Registered youkaishomecoming:gray_butterfly_danmaku to registry minecraft:item
[255月2025 13:35:31.335] [main/DEBUG] [com.tterrag.registrate.AbstractRegistrate/REGISTRATE.REGISTER]: Registered youkaishomecoming:light_gray_butterfly_danmaku to registry minecraft:item
[255月2025 13:35:31.335] [main/DEBUG] [com.tterrag.registrate.AbstractRegistrate/REGISTRATE.REGISTER]: Registered youkaishomecoming:cyan_butterfly_danmaku to registry minecraft:item
[255月2025 13:35:31.335] [main/DEBUG] [com.tterrag.registrate.AbstractRegistrate/REGISTRATE.REGISTER]: Registered youkaishomecoming:purple_butterfly_danmaku to registry minecraft:item
[255月2025 13:35:31.335] [main/DEBUG] [com.tterrag.registrate.AbstractRegistrate/REGISTRATE.REGISTER]: Registered youkaishomecoming:blue_butterfly_danmaku to registry minecraft:item
[255月2025 13:35:31.335] [main/DEBUG] [com.tterrag.registrate.AbstractRegistrate/REGISTRATE.REGISTER]: Registered youkaishomecoming:brown_butterfly_danmaku to registry minecraft:item
[255月2025 13:35:31.335] [main/DEBUG] [com.tterrag.registrate.AbstractRegistrate/REGISTRATE.REGISTER]: Registered youkaishomecoming:green_butterfly_danmaku to registry minecraft:item
[255月2025 13:35:31.335] [main/DEBUG] [com.tterrag.registrate.AbstractRegistrate/REGISTRATE.REGISTER]: Registered youkaishomecoming:red_butterfly_danmaku to registry minecraft:item
[255月2025 13:35:31.335] [main/DEBUG] [com.tterrag.registrate.AbstractRegistrate/REGISTRATE.REGISTER]: Registered youkaishomecoming:black_butterfly_danmaku to registry minecraft:item
[255月2025 13:35:31.335] [main/DEBUG] [com.tterrag.registrate.AbstractRegistrate/REGISTRATE.REGISTER]: Registered youkaishomecoming:white_spark_danmaku to registry minecraft:item
[255月2025 13:35:31.335] [main/DEBUG] [com.tterrag.registrate.AbstractRegistrate/REGISTRATE.REGISTER]: Registered youkaishomecoming:orange_spark_danmaku to registry minecraft:item
[255月2025 13:35:31.335] [main/DEBUG] [com.tterrag.registrate.AbstractRegistrate/REGISTRATE.REGISTER]: Registered youkaishomecoming:magenta_spark_danmaku to registry minecraft:item
[255月2025 13:35:31.335] [main/DEBUG] [com.tterrag.registrate.AbstractRegistrate/REGISTRATE.REGISTER]: Registered youkaishomecoming:light_blue_spark_danmaku to registry minecraft:item
[255月2025 13:35:31.335] [main/DEBUG] [com.tterrag.registrate.AbstractRegistrate/REGISTRATE.REGISTER]: Registered youkaishomecoming:yellow_spark_danmaku to registry minecraft:item
[255月2025 13:35:31.335] [main/DEBUG] [com.tterrag.registrate.AbstractRegistrate/REGISTRATE.REGISTER]: Registered youkaishomecoming:lime_spark_danmaku to registry minecraft:item
[255月2025 13:35:31.335] [main/DEBUG] [com.tterrag.registrate.AbstractRegistrate/REGISTRATE.REGISTER]: Registered youkaishomecoming:pink_spark_danmaku to registry minecraft:item
[255月2025 13:35:31.335] [main/DEBUG] [com.tterrag.registrate.AbstractRegistrate/REGISTRATE.REGISTER]: Registered youkaishomecoming:gray_spark_danmaku to registry minecraft:item
[255月2025 13:35:31.335] [main/DEBUG] [com.tterrag.registrate.AbstractRegistrate/REGISTRATE.REGISTER]: Registered youkaishomecoming:light_gray_spark_danmaku to registry minecraft:item
[255月2025 13:35:31.335] [main/DEBUG] [com.tterrag.registrate.AbstractRegistrate/REGISTRATE.REGISTER]: Registered youkaishomecoming:cyan_spark_danmaku to registry minecraft:item
[255月2025 13:35:31.335] [main/DEBUG] [com.tterrag.registrate.AbstractRegistrate/REGISTRATE.REGISTER]: Registered youkaishomecoming:purple_spark_danmaku to registry minecraft:item
[255月2025 13:35:31.335] [main/DEBUG] [com.tterrag.registrate.AbstractRegistrate/REGISTRATE.REGISTER]: Registered youkaishomecoming:blue_spark_danmaku to registry minecraft:item
[255月2025 13:35:31.335] [main/DEBUG] [com.tterrag.registrate.AbstractRegistrate/REGISTRATE.REGISTER]: Registered youkaishomecoming:brown_spark_danmaku to registry minecraft:item
[255月2025 13:35:31.335] [main/DEBUG] [com.tterrag.registrate.AbstractRegistrate/REGISTRATE.REGISTER]: Registered youkaishomecoming:green_spark_danmaku to registry minecraft:item
[255月2025 13:35:31.335] [main/DEBUG] [com.tterrag.registrate.AbstractRegistrate/REGISTRATE.REGISTER]: Registered youkaishomecoming:red_spark_danmaku to registry minecraft:item
[255月2025 13:35:31.335] [main/DEBUG] [com.tterrag.registrate.AbstractRegistrate/REGISTRATE.REGISTER]: Registered youkaishomecoming:black_spark_danmaku to registry minecraft:item
[255月2025 13:35:31.336] [main/DEBUG] [com.tterrag.registrate.AbstractRegistrate/REGISTRATE.REGISTER]: Registered youkaishomecoming:white_star_danmaku to registry minecraft:item
[255月2025 13:35:31.336] [main/DEBUG] [com.tterrag.registrate.AbstractRegistrate/REGISTRATE.REGISTER]: Registered youkaishomecoming:orange_star_danmaku to registry minecraft:item
[255月2025 13:35:31.336] [main/DEBUG] [com.tterrag.registrate.AbstractRegistrate/REGISTRATE.REGISTER]: Registered youkaishomecoming:magenta_star_danmaku to registry minecraft:item
[255月2025 13:35:31.336] [main/DEBUG] [com.tterrag.registrate.AbstractRegistrate/REGISTRATE.REGISTER]: Registered youkaishomecoming:light_blue_star_danmaku to registry minecraft:item
[255月2025 13:35:31.336] [main/DEBUG] [com.tterrag.registrate.AbstractRegistrate/REGISTRATE.REGISTER]: Registered youkaishomecoming:yellow_star_danmaku to registry minecraft:item
[255月2025 13:35:31.336] [main/DEBUG] [com.tterrag.registrate.AbstractRegistrate/REGISTRATE.REGISTER]: Registered youkaishomecoming:lime_star_danmaku to registry minecraft:item
[255月2025 13:35:31.336] [main/DEBUG] [com.tterrag.registrate.AbstractRegistrate/REGISTRATE.REGISTER]: Registered youkaishomecoming:pink_star_danmaku to registry minecraft:item
[255月2025 13:35:31.336] [main/DEBUG] [com.tterrag.registrate.AbstractRegistrate/REGISTRATE.REGISTER]: Registered youkaishomecoming:gray_star_danmaku to registry minecraft:item
[255月2025 13:35:31.336] [main/DEBUG] [com.tterrag.registrate.AbstractRegistrate/REGISTRATE.REGISTER]: Registered youkaishomecoming:light_gray_star_danmaku to registry minecraft:item
[255月2025 13:35:31.336] [main/DEBUG] [com.tterrag.registrate.AbstractRegistrate/REGISTRATE.REGISTER]: Registered youkaishomecoming:cyan_star_danmaku to registry minecraft:item
[255月2025 13:35:31.336] [main/DEBUG] [com.tterrag.registrate.AbstractRegistrate/REGISTRATE.REGISTER]: Registered youkaishomecoming:purple_star_danmaku to registry minecraft:item
[255月2025 13:35:31.336] [main/DEBUG] [com.tterrag.registrate.AbstractRegistrate/REGISTRATE.REGISTER]: Registered youkaishomecoming:blue_star_danmaku to registry minecraft:item
[255月2025 13:35:31.336] [main/DEBUG] [com.tterrag.registrate.AbstractRegistrate/REGISTRATE.REGISTER]: Registered youkaishomecoming:brown_star_danmaku to registry minecraft:item
[255月2025 13:35:31.336] [main/DEBUG] [com.tterrag.registrate.AbstractRegistrate/REGISTRATE.REGISTER]: Registered youkaishomecoming:green_star_danmaku to registry minecraft:item
[255月2025 13:35:31.336] [main/DEBUG] [com.tterrag.registrate.AbstractRegistrate/REGISTRATE.REGISTER]: Registered youkaishomecoming:red_star_danmaku to registry minecraft:item
[255月2025 13:35:31.336] [main/DEBUG] [com.tterrag.registrate.AbstractRegistrate/REGISTRATE.REGISTER]: Registered youkaishomecoming:black_star_danmaku to registry minecraft:item
[255月2025 13:35:31.336] [main/DEBUG] [com.tterrag.registrate.AbstractRegistrate/REGISTRATE.REGISTER]: Registered youkaishomecoming:white_laser to registry minecraft:item
[255月2025 13:35:31.336] [main/DEBUG] [com.tterrag.registrate.AbstractRegistrate/REGISTRATE.REGISTER]: Registered youkaishomecoming:orange_laser to registry minecraft:item
[255月2025 13:35:31.336] [main/DEBUG] [com.tterrag.registrate.AbstractRegistrate/REGISTRATE.REGISTER]: Registered youkaishomecoming:magenta_laser to registry minecraft:item
[255月2025 13:35:31.336] [main/DEBUG] [com.tterrag.registrate.AbstractRegistrate/REGISTRATE.REGISTER]: Registered youkaishomecoming:light_blue_laser to registry minecraft:item
[255月2025 13:35:31.336] [main/DEBUG] [com.tterrag.registrate.AbstractRegistrate/REGISTRATE.REGISTER]: Registered youkaishomecoming:yellow_laser to registry minecraft:item
[255月2025 13:35:31.336] [main/DEBUG] [com.tterrag.registrate.AbstractRegistrate/REGISTRATE.REGISTER]: Registered youkaishomecoming:lime_laser to registry minecraft:item
[255月2025 13:35:31.336] [main/DEBUG] [com.tterrag.registrate.AbstractRegistrate/REGISTRATE.REGISTER]: Registered youkaishomecoming:pink_laser to registry minecraft:item
[255月2025 13:35:31.336] [main/DEBUG] [com.tterrag.registrate.AbstractRegistrate/REGISTRATE.REGISTER]: Registered youkaishomecoming:gray_laser to registry minecraft:item
[255月2025 13:35:31.336] [main/DEBUG] [com.tterrag.registrate.AbstractRegistrate/REGISTRATE.REGISTER]: Registered youkaishomecoming:light_gray_laser to registry minecraft:item
[255月2025 13:35:31.336] [main/DEBUG] [com.tterrag.registrate.AbstractRegistrate/REGISTRATE.REGISTER]: Registered youkaishomecoming:cyan_laser to registry minecraft:item
[255月2025 13:35:31.336] [main/DEBUG] [com.tterrag.registrate.AbstractRegistrate/REGISTRATE.REGISTER]: Registered youkaishomecoming:purple_laser to registry minecraft:item
[255月2025 13:35:31.336] [main/DEBUG] [com.tterrag.registrate.AbstractRegistrate/REGISTRATE.REGISTER]: Registered youkaishomecoming:blue_laser to registry minecraft:item
[255月2025 13:35:31.336] [main/DEBUG] [com.tterrag.registrate.AbstractRegistrate/REGISTRATE.REGISTER]: Registered youkaishomecoming:brown_laser to registry minecraft:item
[255月2025 13:35:31.336] [main/DEBUG] [com.tterrag.registrate.AbstractRegistrate/REGISTRATE.REGISTER]: Registered youkaishomecoming:green_laser to registry minecraft:item
[255月2025 13:35:31.336] [main/DEBUG] [com.tterrag.registrate.AbstractRegistrate/REGISTRATE.REGISTER]: Registered youkaishomecoming:red_laser to registry minecraft:item
[255月2025 13:35:31.336] [main/DEBUG] [com.tterrag.registrate.AbstractRegistrate/REGISTRATE.REGISTER]: Registered youkaishomecoming:black_laser to registry minecraft:item
[255月2025 13:35:31.337] [main/DEBUG] [com.tterrag.registrate.AbstractRegistrate/REGISTRATE.REGISTER]: Registered youkaishomecoming:lamprey_spawn_egg to registry minecraft:item
[255月2025 13:35:31.337] [main/DEBUG] [com.tterrag.registrate.AbstractRegistrate/REGISTRATE.REGISTER]: Registered youkaishomecoming:rumia_spawn_egg to registry minecraft:item
[255月2025 13:35:31.337] [main/DEBUG] [com.tterrag.registrate.AbstractRegistrate/REGISTRATE.REGISTER]: Registered youkaishomecoming:shrine_maiden_spawn_egg to registry minecraft:item
[255月2025 13:35:31.337] [main/DEBUG] [com.tterrag.registrate.AbstractRegistrate/REGISTRATE.REGISTER]: Registered youkaishomecoming:cirno_spawn_egg to registry minecraft:item
[255月2025 13:35:31.337] [main/DEBUG] [com.tterrag.registrate.AbstractRegistrate/REGISTRATE.REGISTER]: Registered youkaishomecoming:youkai_spawn_egg to registry minecraft:item
[255月2025 13:35:31.337] [main/DEBUG] [com.tterrag.registrate.AbstractRegistrate/REGISTRATE.REGISTER]: Registered youkaishomecoming:fairy_spawn_egg to registry minecraft:item
[255月2025 13:35:31.337] [main/DEBUG] [com.tterrag.registrate.AbstractRegistrate/REGISTRATE.REGISTER]: Registered youkaishomecoming:yukari_spawn_egg to registry minecraft:item
[255月2025 13:35:31.337] [main/DEBUG] [com.tterrag.registrate.AbstractRegistrate/REGISTRATE.REGISTER]: Registered youkaishomecoming:kochiya_sanae_spawn_egg to registry minecraft:item
[255月2025 13:35:31.337] [main/DEBUG] [com.tterrag.registrate.AbstractRegistrate/REGISTRATE.REGISTER]: Registered youkaishomecoming:kirisame_marisa_spawn_egg to registry minecraft:item
[255月2025 13:35:31.337] [main/DEBUG] [com.tterrag.registrate.AbstractRegistrate/REGISTRATE.REGISTER]: Registered youkaishomecoming:komeiji_koishi_spawn_egg to registry minecraft:item
[255月2025 13:35:31.337] [main/DEBUG] [com.tterrag.registrate.AbstractRegistrate/REGISTRATE.REGISTER]: Registered youkaishomecoming:mystia_lorelei_spawn_egg to registry minecraft:item
[255月2025 13:35:31.337] [main/DEBUG] [com.tterrag.registrate.AbstractRegistrate/REGISTRATE.REGISTER]: Registered youkaishomecoming:sunny_milk_spawn_egg to registry minecraft:item
[255月2025 13:35:31.337] [main/DEBUG] [com.tterrag.registrate.AbstractRegistrate/REGISTRATE.REGISTER]: Registered youkaishomecoming:luna_child_spawn_egg to registry minecraft:item
[255月2025 13:35:31.337] [main/DEBUG] [com.tterrag.registrate.AbstractRegistrate/REGISTRATE.REGISTER]: Registered youkaishomecoming:star_sapphire_spawn_egg to registry minecraft:item
[255月2025 13:35:31.380] [main/DEBUG] [com.tterrag.registrate.AbstractRegistrate/REGISTRATE.REGISTER]: (barbequesdelight) Registering 33 known objects of type minecraft:item
[255月2025 13:35:31.380] [main/DEBUG] [com.tterrag.registrate.AbstractRegistrate/REGISTRATE.REGISTER]: Registered barbequesdelight:grill to registry minecraft:item
[255月2025 13:35:31.380] [main/DEBUG] [com.tterrag.registrate.AbstractRegistrate/REGISTRATE.REGISTER]: Registered barbequesdelight:basin to registry minecraft:item
[255月2025 13:35:31.380] [main/DEBUG] [com.tterrag.registrate.AbstractRegistrate/REGISTRATE.REGISTER]: Registered barbequesdelight:tray to registry minecraft:item
[255月2025 13:35:31.380] [main/DEBUG] [com.tterrag.registrate.AbstractRegistrate/REGISTRATE.REGISTER]: Registered barbequesdelight:cumin_powder to registry minecraft:item
[255月2025 13:35:31.380] [main/DEBUG] [com.tterrag.registrate.AbstractRegistrate/REGISTRATE.REGISTER]: Registered barbequesdelight:pepper_powder to registry minecraft:item
[255月2025 13:35:31.380] [main/DEBUG] [com.tterrag.registrate.AbstractRegistrate/REGISTRATE.REGISTER]: Registered barbequesdelight:chili_powder to registry minecraft:item
[255月2025 13:35:31.380] [main/DEBUG] [com.tterrag.registrate.AbstractRegistrate/REGISTRATE.REGISTER]: Registered barbequesdelight:honey_mustard_sauce to registry minecraft:item
[255月2025 13:35:31.380] [main/DEBUG] [com.tterrag.registrate.AbstractRegistrate/REGISTRATE.REGISTER]: Registered barbequesdelight:buffalo_sauce to registry minecraft:item
[255月2025 13:35:31.380] [main/DEBUG] [com.tterrag.registrate.AbstractRegistrate/REGISTRATE.REGISTER]: Registered barbequesdelight:barbeque_sauce to registry minecraft:item
[255月2025 13:35:31.380] [main/DEBUG] [com.tterrag.registrate.AbstractRegistrate/REGISTRATE.REGISTER]: Registered barbequesdelight:raw_cod_skewer to registry minecraft:item
[255月2025 13:35:31.380] [main/DEBUG] [com.tterrag.registrate.AbstractRegistrate/REGISTRATE.REGISTER]: Registered barbequesdelight:grilled_cod_skewer to registry minecraft:item
[255月2025 13:35:31.380] [main/DEBUG] [com.tterrag.registrate.AbstractRegistrate/REGISTRATE.REGISTER]: Registered barbequesdelight:raw_salmon_skewer to registry minecraft:item
[255月2025 13:35:31.380] [main/DEBUG] [com.tterrag.registrate.AbstractRegistrate/REGISTRATE.REGISTER]: Registered barbequesdelight:grilled_salmon_skewer to registry minecraft:item
[255月2025 13:35:31.380] [main/DEBUG] [com.tterrag.registrate.AbstractRegistrate/REGISTRATE.REGISTER]: Registered barbequesdelight:raw_chicken_skewer to registry minecraft:item
[255月2025 13:35:31.380] [main/DEBUG] [com.tterrag.registrate.AbstractRegistrate/REGISTRATE.REGISTER]: Registered barbequesdelight:grilled_chicken_skewer to registry minecraft:item
[255月2025 13:35:31.380] [main/DEBUG] [com.tterrag.registrate.AbstractRegistrate/REGISTRATE.REGISTER]: Registered barbequesdelight:raw_mushroom_skewer to registry minecraft:item
[255月2025 13:35:31.380] [main/DEBUG] [com.tterrag.registrate.AbstractRegistrate/REGISTRATE.REGISTER]: Registered barbequesdelight:grilled_mushroom_skewer to registry minecraft:item
[255月2025 13:35:31.380] [main/DEBUG] [com.tterrag.registrate.AbstractRegistrate/REGISTRATE.REGISTER]: Registered barbequesdelight:raw_beef_skewer to registry minecraft:item
[255月2025 13:35:31.380] [main/DEBUG] [com.tterrag.registrate.AbstractRegistrate/REGISTRATE.REGISTER]: Registered barbequesdelight:grilled_beef_skewer to registry minecraft:item
[255月2025 13:35:31.380] [main/DEBUG] [com.tterrag.registrate.AbstractRegistrate/REGISTRATE.REGISTER]: Registered barbequesdelight:raw_lamb_skewer to registry minecraft:item
[255月2025 13:35:31.380] [main/DEBUG] [com.tterrag.registrate.AbstractRegistrate/REGISTRATE.REGISTER]: Registered barbequesdelight:grilled_lamb_skewer to registry minecraft:item
[255月2025 13:35:31.380] [main/DEBUG] [com.tterrag.registrate.AbstractRegistrate/REGISTRATE.REGISTER]: Registered barbequesdelight:raw_rabbit_skewer to registry minecraft:item
[255月2025 13:35:31.380] [main/DEBUG] [com.tterrag.registrate.AbstractRegistrate/REGISTRATE.REGISTER]: Registered barbequesdelight:grilled_rabbit_skewer to registry minecraft:item
[255月2025 13:35:31.381] [main/DEBUG] [com.tterrag.registrate.AbstractRegistrate/REGISTRATE.REGISTER]: Registered barbequesdelight:raw_pork_sausage_skewer to registry minecraft:item
[255月2025 13:35:31.381] [main/DEBUG] [com.tterrag.registrate.AbstractRegistrate/REGISTRATE.REGISTER]: Registered barbequesdelight:grilled_pork_sausage_skewer to registry minecraft:item
[255月2025 13:35:31.381] [main/DEBUG] [com.tterrag.registrate.AbstractRegistrate/REGISTRATE.REGISTER]: Registered barbequesdelight:raw_potato_skewer to registry minecraft:item
[255月2025 13:35:31.381] [main/DEBUG] [com.tterrag.registrate.AbstractRegistrate/REGISTRATE.REGISTER]: Registered barbequesdelight:grilled_potato_skewer to registry minecraft:item
[255月2025 13:35:31.381] [main/DEBUG] [com.tterrag.registrate.AbstractRegistrate/REGISTRATE.REGISTER]: Registered barbequesdelight:raw_vegetable_skewer to registry minecraft:item
[255月2025 13:35:31.381] [main/DEBUG] [com.tterrag.registrate.AbstractRegistrate/REGISTRATE.REGISTER]: Registered barbequesdelight:grilled_vegetable_skewer to registry minecraft:item
[255月2025 13:35:31.381] [main/DEBUG] [com.tterrag.registrate.AbstractRegistrate/REGISTRATE.REGISTER]: Registered barbequesdelight:burnt_skewer to registry minecraft:item
[255月2025 13:35:31.381] [main/DEBUG] [com.tterrag.registrate.AbstractRegistrate/REGISTRATE.REGISTER]: Registered barbequesdelight:kebab_wrap to registry minecraft:item
[255月2025 13:35:31.381] [main/DEBUG] [com.tterrag.registrate.AbstractRegistrate/REGISTRATE.REGISTER]: Registered barbequesdelight:kebab_sandwich to registry minecraft:item
[255月2025 13:35:31.381] [main/DEBUG] [com.tterrag.registrate.AbstractRegistrate/REGISTRATE.REGISTER]: Registered barbequesdelight:bibimbap to registry minecraft:item
[255月2025 13:35:31.384] [main/DEBUG] [com.sammy.minersdelight.repack.registrate.AbstractRegistrate/REGISTRATE.REGISTER]: Registering 57 known objects of type minecraft:item
[255月2025 13:35:31.384] [main/DEBUG] [com.sammy.minersdelight.repack.registrate.AbstractRegistrate/REGISTRATE.REGISTER]: Registered miners_delight:copper_pot to registry ResourceKey[minecraft:root / minecraft:item]
[255月2025 13:35:31.384] [main/DEBUG] [com.sammy.minersdelight.repack.registrate.AbstractRegistrate/REGISTRATE.REGISTER]: Registered miners_delight:sticky_basket to registry ResourceKey[minecraft:root / minecraft:item]
[255月2025 13:35:31.384] [main/DEBUG] [com.sammy.minersdelight.repack.registrate.AbstractRegistrate/REGISTRATE.REGISTER]: Registered miners_delight:stuffed_squid to registry ResourceKey[minecraft:root / minecraft:item]
[255月2025 13:35:31.384] [main/DEBUG] [com.sammy.minersdelight.repack.registrate.AbstractRegistrate/REGISTRATE.REGISTER]: Registered miners_delight:wild_cave_carrots to registry ResourceKey[minecraft:root / minecraft:item]
[255月2025 13:35:31.384] [main/DEBUG] [com.sammy.minersdelight.repack.registrate.AbstractRegistrate/REGISTRATE.REGISTER]: Registered miners_delight:gossypium to registry ResourceKey[minecraft:root / minecraft:item]
[255月2025 13:35:31.384] [main/DEBUG] [com.sammy.minersdelight.repack.registrate.AbstractRegistrate/REGISTRATE.REGISTER]: Registered miners_delight:cave_carrot_crate to registry ResourceKey[minecraft:root / minecraft:item]
[255月2025 13:35:31.385] [main/DEBUG] [com.sammy.minersdelight.repack.registrate.AbstractRegistrate/REGISTRATE.REGISTER]: Registered miners_delight:copper_cup to registry ResourceKey[minecraft:root / minecraft:item]
[255月2025 13:35:31.385] [main/DEBUG] [com.sammy.minersdelight.repack.registrate.AbstractRegistrate/REGISTRATE.REGISTER]: Registered miners_delight:water_cup to registry ResourceKey[minecraft:root / minecraft:item]
[255月2025 13:35:31.385] [main/DEBUG] [com.sammy.minersdelight.repack.registrate.AbstractRegistrate/REGISTRATE.REGISTER]: Registered miners_delight:milk_cup to registry ResourceKey[minecraft:root / minecraft:item]
[255月2025 13:35:31.385] [main/DEBUG] [com.sammy.minersdelight.repack.registrate.AbstractRegistrate/REGISTRATE.REGISTER]: Registered miners_delight:powder_snow_cup to registry ResourceKey[minecraft:root / minecraft:item]
[255月2025 13:35:31.385] [main/DEBUG] [com.sammy.minersdelight.repack.registrate.AbstractRegistrate/REGISTRATE.REGISTER]: Registered miners_delight:cave_carrot to registry ResourceKey[minecraft:root / minecraft:item]
[255月2025 13:35:31.385] [main/DEBUG] [com.sammy.minersdelight.repack.registrate.AbstractRegistrate/REGISTRATE.REGISTER]: Registered miners_delight:baked_cave_carrot to registry ResourceKey[minecraft:root / minecraft:item]
[255月2025 13:35:31.385] [main/DEBUG] [com.sammy.minersdelight.repack.registrate.AbstractRegistrate/REGISTRATE.REGISTER]: Registered miners_delight:copper_carrot to registry ResourceKey[minecraft:root / minecraft:item]
[255月2025 13:35:31.385] [main/DEBUG] [com.sammy.minersdelight.repack.registrate.AbstractRegistrate/REGISTRATE.REGISTER]: Registered miners_delight:pasta_with_veggieballs to registry ResourceKey[minecraft:root / minecraft:item]
[255月2025 13:35:31.385] [main/DEBUG] [com.sammy.minersdelight.repack.registrate.AbstractRegistrate/REGISTRATE.REGISTER]: Registered miners_delight:cave_soup to registry ResourceKey[minecraft:root / minecraft:item]
[255月2025 13:35:31.385] [main/DEBUG] [com.sammy.minersdelight.repack.registrate.AbstractRegistrate/REGISTRATE.REGISTER]: Registered miners_delight:vegan_patty to registry ResourceKey[minecraft:root / minecraft:item]
[255月2025 13:35:31.385] [main/DEBUG] [com.sammy.minersdelight.repack.registrate.AbstractRegistrate/REGISTRATE.REGISTER]: Registered miners_delight:vegan_hamburger to registry ResourceKey[minecraft:root / minecraft:item]
[255月2025 13:35:31.385] [main/DEBUG] [com.sammy.minersdelight.repack.registrate.AbstractRegistrate/REGISTRATE.REGISTER]: Registered miners_delight:vegan_wrap to registry ResourceKey[minecraft:root / minecraft:item]
[255月2025 13:35:31.385] [main/DEBUG] [com.sammy.minersdelight.repack.registrate.AbstractRegistrate/REGISTRATE.REGISTER]: Registered miners_delight:vegan_steak_and_potatoes to registry ResourceKey[minecraft:root / minecraft:item]
[255月2025 13:35:31.385] [main/DEBUG] [com.sammy.minersdelight.repack.registrate.AbstractRegistrate/REGISTRATE.REGISTER]: Registered miners_delight:moss to registry ResourceKey[minecraft:root / minecraft:item]
[255月2025 13:35:31.385] [main/DEBUG] [com.sammy.minersdelight.repack.registrate.AbstractRegistrate/REGISTRATE.REGISTER]: Registered miners_delight:bat_wing to registry ResourceKey[minecraft:root / minecraft:item]
[255月2025 13:35:31.385] [main/DEBUG] [com.sammy.minersdelight.repack.registrate.AbstractRegistrate/REGISTRATE.REGISTER]: Registered miners_delight:smoked_bat_wing to registry ResourceKey[minecraft:root / minecraft:item]
[255月2025 13:35:31.385] [main/DEBUG] [com.sammy.minersdelight.repack.registrate.AbstractRegistrate/REGISTRATE.REGISTER]: Registered miners_delight:bat_rolls to registry ResourceKey[minecraft:root / minecraft:item]
[255月2025 13:35:31.385] [main/DEBUG] [com.sammy.minersdelight.repack.registrate.AbstractRegistrate/REGISTRATE.REGISTER]: Registered miners_delight:bat_cookie to registry ResourceKey[minecraft:root / minecraft:item]
[255月2025 13:35:31.385] [main/DEBUG] [com.sammy.minersdelight.repack.registrate.AbstractRegistrate/REGISTRATE.REGISTER]: Registered miners_delight:improvised_barbecue_stick to registry ResourceKey[minecraft:root / minecraft:item]
[255月2025 13:35:31.385] [main/DEBUG] [com.sammy.minersdelight.repack.registrate.AbstractRegistrate/REGISTRATE.REGISTER]: Registered miners_delight:bat_soup to registry ResourceKey[minecraft:root / minecraft:item]
[255月2025 13:35:31.385] [main/DEBUG] [com.sammy.minersdelight.repack.registrate.AbstractRegistrate/REGISTRATE.REGISTER]: Registered miners_delight:silverfish_eggs to registry ResourceKey[minecraft:root / minecraft:item]
[255月2025 13:35:31.385] [main/DEBUG] [com.sammy.minersdelight.repack.registrate.AbstractRegistrate/REGISTRATE.REGISTER]: Registered miners_delight:weird_caviar to registry ResourceKey[minecraft:root / minecraft:item]
[255月2025 13:35:31.385] [main/DEBUG] [com.sammy.minersdelight.repack.registrate.AbstractRegistrate/REGISTRATE.REGISTER]: Registered miners_delight:arthropod to registry ResourceKey[minecraft:root / minecraft:item]
[255月2025 13:35:31.385] [main/DEBUG] [com.sammy.minersdelight.repack.registrate.AbstractRegistrate/REGISTRATE.REGISTER]: Registered miners_delight:cooked_arthropod to registry ResourceKey[minecraft:root / minecraft:item]
[255月2025 13:35:31.385] [main/DEBUG] [com.sammy.minersdelight.repack.registrate.AbstractRegistrate/REGISTRATE.REGISTER]: Registered miners_delight:insect_sandwich to registry ResourceKey[minecraft:root / minecraft:item]
[255月2025 13:35:31.385] [main/DEBUG] [com.sammy.minersdelight.repack.registrate.AbstractRegistrate/REGISTRATE.REGISTER]: Registered miners_delight:insect_wrap to registry ResourceKey[minecraft:root / minecraft:item]
[255月2025 13:35:31.385] [main/DEBUG] [com.sammy.minersdelight.repack.registrate.AbstractRegistrate/REGISTRATE.REGISTER]: Registered miners_delight:insect_stew to registry ResourceKey[minecraft:root / minecraft:item]
[255月2025 13:35:31.385] [main/DEBUG] [com.sammy.minersdelight.repack.registrate.AbstractRegistrate/REGISTRATE.REGISTER]: Registered miners_delight:seasoned_arthropods to registry ResourceKey[minecraft:root / minecraft:item]
[255月2025 13:35:31.385] [main/DEBUG] [com.sammy.minersdelight.repack.registrate.AbstractRegistrate/REGISTRATE.REGISTER]: Registered miners_delight:squid to registry ResourceKey[minecraft:root / minecraft:item]
[255月2025 13:35:31.385] [main/DEBUG] [com.sammy.minersdelight.repack.registrate.AbstractRegistrate/REGISTRATE.REGISTER]: Registered miners_delight:glow_squid to registry ResourceKey[minecraft:root / minecraft:item]
[255月2025 13:35:31.385] [main/DEBUG] [com.sammy.minersdelight.repack.registrate.AbstractRegistrate/REGISTRATE.REGISTER]: Registered miners_delight:baked_squid to registry ResourceKey[minecraft:root / minecraft:item]
[255月2025 13:35:31.385] [main/DEBUG] [com.sammy.minersdelight.repack.registrate.AbstractRegistrate/REGISTRATE.REGISTER]: Registered miners_delight:tentacles to registry ResourceKey[minecraft:root / minecraft:item]
[255月2025 13:35:31.385] [main/DEBUG] [com.sammy.minersdelight.repack.registrate.AbstractRegistrate/REGISTRATE.REGISTER]: Registered miners_delight:baked_tentacles to registry ResourceKey[minecraft:root / minecraft:item]
[255月2025 13:35:31.386] [main/DEBUG] [com.sammy.minersdelight.repack.registrate.AbstractRegistrate/REGISTRATE.REGISTER]: Registered miners_delight:squid_sandwich to registry ResourceKey[minecraft:root / minecraft:item]
[255月2025 13:35:31.386] [main/DEBUG] [com.sammy.minersdelight.repack.registrate.AbstractRegistrate/REGISTRATE.REGISTER]: Registered miners_delight:takoyaki to registry ResourceKey[minecraft:root / minecraft:item]
[255月2025 13:35:31.386] [main/DEBUG] [com.sammy.minersdelight.repack.registrate.AbstractRegistrate/REGISTRATE.REGISTER]: Registered miners_delight:bowl_of_stuffed_squid to registry ResourceKey[minecraft:root / minecraft:item]
[255月2025 13:35:31.386] [main/DEBUG] [com.sammy.minersdelight.repack.registrate.AbstractRegistrate/REGISTRATE.REGISTER]: Registered miners_delight:glow_ink_pasta to registry ResourceKey[minecraft:root / minecraft:item]
[255月2025 13:35:31.386] [main/DEBUG] [com.sammy.minersdelight.repack.registrate.AbstractRegistrate/REGISTRATE.REGISTER]: Registered miners_delight:beetroot_soup_cup to registry ResourceKey[minecraft:root / minecraft:item]
[255月2025 13:35:31.386] [main/DEBUG] [com.sammy.minersdelight.repack.registrate.AbstractRegistrate/REGISTRATE.REGISTER]: Registered miners_delight:mushroom_stew_cup to registry ResourceKey[minecraft:root / minecraft:item]
[255月2025 13:35:31.386] [main/DEBUG] [com.sammy.minersdelight.repack.registrate.AbstractRegistrate/REGISTRATE.REGISTER]: Registered miners_delight:rabbit_stew_cup to registry ResourceKey[minecraft:root / minecraft:item]
[255月2025 13:35:31.386] [main/DEBUG] [com.sammy.minersdelight.repack.registrate.AbstractRegistrate/REGISTRATE.REGISTER]: Registered miners_delight:baked_cod_stew_cup to registry ResourceKey[minecraft:root / minecraft:item]
[255月2025 13:35:31.386] [main/DEBUG] [com.sammy.minersdelight.repack.registrate.AbstractRegistrate/REGISTRATE.REGISTER]: Registered miners_delight:noodle_soup_cup to registry ResourceKey[minecraft:root / minecraft:item]
[255月2025 13:35:31.386] [main/DEBUG] [com.sammy.minersdelight.repack.registrate.AbstractRegistrate/REGISTRATE.REGISTER]: Registered miners_delight:beef_stew_cup to registry ResourceKey[minecraft:root / minecraft:item]
[255月2025 13:35:31.386] [main/DEBUG] [com.sammy.minersdelight.repack.registrate.AbstractRegistrate/REGISTRATE.REGISTER]: Registered miners_delight:chicken_soup_cup to registry ResourceKey[minecraft:root / minecraft:item]
[255月2025 13:35:31.386] [main/DEBUG] [com.sammy.minersdelight.repack.registrate.AbstractRegistrate/REGISTRATE.REGISTER]: Registered miners_delight:fish_stew_cup to registry ResourceKey[minecraft:root / minecraft:item]
[255月2025 13:35:31.386] [main/DEBUG] [com.sammy.minersdelight.repack.registrate.AbstractRegistrate/REGISTRATE.REGISTER]: Registered miners_delight:pumpkin_soup_cup to registry ResourceKey[minecraft:root / minecraft:item]
[255月2025 13:35:31.386] [main/DEBUG] [com.sammy.minersdelight.repack.registrate.AbstractRegistrate/REGISTRATE.REGISTER]: Registered miners_delight:vegetable_soup_cup to registry ResourceKey[minecraft:root / minecraft:item]
[255月2025 13:35:31.386] [main/DEBUG] [com.sammy.minersdelight.repack.registrate.AbstractRegistrate/REGISTRATE.REGISTER]: Registered miners_delight:bone_broth_cup to registry ResourceKey[minecraft:root / minecraft:item]
[255月2025 13:35:31.386] [main/DEBUG] [com.sammy.minersdelight.repack.registrate.AbstractRegistrate/REGISTRATE.REGISTER]: Registered miners_delight:cave_soup_cup to registry ResourceKey[minecraft:root / minecraft:item]
[255月2025 13:35:31.386] [main/DEBUG] [com.sammy.minersdelight.repack.registrate.AbstractRegistrate/REGISTRATE.REGISTER]: Registered miners_delight:bat_soup_cup to registry ResourceKey[minecraft:root / minecraft:item]
[255月2025 13:35:31.386] [main/DEBUG] [com.sammy.minersdelight.repack.registrate.AbstractRegistrate/REGISTRATE.REGISTER]: Registered miners_delight:insect_stew_cup to registry ResourceKey[minecraft:root / minecraft:item]
[255月2025 13:35:31.412] [main/DEBUG] [com.tterrag.registrate.AbstractRegistrate/REGISTRATE.REGISTER]: (cuisinedelight) Registering 25 known objects of type minecraft:item
[255月2025 13:35:31.412] [main/DEBUG] [com.tterrag.registrate.AbstractRegistrate/REGISTRATE.REGISTER]: Registered cuisinedelight:fried_egg to registry minecraft:item
[255月2025 13:35:31.414] [main/DEBUG] [com.tterrag.registrate.AbstractRegistrate/REGISTRATE.REGISTER]: Registered cuisinedelight:cuisine_skillet to registry minecraft:item
[255月2025 13:35:31.414] [main/DEBUG] [com.tterrag.registrate.AbstractRegistrate/REGISTRATE.REGISTER]: Registered cuisinedelight:spatula to registry minecraft:item
[255月2025 13:35:31.414] [main/DEBUG] [com.tterrag.registrate.AbstractRegistrate/REGISTRATE.REGISTER]: Registered cuisinedelight:plate to registry minecraft:item
[255月2025 13:35:31.414] [main/DEBUG] [com.tterrag.registrate.AbstractRegistrate/REGISTRATE.REGISTER]: Registered cuisinedelight:suspicious_mix to registry minecraft:item
[255月2025 13:35:31.414] [main/DEBUG] [com.tterrag.registrate.AbstractRegistrate/REGISTRATE.REGISTER]: Registered cuisinedelight:ham_fried_rice to registry minecraft:item
[255月2025 13:35:31.414] [main/DEBUG] [com.tterrag.registrate.AbstractRegistrate/REGISTRATE.REGISTER]: Registered cuisinedelight:fried_rice to registry minecraft:item
[255月2025 13:35:31.414] [main/DEBUG] [com.tterrag.registrate.AbstractRegistrate/REGISTRATE.REGISTER]: Registered cuisinedelight:mixed_fried_rice to registry minecraft:item
[255月2025 13:35:31.414] [main/DEBUG] [com.tterrag.registrate.AbstractRegistrate/REGISTRATE.REGISTER]: Registered cuisinedelight:meat_with_seafood to registry minecraft:item
[255月2025 13:35:31.414] [main/DEBUG] [com.tterrag.registrate.AbstractRegistrate/REGISTRATE.REGISTER]: Registered cuisinedelight:meat_with_vegetables to registry minecraft:item
[255月2025 13:35:31.415] [main/DEBUG] [com.tterrag.registrate.AbstractRegistrate/REGISTRATE.REGISTER]: Registered cuisinedelight:seafood_with_vegetables to registry minecraft:item
[255月2025 13:35:31.415] [main/DEBUG] [com.tterrag.registrate.AbstractRegistrate/REGISTRATE.REGISTER]: Registered cuisinedelight:fried_pasta to registry minecraft:item
[255月2025 13:35:31.415] [main/DEBUG] [com.tterrag.registrate.AbstractRegistrate/REGISTRATE.REGISTER]: Registered cuisinedelight:mixed_pasta to registry minecraft:item
[255月2025 13:35:31.415] [main/DEBUG] [com.tterrag.registrate.AbstractRegistrate/REGISTRATE.REGISTER]: Registered cuisinedelight:meat_fried_rice to registry minecraft:item
[255月2025 13:35:31.415] [main/DEBUG] [com.tterrag.registrate.AbstractRegistrate/REGISTRATE.REGISTER]: Registered cuisinedelight:meat_pasta to registry minecraft:item
[255月2025 13:35:31.415] [main/DEBUG] [com.tterrag.registrate.AbstractRegistrate/REGISTRATE.REGISTER]: Registered cuisinedelight:meat_platter to registry minecraft:item
[255月2025 13:35:31.415] [main/DEBUG] [com.tterrag.registrate.AbstractRegistrate/REGISTRATE.REGISTER]: Registered cuisinedelight:seafood_fried_rice to registry minecraft:item
[255月2025 13:35:31.415] [main/DEBUG] [com.tterrag.registrate.AbstractRegistrate/REGISTRATE.REGISTER]: Registered cuisinedelight:seafood_pasta to registry minecraft:item
[255月2025 13:35:31.415] [main/DEBUG] [com.tterrag.registrate.AbstractRegistrate/REGISTRATE.REGISTER]: Registered cuisinedelight:seafood_platter to registry minecraft:item
[255月2025 13:35:31.415] [main/DEBUG] [com.tterrag.registrate.AbstractRegistrate/REGISTRATE.REGISTER]: Registered cuisinedelight:vegetable_fried_rice to registry minecraft:item
[255月2025 13:35:31.415] [main/DEBUG] [com.tterrag.registrate.AbstractRegistrate/REGISTRATE.REGISTER]: Registered cuisinedelight:vegetable_pasta to registry minecraft:item
[255月2025 13:35:31.415] [main/DEBUG] [com.tterrag.registrate.AbstractRegistrate/REGISTRATE.REGISTER]: Registered cuisinedelight:vegetable_platter to registry minecraft:item
[255月2025 13:35:31.415] [main/DEBUG] [com.tterrag.registrate.AbstractRegistrate/REGISTRATE.REGISTER]: Registered cuisinedelight:fried_mushroom to registry minecraft:item
[255月2025 13:35:31.415] [main/DEBUG] [com.tterrag.registrate.AbstractRegistrate/REGISTRATE.REGISTER]: Registered cuisinedelight:fried_meat_and_melon to registry minecraft:item
[255月2025 13:35:31.415] [main/DEBUG] [com.tterrag.registrate.AbstractRegistrate/REGISTRATE.REGISTER]: Registered cuisinedelight:scrambled_egg_and_tomato to registry minecraft:item
[255月2025 13:35:31.416] [main/DEBUG] [net.minecraftforge.registries.GameData/REGISTRIES]: Applying holder lookups: minecraft:item
[255月2025 13:35:31.418] [main/DEBUG] [net.minecraftforge.registries.GameData/REGISTRIES]: Holder lookups applied: minecraft:item
[255月2025 13:35:31.420] [main/DEBUG] [com.tterrag.registrate.AbstractRegistrate/REGISTRATE.REGISTER]: (youkaishomecoming) Registering 20 known objects of type minecraft:entity_type
[255月2025 13:35:31.424] [main/DEBUG] [com.tterrag.registrate.AbstractRegistrate/REGISTRATE.REGISTER]: Registered youkaishomecoming:lamprey to registry minecraft:entity_type
[255月2025 13:35:31.424] [main/DEBUG] [com.tterrag.registrate.AbstractRegistrate/REGISTRATE.REGISTER]: Registered youkaishomecoming:rumia to registry minecraft:entity_type
[255月2025 13:35:31.424] [main/DEBUG] [com.tterrag.registrate.AbstractRegistrate/REGISTRATE.REGISTER]: Registered youkaishomecoming:shrine_maiden to registry minecraft:entity_type
[255月2025 13:35:31.424] [main/DEBUG] [com.tterrag.registrate.AbstractRegistrate/REGISTRATE.REGISTER]: Registered youkaishomecoming:cirno to registry minecraft:entity_type
[255月2025 13:35:31.424] [main/DEBUG] [com.tterrag.registrate.AbstractRegistrate/REGISTRATE.REGISTER]: Registered youkaishomecoming:youkai to registry minecraft:entity_type
[255月2025 13:35:31.424] [main/DEBUG] [com.tterrag.registrate.AbstractRegistrate/REGISTRATE.REGISTER]: Registered youkaishomecoming:fairy to registry minecraft:entity_type
[255月2025 13:35:31.424] [main/DEBUG] [com.tterrag.registrate.AbstractRegistrate/REGISTRATE.REGISTER]: Registered youkaishomecoming:yukari to registry minecraft:entity_type
[255月2025 13:35:31.424] [main/DEBUG] [com.tterrag.registrate.AbstractRegistrate/REGISTRATE.REGISTER]: Registered youkaishomecoming:kochiya_sanae to registry minecraft:entity_type
[255月2025 13:35:31.424] [main/DEBUG] [com.tterrag.registrate.AbstractRegistrate/REGISTRATE.REGISTER]: Registered youkaishomecoming:kirisame_marisa to registry minecraft:entity_type
[255月2025 13:35:31.424] [main/DEBUG] [com.tterrag.registrate.AbstractRegistrate/REGISTRATE.REGISTER]: Registered youkaishomecoming:komeiji_koishi to registry minecraft:entity_type
[255月2025 13:35:31.425] [main/DEBUG] [com.tterrag.registrate.AbstractRegistrate/REGISTRATE.REGISTER]: Registered youkaishomecoming:mystia_lorelei to registry minecraft:entity_type
[255月2025 13:35:31.425] [main/DEBUG] [com.tterrag.registrate.AbstractRegistrate/REGISTRATE.REGISTER]: Registered youkaishomecoming:sunny_milk to registry minecraft:entity_type
[255月2025 13:35:31.425] [main/DEBUG] [com.tterrag.registrate.AbstractRegistrate/REGISTRATE.REGISTER]: Registered youkaishomecoming:luna_child to registry minecraft:entity_type
[255月2025 13:35:31.425] [main/DEBUG] [com.tterrag.registrate.AbstractRegistrate/REGISTRATE.REGISTER]: Registered youkaishomecoming:star_sapphire to registry minecraft:entity_type
[255月2025 13:35:31.425] [main/DEBUG] [com.tterrag.registrate.AbstractRegistrate/REGISTRATE.REGISTER]: Registered youkaishomecoming:frozen_frog to registry minecraft:entity_type
[255月2025 13:35:31.425] [main/DEBUG] [com.tterrag.registrate.AbstractRegistrate/REGISTRATE.REGISTER]: Registered youkaishomecoming:fairy_ice_crystal to registry minecraft:entity_type
[255月2025 13:35:31.425] [main/DEBUG] [com.tterrag.registrate.AbstractRegistrate/REGISTRATE.REGISTER]: Registered youkaishomecoming:item_danmaku to registry minecraft:entity_type
[255月2025 13:35:31.425] [main/DEBUG] [com.tterrag.registrate.AbstractRegistrate/REGISTRATE.REGISTER]: Registered youkaishomecoming:shooter to registry minecraft:entity_type
[255月2025 13:35:31.425] [main/DEBUG] [com.tterrag.registrate.AbstractRegistrate/REGISTRATE.REGISTER]: Registered youkaishomecoming:item_laser to registry minecraft:entity_type
[255月2025 13:35:31.425] [main/DEBUG] [com.tterrag.registrate.AbstractRegistrate/REGISTRATE.REGISTER]: Registered youkaishomecoming:dining_chair to registry minecraft:entity_type
[255月2025 13:35:31.456] [main/DEBUG] [net.minecraftforge.registries.GameData/REGISTRIES]: Applying holder lookups: minecraft:entity_type
[255月2025 13:35:31.456] [main/DEBUG] [net.minecraftforge.registries.GameData/REGISTRIES]: Holder lookups applied: minecraft:entity_type
[255月2025 13:35:31.458] [main/DEBUG] [net.minecraftforge.registries.GameData/REGISTRIES]: Applying holder lookups: minecraft:sensor_type
[255月2025 13:35:31.459] [main/DEBUG] [net.minecraftforge.registries.GameData/REGISTRIES]: Holder lookups applied: minecraft:sensor_type
[255月2025 13:35:31.459] [main/DEBUG] [net.minecraftforge.registries.GameData/REGISTRIES]: Applying holder lookups: minecraft:memory_module_type
[255月2025 13:35:31.459] [main/DEBUG] [net.minecraftforge.registries.GameData/REGISTRIES]: Holder lookups applied: minecraft:memory_module_type
[255月2025 13:35:31.459] [main/DEBUG] [com.tterrag.registrate.AbstractRegistrate/REGISTRATE.REGISTER]: (youkaishomecoming) Registering 4 known objects of type minecraft:potion
[255月2025 13:35:31.459] [main/DEBUG] [com.tterrag.registrate.AbstractRegistrate/REGISTRATE.REGISTER]: Registered youkaishomecoming:aphrodisiac to registry minecraft:potion
[255月2025 13:35:31.459] [main/DEBUG] [com.tterrag.registrate.AbstractRegistrate/REGISTRATE.REGISTER]: Registered youkaishomecoming:long_aphrodisiac to registry minecraft:potion
[255月2025 13:35:31.459] [main/DEBUG] [com.tterrag.registrate.AbstractRegistrate/REGISTRATE.REGISTER]: Registered youkaishomecoming:hypnosis to registry minecraft:potion
[255月2025 13:35:31.459] [main/DEBUG] [com.tterrag.registrate.AbstractRegistrate/REGISTRATE.REGISTER]: Registered youkaishomecoming:long_hypnosis to registry minecraft:potion
[255月2025 13:35:31.459] [main/DEBUG] [net.minecraftforge.registries.GameData/REGISTRIES]: Applying holder lookups: minecraft:potion
[255月2025 13:35:31.460] [main/DEBUG] [net.minecraftforge.registries.GameData/REGISTRIES]: Holder lookups applied: minecraft:potion
[255月2025 13:35:31.460] [main/DEBUG] [net.minecraftforge.registries.GameData/REGISTRIES]: Applying holder lookups: minecraft:game_event
[255月2025 13:35:31.460] [main/DEBUG] [net.minecraftforge.registries.GameData/REGISTRIES]: Holder lookups applied: minecraft:game_event
[255月2025 13:35:31.461] [main/DEBUG] [net.minecraftforge.registries.GameData/REGISTRIES]: Applying holder lookups: minecraft:enchantment
[255月2025 13:35:31.461] [main/DEBUG] [net.minecraftforge.registries.GameData/REGISTRIES]: Holder lookups applied: minecraft:enchantment
[255月2025 13:35:31.462] [main/DEBUG] [mixin/]: Mixing farmersdelight.CookingPotBlockEntityMixin from maidsoulkitchen.mixins.json into vectorwing.farmersdelight.common.block.entity.CookingPotBlockEntity
[255月2025 13:35:31.470] [main/DEBUG] [mixin/]: Mixing kitchkarrot.AirCompressorBlockEntityAccessor from maidsoulkitchen.mixins.json into io.github.tt432.kitchenkarrot.blockentity.AirCompressorBlockEntity
[255月2025 13:35:31.477] [main/DEBUG] [com.tterrag.registrate.AbstractRegistrate/REGISTRATE.REGISTER]: (youkaishomecoming) Registering 5 known objects of type minecraft:block_entity_type
[255月2025 13:35:31.477] [main/DEBUG] [com.tterrag.registrate.AbstractRegistrate/REGISTRATE.REGISTER]: Registered youkaishomecoming:moka_pot to registry minecraft:block_entity_type
[255月2025 13:35:31.477] [main/DEBUG] [com.tterrag.registrate.AbstractRegistrate/REGISTRATE.REGISTER]: Registered youkaishomecoming:kettle to registry minecraft:block_entity_type
[255月2025 13:35:31.477] [main/DEBUG] [com.tterrag.registrate.AbstractRegistrate/REGISTRATE.REGISTER]: Registered youkaishomecoming:drying_rack to registry minecraft:block_entity_type
[255月2025 13:35:31.477] [main/DEBUG] [com.tterrag.registrate.AbstractRegistrate/REGISTRATE.REGISTER]: Registered youkaishomecoming:fermentation_tank to registry minecraft:block_entity_type
[255月2025 13:35:31.477] [main/DEBUG] [com.tterrag.registrate.AbstractRegistrate/REGISTRATE.REGISTER]: Registered youkaishomecoming:donation_box to registry minecraft:block_entity_type
[255月2025 13:35:31.483] [main/DEBUG] [mixin/]: Mixing brewinandchewin.KegBlockEntityMixin from maidsoulkitchen.mixins.json into umpaz.brewinandchewin.common.block.entity.KegBlockEntity
[255月2025 13:35:31.488] [main/DEBUG] [mixin/]: Mixing farmersrespite.KettleBlockEntityMixin from maidsoulkitchen.mixins.json into umpaz.farmersrespite.common.block.entity.KettleBlockEntity
[255月2025 13:35:31.496] [main/DEBUG] [com.tterrag.registrate.AbstractRegistrate/REGISTRATE.REGISTER]: (barbequesdelight) Registering 3 known objects of type minecraft:block_entity_type
[255月2025 13:35:31.496] [main/DEBUG] [com.tterrag.registrate.AbstractRegistrate/REGISTRATE.REGISTER]: Registered barbequesdelight:grill to registry minecraft:block_entity_type
[255月2025 13:35:31.496] [main/DEBUG] [com.tterrag.registrate.AbstractRegistrate/REGISTRATE.REGISTER]: Registered barbequesdelight:basin to registry minecraft:block_entity_type
[255月2025 13:35:31.496] [main/DEBUG] [com.tterrag.registrate.AbstractRegistrate/REGISTRATE.REGISTER]: Registered barbequesdelight:tray to registry minecraft:block_entity_type
[255月2025 13:35:31.498] [main/DEBUG] [com.sammy.minersdelight.repack.registrate.AbstractRegistrate/REGISTRATE.REGISTER]: Registering 2 known objects of type minecraft:block_entity_type
[255月2025 13:35:31.498] [main/DEBUG] [com.sammy.minersdelight.repack.registrate.AbstractRegistrate/REGISTRATE.REGISTER]: Registered miners_delight:copper_pot to registry ResourceKey[minecraft:root / minecraft:block_entity_type]
[255月2025 13:35:31.498] [main/DEBUG] [com.sammy.minersdelight.repack.registrate.AbstractRegistrate/REGISTRATE.REGISTER]: Registered miners_delight:sticky_basket to registry ResourceKey[minecraft:root / minecraft:block_entity_type]
[255月2025 13:35:31.500] [main/DEBUG] [com.tterrag.registrate.AbstractRegistrate/REGISTRATE.REGISTER]: (cuisinedelight) Registering 1 known objects of type minecraft:block_entity_type
[255月2025 13:35:31.500] [main/DEBUG] [com.tterrag.registrate.AbstractRegistrate/REGISTRATE.REGISTER]: Registered cuisinedelight:cuisine_skillet to registry minecraft:block_entity_type
[255月2025 13:35:31.502] [main/DEBUG] [net.minecraftforge.registries.GameData/REGISTRIES]: Applying holder lookups: minecraft:block_entity_type
[255月2025 13:35:31.503] [main/DEBUG] [net.minecraftforge.registries.GameData/REGISTRIES]: Holder lookups applied: minecraft:block_entity_type
[255月2025 13:35:31.503] [main/DEBUG] [net.minecraftforge.registries.GameData/REGISTRIES]: Applying holder lookups: minecraft:painting_variant
[255月2025 13:35:31.504] [main/DEBUG] [net.minecraftforge.registries.GameData/REGISTRIES]: Holder lookups applied: minecraft:painting_variant
[255月2025 13:35:31.504] [main/DEBUG] [net.minecraftforge.registries.GameData/REGISTRIES]: Applying holder lookups: minecraft:stat_type
[255月2025 13:35:31.504] [main/DEBUG] [net.minecraftforge.registries.GameData/REGISTRIES]: Holder lookups applied: minecraft:stat_type
[255月2025 13:35:31.505] [main/DEBUG] [net.minecraftforge.registries.GameData/REGISTRIES]: Applying holder lookups: minecraft:custom_stat
[255月2025 13:35:31.505] [main/DEBUG] [net.minecraftforge.registries.GameData/REGISTRIES]: Holder lookups applied: minecraft:custom_stat
[255月2025 13:35:31.505] [main/DEBUG] [net.minecraftforge.registries.GameData/REGISTRIES]: Applying holder lookups: minecraft:chunk_status
[255月2025 13:35:31.505] [main/DEBUG] [net.minecraftforge.registries.GameData/REGISTRIES]: Holder lookups applied: minecraft:chunk_status
[255月2025 13:35:31.505] [main/DEBUG] [net.minecraftforge.registries.GameData/REGISTRIES]: Applying holder lookups: minecraft:rule_test
[255月2025 13:35:31.506] [main/DEBUG] [net.minecraftforge.registries.GameData/REGISTRIES]: Holder lookups applied: minecraft:rule_test
[255月2025 13:35:31.506] [main/DEBUG] [net.minecraftforge.registries.GameData/REGISTRIES]: Applying holder lookups: minecraft:rule_block_entity_modifier
[255月2025 13:35:31.506] [main/DEBUG] [net.minecraftforge.registries.GameData/REGISTRIES]: Holder lookups applied: minecraft:rule_block_entity_modifier
[255月2025 13:35:31.506] [main/DEBUG] [net.minecraftforge.registries.GameData/REGISTRIES]: Applying holder lookups: minecraft:pos_rule_test
[255月2025 13:35:31.506] [main/DEBUG] [net.minecraftforge.registries.GameData/REGISTRIES]: Holder lookups applied: minecraft:pos_rule_test
[255月2025 13:35:31.510] [main/DEBUG] [com.tterrag.registrate.AbstractRegistrate/REGISTRATE.REGISTER]: (youkaishomecoming) Registering 2 known objects of type minecraft:menu
[255月2025 13:35:31.514] [main/DEBUG] [mixin/]: Mixing client.RecipeBookComponentAccessor from brewinandchewin.mixins.json into net.minecraft.client.gui.screens.recipebook.RecipeBookComponent
[255月2025 13:35:31.536] [main/DEBUG] [com.tterrag.registrate.AbstractRegistrate/REGISTRATE.REGISTER]: Registered youkaishomecoming:moka_pot to registry minecraft:menu
[255月2025 13:35:31.537] [main/DEBUG] [com.tterrag.registrate.AbstractRegistrate/REGISTRATE.REGISTER]: Registered youkaishomecoming:kettle to registry minecraft:menu
[255月2025 13:35:31.582] [main/DEBUG] [net.minecraftforge.registries.GameData/REGISTRIES]: Applying holder lookups: minecraft:menu
[255月2025 13:35:31.583] [main/DEBUG] [net.minecraftforge.registries.GameData/REGISTRIES]: Holder lookups applied: minecraft:menu
[255月2025 13:35:31.583] [main/DEBUG] [com.tterrag.registrate.AbstractRegistrate/REGISTRATE.REGISTER]: (youkaishomecoming) Registering 4 known objects of type minecraft:recipe_type
[255月2025 13:35:31.584] [main/DEBUG] [com.tterrag.registrate.AbstractRegistrate/REGISTRATE.REGISTER]: Registered youkaishomecoming:moka_pot to registry minecraft:recipe_type
[255月2025 13:35:31.584] [main/DEBUG] [com.tterrag.registrate.AbstractRegistrate/REGISTRATE.REGISTER]: Registered youkaishomecoming:kettle to registry minecraft:recipe_type
[255月2025 13:35:31.584] [main/DEBUG] [com.tterrag.registrate.AbstractRegistrate/REGISTRATE.REGISTER]: Registered youkaishomecoming:drying_rack to registry minecraft:recipe_type
[255月2025 13:35:31.584] [main/DEBUG] [com.tterrag.registrate.AbstractRegistrate/REGISTRATE.REGISTER]: Registered youkaishomecoming:fermentation to registry minecraft:recipe_type
[255月2025 13:35:31.584] [main/DEBUG] [com.tterrag.registrate.AbstractRegistrate/REGISTRATE.REGISTER]: (barbequesdelight) Registering 2 known objects of type minecraft:recipe_type
[255月2025 13:35:31.584] [main/DEBUG] [com.tterrag.registrate.AbstractRegistrate/REGISTRATE.REGISTER]: Registered barbequesdelight:grilling to registry minecraft:recipe_type
[255月2025 13:35:31.584] [main/DEBUG] [com.tterrag.registrate.AbstractRegistrate/REGISTRATE.REGISTER]: Registered barbequesdelight:skewering to registry minecraft:recipe_type
[255月2025 13:35:31.585] [main/DEBUG] [com.tterrag.registrate.AbstractRegistrate/REGISTRATE.REGISTER]: (cuisinedelight) Registering 1 known objects of type minecraft:recipe_type
[255月2025 13:35:31.585] [main/DEBUG] [com.tterrag.registrate.AbstractRegistrate/REGISTRATE.REGISTER]: Registered cuisinedelight:cuisine to registry minecraft:recipe_type
[255月2025 13:35:31.585] [main/DEBUG] [net.minecraftforge.registries.GameData/REGISTRIES]: Applying holder lookups: minecraft:recipe_type
[255月2025 13:35:31.587] [main/DEBUG] [net.minecraftforge.registries.GameData/REGISTRIES]: Holder lookups applied: minecraft:recipe_type
[255月2025 13:35:31.591] [main/DEBUG] [com.tterrag.registrate.AbstractRegistrate/REGISTRATE.REGISTER]: (youkaishomecoming) Registering 4 known objects of type minecraft:recipe_serializer
[255月2025 13:35:31.592] [main/DEBUG] [com.tterrag.registrate.AbstractRegistrate/REGISTRATE.REGISTER]: Registered youkaishomecoming:moka_pot to registry minecraft:recipe_serializer
[255月2025 13:35:31.593] [main/DEBUG] [com.tterrag.registrate.AbstractRegistrate/REGISTRATE.REGISTER]: Registered youkaishomecoming:kettle to registry minecraft:recipe_serializer
[255月2025 13:35:31.593] [main/DEBUG] [com.tterrag.registrate.AbstractRegistrate/REGISTRATE.REGISTER]: Registered youkaishomecoming:drying_rack to registry minecraft:recipe_serializer
[255月2025 13:35:31.593] [main/DEBUG] [com.tterrag.registrate.AbstractRegistrate/REGISTRATE.REGISTER]: Registered youkaishomecoming:simple_fermentation to registry minecraft:recipe_serializer
[255月2025 13:35:31.605] [main/DEBUG] [com.tterrag.registrate.AbstractRegistrate/REGISTRATE.REGISTER]: (barbequesdelight) Registering 3 known objects of type minecraft:recipe_serializer
[255月2025 13:35:31.605] [main/DEBUG] [com.tterrag.registrate.AbstractRegistrate/REGISTRATE.REGISTER]: Registered barbequesdelight:grilling to registry minecraft:recipe_serializer
[255月2025 13:35:31.605] [main/DEBUG] [com.tterrag.registrate.AbstractRegistrate/REGISTRATE.REGISTER]: Registered barbequesdelight:skewering to registry minecraft:recipe_serializer
[255月2025 13:35:31.606] [main/DEBUG] [com.tterrag.registrate.AbstractRegistrate/REGISTRATE.REGISTER]: Registered barbequesdelight:combine to registry minecraft:recipe_serializer
[255月2025 13:35:31.641] [main/DEBUG] [com.tterrag.registrate.AbstractRegistrate/REGISTRATE.REGISTER]: (cuisinedelight) Registering 1 known objects of type minecraft:recipe_serializer
[255月2025 13:35:31.641] [main/DEBUG] [com.tterrag.registrate.AbstractRegistrate/REGISTRATE.REGISTER]: Registered cuisinedelight:plate_cuisine to registry minecraft:recipe_serializer
[255月2025 13:35:31.641] [main/DEBUG] [net.minecraftforge.registries.GameData/REGISTRIES]: Applying holder lookups: minecraft:recipe_serializer
[255月2025 13:35:31.642] [main/DEBUG] [net.minecraftforge.registries.GameData/REGISTRIES]: Holder lookups applied: minecraft:recipe_serializer
[255月2025 13:35:31.643] [main/DEBUG] [net.minecraftforge.registries.GameData/REGISTRIES]: Applying holder lookups: minecraft:position_source_type
[255月2025 13:35:31.644] [main/DEBUG] [net.minecraftforge.registries.GameData/REGISTRIES]: Holder lookups applied: minecraft:position_source_type
[255月2025 13:35:31.646] [main/DEBUG] [net.minecraftforge.registries.GameData/REGISTRIES]: Applying holder lookups: minecraft:command_argument_type
[255月2025 13:35:31.646] [main/DEBUG] [net.minecraftforge.registries.GameData/REGISTRIES]: Holder lookups applied: minecraft:command_argument_type
[255月2025 13:35:31.647] [main/DEBUG] [net.minecraftforge.registries.GameData/REGISTRIES]: Applying holder lookups: minecraft:villager_type
[255月2025 13:35:31.647] [main/DEBUG] [net.minecraftforge.registries.GameData/REGISTRIES]: Holder lookups applied: minecraft:villager_type
[255月2025 13:35:31.647] [main/DEBUG] [net.minecraftforge.registries.GameData/REGISTRIES]: Applying holder lookups: minecraft:villager_profession
[255月2025 13:35:31.648] [main/DEBUG] [net.minecraftforge.registries.GameData/REGISTRIES]: Holder lookups applied: minecraft:villager_profession
[255月2025 13:35:31.650] [main/DEBUG] [net.minecraftforge.registries.GameData/REGISTRIES]: Applying holder lookups: minecraft:point_of_interest_type
[255月2025 13:35:31.651] [main/DEBUG] [net.minecraftforge.registries.GameData/REGISTRIES]: Holder lookups applied: minecraft:point_of_interest_type
[255月2025 13:35:31.652] [main/DEBUG] [net.minecraftforge.registries.GameData/REGISTRIES]: Applying holder lookups: minecraft:schedule
[255月2025 13:35:31.652] [main/DEBUG] [net.minecraftforge.registries.GameData/REGISTRIES]: Holder lookups applied: minecraft:schedule
[255月2025 13:35:31.652] [main/DEBUG] [net.minecraftforge.registries.GameData/REGISTRIES]: Applying holder lookups: minecraft:activity
[255月2025 13:35:31.653] [main/DEBUG] [net.minecraftforge.registries.GameData/REGISTRIES]: Holder lookups applied: minecraft:activity
[255月2025 13:35:31.653] [main/DEBUG] [net.minecraftforge.registries.GameData/REGISTRIES]: Applying holder lookups: minecraft:loot_pool_entry_type
[255月2025 13:35:31.653] [main/DEBUG] [net.minecraftforge.registries.GameData/REGISTRIES]: Holder lookups applied: minecraft:loot_pool_entry_type
[255月2025 13:35:31.654] [main/DEBUG] [mixin/]: Mixing CopyMealFunctionMixin from youkaishomecoming.mixins.json into vectorwing.farmersdelight.common.loot.function.CopyMealFunction
[255月2025 13:35:31.668] [main/DEBUG] [net.minecraftforge.registries.GameData/REGISTRIES]: Applying holder lookups: minecraft:loot_function_type
[255月2025 13:35:31.669] [main/DEBUG] [net.minecraftforge.registries.GameData/REGISTRIES]: Holder lookups applied: minecraft:loot_function_type
[255月2025 13:35:31.672] [main/DEBUG] [net.minecraftforge.registries.GameData/REGISTRIES]: Applying holder lookups: minecraft:loot_condition_type
[255月2025 13:35:31.672] [main/DEBUG] [net.minecraftforge.registries.GameData/REGISTRIES]: Holder lookups applied: minecraft:loot_condition_type
[255月2025 13:35:31.672] [main/DEBUG] [net.minecraftforge.registries.GameData/REGISTRIES]: Applying holder lookups: minecraft:loot_number_provider_type
[255月2025 13:35:31.673] [main/DEBUG] [net.minecraftforge.registries.GameData/REGISTRIES]: Holder lookups applied: minecraft:loot_number_provider_type
[255月2025 13:35:31.673] [main/DEBUG] [net.minecraftforge.registries.GameData/REGISTRIES]: Applying holder lookups: minecraft:loot_nbt_provider_type
[255月2025 13:35:31.674] [main/DEBUG] [net.minecraftforge.registries.GameData/REGISTRIES]: Holder lookups applied: minecraft:loot_nbt_provider_type
[255月2025 13:35:31.674] [main/DEBUG] [net.minecraftforge.registries.GameData/REGISTRIES]: Applying holder lookups: minecraft:loot_score_provider_type
[255月2025 13:35:31.674] [main/DEBUG] [net.minecraftforge.registries.GameData/REGISTRIES]: Holder lookups applied: minecraft:loot_score_provider_type
[255月2025 13:35:31.675] [main/DEBUG] [net.minecraftforge.registries.GameData/REGISTRIES]: Applying holder lookups: minecraft:float_provider_type
[255月2025 13:35:31.675] [main/DEBUG] [net.minecraftforge.registries.GameData/REGISTRIES]: Holder lookups applied: minecraft:float_provider_type
[255月2025 13:35:31.675] [main/DEBUG] [net.minecraftforge.registries.GameData/REGISTRIES]: Applying holder lookups: minecraft:int_provider_type
[255月2025 13:35:31.675] [main/DEBUG] [net.minecraftforge.registries.GameData/REGISTRIES]: Holder lookups applied: minecraft:int_provider_type
[255月2025 13:35:31.675] [main/DEBUG] [net.minecraftforge.registries.GameData/REGISTRIES]: Applying holder lookups: minecraft:height_provider_type
[255月2025 13:35:31.676] [main/DEBUG] [net.minecraftforge.registries.GameData/REGISTRIES]: Holder lookups applied: minecraft:height_provider_type
[255月2025 13:35:31.676] [main/DEBUG] [net.minecraftforge.registries.GameData/REGISTRIES]: Applying holder lookups: minecraft:block_predicate_type
[255月2025 13:35:31.676] [main/DEBUG] [net.minecraftforge.registries.GameData/REGISTRIES]: Holder lookups applied: minecraft:block_predicate_type
[255月2025 13:35:31.676] [main/DEBUG] [net.minecraftforge.registries.GameData/REGISTRIES]: Applying holder lookups: minecraft:worldgen/carver
[255月2025 13:35:31.677] [main/DEBUG] [net.minecraftforge.registries.GameData/REGISTRIES]: Holder lookups applied: minecraft:worldgen/carver
[255月2025 13:35:31.680] [main/DEBUG] [net.minecraftforge.registries.GameData/REGISTRIES]: Applying holder lookups: minecraft:worldgen/feature
[255月2025 13:35:31.680] [main/DEBUG] [net.minecraftforge.registries.GameData/REGISTRIES]: Holder lookups applied: minecraft:worldgen/feature
[255月2025 13:35:31.680] [main/DEBUG] [net.minecraftforge.registries.GameData/REGISTRIES]: Applying holder lookups: minecraft:worldgen/structure_processor
[255月2025 13:35:31.681] [main/DEBUG] [net.minecraftforge.registries.GameData/REGISTRIES]: Holder lookups applied: minecraft:worldgen/structure_processor
[255月2025 13:35:31.681] [main/DEBUG] [net.minecraftforge.registries.GameData/REGISTRIES]: Applying holder lookups: minecraft:worldgen/structure_placement
[255月2025 13:35:31.681] [main/DEBUG] [net.minecraftforge.registries.GameData/REGISTRIES]: Holder lookups applied: minecraft:worldgen/structure_placement
[255月2025 13:35:31.682] [main/DEBUG] [net.minecraftforge.registries.GameData/REGISTRIES]: Applying holder lookups: minecraft:worldgen/structure_piece
[255月2025 13:35:31.682] [main/DEBUG] [net.minecraftforge.registries.GameData/REGISTRIES]: Holder lookups applied: minecraft:worldgen/structure_piece
[255月2025 13:35:31.682] [main/DEBUG] [net.minecraftforge.registries.GameData/REGISTRIES]: Applying holder lookups: minecraft:worldgen/structure_type
[255月2025 13:35:31.683] [main/DEBUG] [net.minecraftforge.registries.GameData/REGISTRIES]: Holder lookups applied: minecraft:worldgen/structure_type
[255月2025 13:35:31.684] [main/DEBUG] [net.minecraftforge.registries.GameData/REGISTRIES]: Applying holder lookups: minecraft:worldgen/placement_modifier_type
[255月2025 13:35:31.684] [main/DEBUG] [net.minecraftforge.registries.GameData/REGISTRIES]: Holder lookups applied: minecraft:worldgen/placement_modifier_type
[255月2025 13:35:31.685] [main/DEBUG] [net.minecraftforge.registries.GameData/REGISTRIES]: Applying holder lookups: minecraft:worldgen/block_state_provider_type
[255月2025 13:35:31.685] [main/DEBUG] [net.minecraftforge.registries.GameData/REGISTRIES]: Holder lookups applied: minecraft:worldgen/block_state_provider_type
[255月2025 13:35:31.685] [main/DEBUG] [net.minecraftforge.registries.GameData/REGISTRIES]: Applying holder lookups: minecraft:worldgen/foliage_placer_type
[255月2025 13:35:31.686] [main/DEBUG] [net.minecraftforge.registries.GameData/REGISTRIES]: Holder lookups applied: minecraft:worldgen/foliage_placer_type
[255月2025 13:35:31.687] [main/DEBUG] [net.minecraftforge.registries.GameData/REGISTRIES]: Applying holder lookups: minecraft:worldgen/trunk_placer_type
[255月2025 13:35:31.687] [main/DEBUG] [net.minecraftforge.registries.GameData/REGISTRIES]: Holder lookups applied: minecraft:worldgen/trunk_placer_type
[255月2025 13:35:31.687] [main/DEBUG] [net.minecraftforge.registries.GameData/REGISTRIES]: Applying holder lookups: minecraft:worldgen/root_placer_type
[255月2025 13:35:31.688] [main/DEBUG] [net.minecraftforge.registries.GameData/REGISTRIES]: Holder lookups applied: minecraft:worldgen/root_placer_type
[255月2025 13:35:31.688] [main/DEBUG] [net.minecraftforge.registries.GameData/REGISTRIES]: Applying holder lookups: minecraft:worldgen/tree_decorator_type
[255月2025 13:35:31.688] [main/DEBUG] [net.minecraftforge.registries.GameData/REGISTRIES]: Holder lookups applied: minecraft:worldgen/tree_decorator_type
[255月2025 13:35:31.688] [main/DEBUG] [net.minecraftforge.registries.GameData/REGISTRIES]: Applying holder lookups: minecraft:worldgen/feature_size_type
[255月2025 13:35:31.689] [main/DEBUG] [net.minecraftforge.registries.GameData/REGISTRIES]: Holder lookups applied: minecraft:worldgen/feature_size_type
[255月2025 13:35:31.689] [main/DEBUG] [net.minecraftforge.registries.GameData/REGISTRIES]: Applying holder lookups: minecraft:worldgen/biome_source
[255月2025 13:35:31.690] [main/DEBUG] [net.minecraftforge.registries.GameData/REGISTRIES]: Holder lookups applied: minecraft:worldgen/biome_source
[255月2025 13:35:31.690] [main/DEBUG] [net.minecraftforge.registries.GameData/REGISTRIES]: Applying holder lookups: minecraft:worldgen/chunk_generator
[255月2025 13:35:31.690] [main/DEBUG] [net.minecraftforge.registries.GameData/REGISTRIES]: Holder lookups applied: minecraft:worldgen/chunk_generator
[255月2025 13:35:31.690] [main/DEBUG] [net.minecraftforge.registries.GameData/REGISTRIES]: Applying holder lookups: minecraft:worldgen/material_condition
[255月2025 13:35:31.691] [main/DEBUG] [net.minecraftforge.registries.GameData/REGISTRIES]: Holder lookups applied: minecraft:worldgen/material_condition
[255月2025 13:35:31.691] [main/DEBUG] [net.minecraftforge.registries.GameData/REGISTRIES]: Applying holder lookups: minecraft:worldgen/material_rule
[255月2025 13:35:31.691] [main/DEBUG] [net.minecraftforge.registries.GameData/REGISTRIES]: Holder lookups applied: minecraft:worldgen/material_rule
[255月2025 13:35:31.691] [main/DEBUG] [net.minecraftforge.registries.GameData/REGISTRIES]: Applying holder lookups: minecraft:worldgen/density_function_type
[255月2025 13:35:31.692] [main/DEBUG] [net.minecraftforge.registries.GameData/REGISTRIES]: Holder lookups applied: minecraft:worldgen/density_function_type
[255月2025 13:35:31.692] [main/DEBUG] [net.minecraftforge.registries.GameData/REGISTRIES]: Applying holder lookups: minecraft:worldgen/structure_pool_element
[255月2025 13:35:31.693] [main/DEBUG] [net.minecraftforge.registries.GameData/REGISTRIES]: Holder lookups applied: minecraft:worldgen/structure_pool_element
[255月2025 13:35:31.693] [main/DEBUG] [net.minecraftforge.registries.GameData/REGISTRIES]: Applying holder lookups: minecraft:cat_variant
[255月2025 13:35:31.693] [main/DEBUG] [net.minecraftforge.registries.GameData/REGISTRIES]: Holder lookups applied: minecraft:cat_variant
[255月2025 13:35:31.693] [main/DEBUG] [net.minecraftforge.registries.GameData/REGISTRIES]: Applying holder lookups: minecraft:frog_variant
[255月2025 13:35:31.694] [main/DEBUG] [net.minecraftforge.registries.GameData/REGISTRIES]: Holder lookups applied: minecraft:frog_variant
[255月2025 13:35:31.694] [main/DEBUG] [net.minecraftforge.registries.GameData/REGISTRIES]: Applying holder lookups: minecraft:banner_pattern
[255月2025 13:35:31.695] [main/DEBUG] [net.minecraftforge.registries.GameData/REGISTRIES]: Holder lookups applied: minecraft:banner_pattern
[255月2025 13:35:31.696] [main/DEBUG] [net.minecraftforge.registries.GameData/REGISTRIES]: Applying holder lookups: minecraft:instrument
[255月2025 13:35:31.696] [main/DEBUG] [net.minecraftforge.registries.GameData/REGISTRIES]: Holder lookups applied: minecraft:instrument
[255月2025 13:35:31.696] [main/DEBUG] [net.minecraftforge.registries.GameData/REGISTRIES]: Applying holder lookups: minecraft:decorated_pot_patterns
[255月2025 13:35:31.697] [main/DEBUG] [net.minecraftforge.registries.GameData/REGISTRIES]: Holder lookups applied: minecraft:decorated_pot_patterns
[255月2025 13:35:31.699] [main/DEBUG] [com.tterrag.registrate.AbstractRegistrate/REGISTRATE.REGISTER]: (youkaishomecoming) Registering 2 known objects of type minecraft:creative_mode_tab
[255月2025 13:35:31.699] [main/DEBUG] [com.tterrag.registrate.AbstractRegistrate/REGISTRATE.REGISTER]: Registered youkaishomecoming:youkais_homecoming to registry minecraft:creative_mode_tab
[255月2025 13:35:31.699] [main/DEBUG] [com.tterrag.registrate.AbstractRegistrate/REGISTRATE.REGISTER]: Registered youkaishomecoming:danmaku to registry minecraft:creative_mode_tab
[255月2025 13:35:31.702] [main/DEBUG] [com.tterrag.registrate.AbstractRegistrate/REGISTRATE.REGISTER]: (barbequesdelight) Registering 1 known objects of type minecraft:creative_mode_tab
[255月2025 13:35:31.702] [main/DEBUG] [com.tterrag.registrate.AbstractRegistrate/REGISTRATE.REGISTER]: Registered barbequesdelight:main to registry minecraft:creative_mode_tab
[255月2025 13:35:31.748] [main/DEBUG] [com.tterrag.registrate.AbstractRegistrate/REGISTRATE.REGISTER]: (cuisinedelight) Registering 1 known objects of type minecraft:creative_mode_tab
[255月2025 13:35:31.749] [main/DEBUG] [com.tterrag.registrate.AbstractRegistrate/REGISTRATE.REGISTER]: Registered cuisinedelight:cuisine to registry minecraft:creative_mode_tab
[255月2025 13:35:31.749] [main/DEBUG] [net.minecraftforge.registries.GameData/REGISTRIES]: Applying holder lookups: minecraft:creative_mode_tab
[255月2025 13:35:31.750] [main/DEBUG] [net.minecraftforge.registries.GameData/REGISTRIES]: Holder lookups applied: minecraft:creative_mode_tab
[255月2025 13:35:31.756] [main/DEBUG] [net.minecraftforge.registries.GameData/REGISTRIES]: Applying holder lookups: forge:biome_modifier_serializers
[255月2025 13:35:31.757] [main/DEBUG] [net.minecraftforge.registries.GameData/REGISTRIES]: Holder lookups applied: forge:biome_modifier_serializers
[255月2025 13:35:31.758] [main/DEBUG] [net.minecraftforge.registries.GameData/REGISTRIES]: Applying holder lookups: forge:display_contexts
[255月2025 13:35:31.758] [main/DEBUG] [net.minecraftforge.registries.GameData/REGISTRIES]: Holder lookups applied: forge:display_contexts
[255月2025 13:35:31.759] [main/DEBUG] [net.minecraftforge.registries.GameData/REGISTRIES]: Applying holder lookups: forge:entity_data_serializers
[255月2025 13:35:31.759] [main/DEBUG] [net.minecraftforge.registries.GameData/REGISTRIES]: Holder lookups applied: forge:entity_data_serializers
[255月2025 13:35:31.759] [main/DEBUG] [com.tterrag.registrate.AbstractRegistrate/REGISTRATE.REGISTER]: (youkaishomecoming) Registering 11 known objects of type forge:fluid_type
[255月2025 13:35:31.759] [main/DEBUG] [com.tterrag.registrate.AbstractRegistrate/REGISTRATE.REGISTER]: Registered youkaishomecoming:soy_sauce to registry forge:fluid_type
[255月2025 13:35:31.759] [main/DEBUG] [com.tterrag.registrate.AbstractRegistrate/REGISTRATE.REGISTER]: Registered youkaishomecoming:blood to registry forge:fluid_type
[255月2025 13:35:31.759] [main/DEBUG] [com.tterrag.registrate.AbstractRegistrate/REGISTRATE.REGISTER]: Registered youkaishomecoming:mio to registry forge:fluid_type
[255月2025 13:35:31.759] [main/DEBUG] [com.tterrag.registrate.AbstractRegistrate/REGISTRATE.REGISTER]: Registered youkaishomecoming:mead to registry forge:fluid_type
[255月2025 13:35:31.759] [main/DEBUG] [com.tterrag.registrate.AbstractRegistrate/REGISTRATE.REGISTER]: Registered youkaishomecoming:sparrow_sake to registry forge:fluid_type
[255月2025 13:35:31.759] [main/DEBUG] [com.tterrag.registrate.AbstractRegistrate/REGISTRATE.REGISTER]: Registered youkaishomecoming:daiginjo to registry forge:fluid_type
[255月2025 13:35:31.759] [main/DEBUG] [com.tterrag.registrate.AbstractRegistrate/REGISTRATE.REGISTER]: Registered youkaishomecoming:dassai to registry forge:fluid_type
[255月2025 13:35:31.759] [main/DEBUG] [com.tterrag.registrate.AbstractRegistrate/REGISTRATE.REGISTER]: Registered youkaishomecoming:tengu_tango to registry forge:fluid_type
[255月2025 13:35:31.759] [main/DEBUG] [com.tterrag.registrate.AbstractRegistrate/REGISTRATE.REGISTER]: Registered youkaishomecoming:full_moons_eve to registry forge:fluid_type
[255月2025 13:35:31.759] [main/DEBUG] [com.tterrag.registrate.AbstractRegistrate/REGISTRATE.REGISTER]: Registered youkaishomecoming:scarlet_mist to registry forge:fluid_type
[255月2025 13:35:31.759] [main/DEBUG] [com.tterrag.registrate.AbstractRegistrate/REGISTRATE.REGISTER]: Registered youkaishomecoming:wind_priestesses to registry forge:fluid_type
[255月2025 13:35:31.761] [main/DEBUG] [net.minecraftforge.registries.GameData/REGISTRIES]: Applying holder lookups: forge:fluid_type
[255月2025 13:35:31.761] [main/DEBUG] [net.minecraftforge.registries.GameData/REGISTRIES]: Holder lookups applied: forge:fluid_type
[255月2025 13:35:31.765] [main/DEBUG] [com.tterrag.registrate.AbstractRegistrate/REGISTRATE.REGISTER]: (youkaishomecoming) Registering 1 known objects of type forge:global_loot_modifier_serializers
[255月2025 13:35:31.766] [main/DEBUG] [com.tterrag.registrate.AbstractRegistrate/REGISTRATE.REGISTER]: Registered youkaishomecoming:replace_item to registry forge:global_loot_modifier_serializers
[255月2025 13:35:31.769] [main/DEBUG] [net.minecraftforge.registries.GameData/REGISTRIES]: Applying holder lookups: forge:global_loot_modifier_serializers
[255月2025 13:35:31.770] [main/DEBUG] [net.minecraftforge.registries.GameData/REGISTRIES]: Holder lookups applied: forge:global_loot_modifier_serializers
[255月2025 13:35:31.773] [main/DEBUG] [net.minecraftforge.registries.GameData/REGISTRIES]: Applying holder lookups: forge:holder_set_type
[255月2025 13:35:31.774] [main/DEBUG] [net.minecraftforge.registries.GameData/REGISTRIES]: Holder lookups applied: forge:holder_set_type
[255月2025 13:35:31.775] [main/DEBUG] [net.minecraftforge.registries.GameData/REGISTRIES]: Applying holder lookups: forge:structure_modifier_serializers
[255月2025 13:35:31.775] [main/DEBUG] [net.minecraftforge.registries.GameData/REGISTRIES]: Holder lookups applied: forge:structure_modifier_serializers
[255月2025 13:35:31.775] [main/DEBUG] [net.minecraftforge.registries.GameData/REGISTRIES]: Applying holder lookups: minecraft:worldgen/biome
[255月2025 13:35:31.776] [main/DEBUG] [net.minecraftforge.registries.GameData/REGISTRIES]: Holder lookups applied: minecraft:worldgen/biome
[255月2025 13:35:31.777] [main/DEBUG] [net.minecraftforge.registries.GameData/REGISTRIES]: Applying holder lookups: pneumaticcraft:harvest_handlers
[255月2025 13:35:31.777] [main/DEBUG] [net.minecraftforge.registries.GameData/REGISTRIES]: Holder lookups applied: pneumaticcraft:harvest_handlers
[255月2025 13:35:31.777] [main/DEBUG] [net.minecraftforge.registries.GameData/REGISTRIES]: Applying holder lookups: pneumaticcraft:hoe_handlers
[255月2025 13:35:31.778] [main/DEBUG] [net.minecraftforge.registries.GameData/REGISTRIES]: Holder lookups applied: pneumaticcraft:hoe_handlers
[255月2025 13:35:31.778] [main/DEBUG] [net.minecraftforge.registries.GameData/REGISTRIES]: Applying holder lookups: pneumaticcraft:prog_widgets
[255月2025 13:35:31.778] [main/DEBUG] [net.minecraftforge.registries.GameData/REGISTRIES]: Holder lookups applied: pneumaticcraft:prog_widgets
[255月2025 13:35:31.864] [main/WARN] [net.minecraft.server.packs.VanillaPackResourcesBuilder/]: Assets URL 'union:/G:/mc-mods/maidsoulkitchen/MaidsoulKitchen-1.20.1/build/fg_cache/net/minecraftforge/forge/1.20.1-47.1.3_mapped_parchment_2023.09.03-1.20.1/forge-1.20.1-47.1.3_mapped_parchment_2023.09.03-1.20.1.jar%23191!/assets/.mcassetsroot' uses unexpected schema
[255月2025 13:35:31.865] [main/WARN] [net.minecraft.server.packs.VanillaPackResourcesBuilder/]: Assets URL 'union:/G:/mc-mods/maidsoulkitchen/MaidsoulKitchen-1.20.1/build/fg_cache/net/minecraftforge/forge/1.20.1-47.1.3_mapped_parchment_2023.09.03-1.20.1/forge-1.20.1-47.1.3_mapped_parchment_2023.09.03-1.20.1.jar%23191!/data/.mcassetsroot' uses unexpected schema
[255月2025 13:35:31.922] [main/DEBUG] [com.tterrag.registrate.providers.RegistrateDataProvider/REGISTRATE.DATA]: Gathering providers for sides: [CLIENT, SERVER]
[255月2025 13:35:31.923] [main/DEBUG] [com.tterrag.registrate.providers.RegistrateDataProvider/REGISTRATE.DATA]: Adding provider for type: recipe
[255月2025 13:35:31.924] [main/DEBUG] [com.tterrag.registrate.providers.RegistrateDataProvider/REGISTRATE.DATA]: Adding provider for type: advancement
[255月2025 13:35:31.932] [main/DEBUG] [com.tterrag.registrate.providers.RegistrateDataProvider/REGISTRATE.DATA]: Adding provider for type: loot
[255月2025 13:35:31.932] [main/DEBUG] [com.tterrag.registrate.providers.RegistrateDataProvider/REGISTRATE.DATA]: Adding provider for type: tags/block
[255月2025 13:35:31.933] [main/DEBUG] [com.tterrag.registrate.providers.RegistrateDataProvider/REGISTRATE.DATA]: Adding provider for type: tags/item
[255月2025 13:35:31.933] [main/DEBUG] [com.tterrag.registrate.providers.RegistrateDataProvider/REGISTRATE.DATA]: Adding provider for type: tags/fluid
[255月2025 13:35:31.933] [main/DEBUG] [com.tterrag.registrate.providers.RegistrateDataProvider/REGISTRATE.DATA]: Adding provider for type: tags/entity
[255月2025 13:35:31.934] [main/DEBUG] [com.tterrag.registrate.providers.RegistrateDataProvider/REGISTRATE.DATA]: Adding provider for type: registrate_generic_server_provider
[255月2025 13:35:31.935] [main/DEBUG] [com.tterrag.registrate.providers.RegistrateDataProvider/REGISTRATE.DATA]: Adding provider for type: blockstate
[255月2025 13:35:31.935] [main/DEBUG] [com.tterrag.registrate.providers.RegistrateDataProvider/REGISTRATE.DATA]: Adding provider for type: item_model
[255月2025 13:35:31.935] [main/DEBUG] [com.tterrag.registrate.providers.RegistrateDataProvider/REGISTRATE.DATA]: Adding provider for type: lang
[255月2025 13:35:31.935] [main/DEBUG] [com.tterrag.registrate.providers.RegistrateDataProvider/REGISTRATE.DATA]: Adding provider for type: registrate_generic_client_provider
[255月2025 13:35:31.936] [main/DEBUG] [com.tterrag.registrate.providers.RegistrateDataProvider/REGISTRATE.DATA]: Adding provider for type: tags/mob_effect
[255月2025 13:35:31.936] [main/DEBUG] [com.tterrag.registrate.providers.RegistrateDataProvider/REGISTRATE.DATA]: Adding provider for type: tags/attribute
[255月2025 13:35:31.936] [main/DEBUG] [com.tterrag.registrate.providers.RegistrateDataProvider/REGISTRATE.DATA]: Adding provider for type: tags/enchantment
[255月2025 13:35:31.973] [main/DEBUG] [com.tterrag.registrate.providers.RegistrateDataProvider/REGISTRATE.DATA]: Gathering providers for sides: [CLIENT, SERVER]
[255月2025 13:35:31.973] [main/DEBUG] [com.tterrag.registrate.providers.RegistrateDataProvider/REGISTRATE.DATA]: Adding provider for type: recipe
[255月2025 13:35:31.973] [main/DEBUG] [com.tterrag.registrate.providers.RegistrateDataProvider/REGISTRATE.DATA]: Adding provider for type: advancement
[255月2025 13:35:31.973] [main/DEBUG] [com.tterrag.registrate.providers.RegistrateDataProvider/REGISTRATE.DATA]: Adding provider for type: loot
[255月2025 13:35:31.974] [main/DEBUG] [com.tterrag.registrate.providers.RegistrateDataProvider/REGISTRATE.DATA]: Adding provider for type: tags/block
[255月2025 13:35:31.974] [main/DEBUG] [com.tterrag.registrate.providers.RegistrateDataProvider/REGISTRATE.DATA]: Adding provider for type: tags/item
[255月2025 13:35:31.974] [main/DEBUG] [com.tterrag.registrate.providers.RegistrateDataProvider/REGISTRATE.DATA]: Adding provider for type: tags/fluid
[255月2025 13:35:31.974] [main/DEBUG] [com.tterrag.registrate.providers.RegistrateDataProvider/REGISTRATE.DATA]: Adding provider for type: tags/entity
[255月2025 13:35:31.974] [main/DEBUG] [com.tterrag.registrate.providers.RegistrateDataProvider/REGISTRATE.DATA]: Adding provider for type: registrate_generic_server_provider
[255月2025 13:35:31.974] [main/DEBUG] [com.tterrag.registrate.providers.RegistrateDataProvider/REGISTRATE.DATA]: Adding provider for type: blockstate
[255月2025 13:35:31.974] [main/DEBUG] [com.tterrag.registrate.providers.RegistrateDataProvider/REGISTRATE.DATA]: Adding provider for type: item_model
[255月2025 13:35:31.974] [main/DEBUG] [com.tterrag.registrate.providers.RegistrateDataProvider/REGISTRATE.DATA]: Adding provider for type: lang
[255月2025 13:35:31.974] [main/DEBUG] [com.tterrag.registrate.providers.RegistrateDataProvider/REGISTRATE.DATA]: Adding provider for type: registrate_generic_client_provider
[255月2025 13:35:31.974] [main/DEBUG] [com.tterrag.registrate.providers.RegistrateDataProvider/REGISTRATE.DATA]: Adding provider for type: tags/mob_effect
[255月2025 13:35:31.974] [main/DEBUG] [com.tterrag.registrate.providers.RegistrateDataProvider/REGISTRATE.DATA]: Adding provider for type: tags/attribute
[255月2025 13:35:31.974] [main/DEBUG] [com.tterrag.registrate.providers.RegistrateDataProvider/REGISTRATE.DATA]: Adding provider for type: tags/enchantment
[255月2025 13:35:31.975] [main/DEBUG] [com.sammy.minersdelight.repack.registrate.providers.RegistrateDataProvider/REGISTRATE.DATA]: Gathering providers for sides: [CLIENT, SERVER]
[255月2025 13:35:31.976] [main/DEBUG] [com.sammy.minersdelight.repack.registrate.providers.RegistrateDataProvider/REGISTRATE.DATA]: Adding provider for type: recipe
[255月2025 13:35:31.976] [main/DEBUG] [com.sammy.minersdelight.repack.registrate.providers.RegistrateDataProvider/REGISTRATE.DATA]: Adding provider for type: advancement
[255月2025 13:35:31.976] [main/DEBUG] [com.sammy.minersdelight.repack.registrate.providers.RegistrateDataProvider/REGISTRATE.DATA]: Adding provider for type: loot
[255月2025 13:35:31.979] [main/DEBUG] [com.sammy.minersdelight.repack.registrate.providers.RegistrateDataProvider/REGISTRATE.DATA]: Adding provider for type: tags/block
[255月2025 13:35:31.979] [main/DEBUG] [com.sammy.minersdelight.repack.registrate.providers.RegistrateDataProvider/REGISTRATE.DATA]: Adding provider for type: tags/item
[255月2025 13:35:31.980] [main/DEBUG] [com.sammy.minersdelight.repack.registrate.providers.RegistrateDataProvider/REGISTRATE.DATA]: Adding provider for type: tags/fluid
[255月2025 13:35:31.980] [main/DEBUG] [com.sammy.minersdelight.repack.registrate.providers.RegistrateDataProvider/REGISTRATE.DATA]: Adding provider for type: tags/entity
[255月2025 13:35:31.980] [main/DEBUG] [com.sammy.minersdelight.repack.registrate.providers.RegistrateDataProvider/REGISTRATE.DATA]: Adding provider for type: blockstate
[255月2025 13:35:31.980] [main/DEBUG] [com.sammy.minersdelight.repack.registrate.providers.RegistrateDataProvider/REGISTRATE.DATA]: Adding provider for type: item_model
[255月2025 13:35:31.981] [main/DEBUG] [com.sammy.minersdelight.repack.registrate.providers.RegistrateDataProvider/REGISTRATE.DATA]: Adding provider for type: lang
[255月2025 13:35:32.022] [main/DEBUG] [com.tterrag.registrate.providers.RegistrateDataProvider/REGISTRATE.DATA]: Gathering providers for sides: [CLIENT, SERVER]
[255月2025 13:35:32.022] [main/DEBUG] [com.tterrag.registrate.providers.RegistrateDataProvider/REGISTRATE.DATA]: Adding provider for type: recipe
[255月2025 13:35:32.022] [main/DEBUG] [com.tterrag.registrate.providers.RegistrateDataProvider/REGISTRATE.DATA]: Adding provider for type: advancement
[255月2025 13:35:32.022] [main/DEBUG] [com.tterrag.registrate.providers.RegistrateDataProvider/REGISTRATE.DATA]: Adding provider for type: loot
[255月2025 13:35:32.022] [main/DEBUG] [com.tterrag.registrate.providers.RegistrateDataProvider/REGISTRATE.DATA]: Adding provider for type: tags/block
[255月2025 13:35:32.022] [main/DEBUG] [com.tterrag.registrate.providers.RegistrateDataProvider/REGISTRATE.DATA]: Adding provider for type: tags/item
[255月2025 13:35:32.022] [main/DEBUG] [com.tterrag.registrate.providers.RegistrateDataProvider/REGISTRATE.DATA]: Adding provider for type: tags/fluid
[255月2025 13:35:32.022] [main/DEBUG] [com.tterrag.registrate.providers.RegistrateDataProvider/REGISTRATE.DATA]: Adding provider for type: tags/entity
[255月2025 13:35:32.022] [main/DEBUG] [com.tterrag.registrate.providers.RegistrateDataProvider/REGISTRATE.DATA]: Adding provider for type: registrate_generic_server_provider
[255月2025 13:35:32.022] [main/DEBUG] [com.tterrag.registrate.providers.RegistrateDataProvider/REGISTRATE.DATA]: Adding provider for type: blockstate
[255月2025 13:35:32.022] [main/DEBUG] [com.tterrag.registrate.providers.RegistrateDataProvider/REGISTRATE.DATA]: Adding provider for type: item_model
[255月2025 13:35:32.022] [main/DEBUG] [com.tterrag.registrate.providers.RegistrateDataProvider/REGISTRATE.DATA]: Adding provider for type: lang
[255月2025 13:35:32.022] [main/DEBUG] [com.tterrag.registrate.providers.RegistrateDataProvider/REGISTRATE.DATA]: Adding provider for type: registrate_generic_client_provider
[255月2025 13:35:32.022] [main/DEBUG] [com.tterrag.registrate.providers.RegistrateDataProvider/REGISTRATE.DATA]: Adding provider for type: tags/mob_effect
[255月2025 13:35:32.022] [main/DEBUG] [com.tterrag.registrate.providers.RegistrateDataProvider/REGISTRATE.DATA]: Adding provider for type: tags/attribute
[255月2025 13:35:32.022] [main/DEBUG] [com.tterrag.registrate.providers.RegistrateDataProvider/REGISTRATE.DATA]: Adding provider for type: tags/enchantment
[255月2025 13:35:32.041] [main/DEBUG] [com.tterrag.registrate.providers.RegistrateDataProvider/REGISTRATE.DATA]: Gathering providers for sides: [CLIENT, SERVER]
[255月2025 13:35:32.041] [main/DEBUG] [com.tterrag.registrate.providers.RegistrateDataProvider/REGISTRATE.DATA]: Adding provider for type: recipe
[255月2025 13:35:32.041] [main/DEBUG] [com.tterrag.registrate.providers.RegistrateDataProvider/REGISTRATE.DATA]: Adding provider for type: advancement
[255月2025 13:35:32.041] [main/DEBUG] [com.tterrag.registrate.providers.RegistrateDataProvider/REGISTRATE.DATA]: Adding provider for type: loot
[255月2025 13:35:32.041] [main/DEBUG] [com.tterrag.registrate.providers.RegistrateDataProvider/REGISTRATE.DATA]: Adding provider for type: tags/block
[255月2025 13:35:32.041] [main/DEBUG] [com.tterrag.registrate.providers.RegistrateDataProvider/REGISTRATE.DATA]: Adding provider for type: tags/item
[255月2025 13:35:32.041] [main/DEBUG] [com.tterrag.registrate.providers.RegistrateDataProvider/REGISTRATE.DATA]: Adding provider for type: tags/fluid
[255月2025 13:35:32.041] [main/DEBUG] [com.tterrag.registrate.providers.RegistrateDataProvider/REGISTRATE.DATA]: Adding provider for type: tags/entity
[255月2025 13:35:32.041] [main/DEBUG] [com.tterrag.registrate.providers.RegistrateDataProvider/REGISTRATE.DATA]: Adding provider for type: registrate_generic_server_provider
[255月2025 13:35:32.041] [main/DEBUG] [com.tterrag.registrate.providers.RegistrateDataProvider/REGISTRATE.DATA]: Adding provider for type: blockstate
[255月2025 13:35:32.041] [main/DEBUG] [com.tterrag.registrate.providers.RegistrateDataProvider/REGISTRATE.DATA]: Adding provider for type: item_model
[255月2025 13:35:32.041] [main/DEBUG] [com.tterrag.registrate.providers.RegistrateDataProvider/REGISTRATE.DATA]: Adding provider for type: lang
[255月2025 13:35:32.041] [main/DEBUG] [com.tterrag.registrate.providers.RegistrateDataProvider/REGISTRATE.DATA]: Adding provider for type: registrate_generic_client_provider
[255月2025 13:35:32.041] [main/DEBUG] [com.tterrag.registrate.providers.RegistrateDataProvider/REGISTRATE.DATA]: Adding provider for type: tags/mob_effect
[255月2025 13:35:32.041] [main/DEBUG] [com.tterrag.registrate.providers.RegistrateDataProvider/REGISTRATE.DATA]: Adding provider for type: tags/attribute
[255月2025 13:35:32.041] [main/DEBUG] [com.tterrag.registrate.providers.RegistrateDataProvider/REGISTRATE.DATA]: Adding provider for type: tags/enchantment
[255月2025 13:35:32.041] [main/DEBUG] [com.tterrag.registrate.providers.RegistrateDataProvider/REGISTRATE.DATA]: Gathering providers for sides: [CLIENT, SERVER]
[255月2025 13:35:32.042] [main/DEBUG] [com.tterrag.registrate.providers.RegistrateDataProvider/REGISTRATE.DATA]: Adding provider for type: recipe
[255月2025 13:35:32.042] [main/DEBUG] [com.tterrag.registrate.providers.RegistrateDataProvider/REGISTRATE.DATA]: Adding provider for type: advancement
[255月2025 13:35:32.042] [main/DEBUG] [com.tterrag.registrate.providers.RegistrateDataProvider/REGISTRATE.DATA]: Adding provider for type: loot
[255月2025 13:35:32.042] [main/DEBUG] [com.tterrag.registrate.providers.RegistrateDataProvider/REGISTRATE.DATA]: Adding provider for type: tags/block
[255月2025 13:35:32.042] [main/DEBUG] [com.tterrag.registrate.providers.RegistrateDataProvider/REGISTRATE.DATA]: Adding provider for type: tags/item
[255月2025 13:35:32.042] [main/DEBUG] [com.tterrag.registrate.providers.RegistrateDataProvider/REGISTRATE.DATA]: Adding provider for type: tags/fluid
[255月2025 13:35:32.042] [main/DEBUG] [com.tterrag.registrate.providers.RegistrateDataProvider/REGISTRATE.DATA]: Adding provider for type: tags/entity
[255月2025 13:35:32.042] [main/DEBUG] [com.tterrag.registrate.providers.RegistrateDataProvider/REGISTRATE.DATA]: Adding provider for type: registrate_generic_server_provider
[255月2025 13:35:32.042] [main/DEBUG] [com.tterrag.registrate.providers.RegistrateDataProvider/REGISTRATE.DATA]: Adding provider for type: blockstate
[255月2025 13:35:32.042] [main/DEBUG] [com.tterrag.registrate.providers.RegistrateDataProvider/REGISTRATE.DATA]: Adding provider for type: item_model
[255月2025 13:35:32.042] [main/DEBUG] [com.tterrag.registrate.providers.RegistrateDataProvider/REGISTRATE.DATA]: Adding provider for type: lang
[255月2025 13:35:32.042] [main/DEBUG] [com.tterrag.registrate.providers.RegistrateDataProvider/REGISTRATE.DATA]: Adding provider for type: registrate_generic_client_provider
[255月2025 13:35:32.042] [main/DEBUG] [com.tterrag.registrate.providers.RegistrateDataProvider/REGISTRATE.DATA]: Adding provider for type: tags/mob_effect
[255月2025 13:35:32.042] [main/DEBUG] [com.tterrag.registrate.providers.RegistrateDataProvider/REGISTRATE.DATA]: Adding provider for type: tags/attribute
[255月2025 13:35:32.042] [main/DEBUG] [com.tterrag.registrate.providers.RegistrateDataProvider/REGISTRATE.DATA]: Adding provider for type: tags/enchantment
[255月2025 13:35:32.049] [main/INFO] [net.minecraft.data.DataGenerator/]: Starting provider: Tags for minecraft:damage_type mod id maidsoulkitchen
[255月2025 13:35:32.105] [main/INFO] [net.minecraft.data.DataGenerator/]: Tags for minecraft:damage_type mod id maidsoulkitchen finished after 56 ms
[255月2025 13:35:32.105] [main/INFO] [net.minecraft.data.DataGenerator/]: All providers took: 56 ms
[255月2025 13:35:32.108] [main/INFO] [net.minecraft.data.HashCache/]: Caching: total files: 3, old count: 0, new count: 2, removed stale: 2, written: 1
